customerid,orders,revenue,first_purchase,last_purchase,is_repeat_buyer
12346,12,77556.46,2009-12-14 08:34:00,2011-01-18 10:01:00,True
12347,8,5633.32,2010-10-31 14:20:00,2011-12-07 15:52:00,True
12348,5,2019.3999999999999,2010-09-27 14:59:00,2011-09-25 13:13:00,True
12349,4,4428.69,2010-04-29 13:20:00,2011-11-21 09:51:00,True
12350,1,334.4,2011-02-02 16:01:00,2011-02-02 16:01:00,False
12351,1,300.93,2010-11-29 15:23:00,2010-11-29 15:23:00,False
12352,10,2849.84,2010-11-12 10:20:00,2011-11-03 14:37:00,True
12353,2,406.76,2010-10-27 12:44:00,2011-05-19 17:47:00,True
12354,1,1079.4,2011-04-21 13:11:00,2011-04-21 13:11:00,False
12355,2,947.61,2010-05-21 11:59:00,2011-05-09 13:49:00,True
12356,6,6373.68,2010-10-11 09:42:00,2011-11-17 08:40:00,True
12357,3,18287.66,2010-11-16 10:05:00,2011-11-06 16:07:00,True
12358,5,3887.07,2009-12-08 07:59:00,2011-12-08 10:26:00,True
12359,10,8935.939999999999,2009-12-05 13:32:00,2011-10-13 12:47:00,True
12360,8,4252.889999999999,2010-02-22 09:32:00,2011-10-18 15:22:00,True
12361,4,511.25,2010-01-26 14:37:00,2011-02-25 13:51:00,True
12362,11,5356.23,2009-12-01 10:10:00,2011-12-06 15:40:00,True
12363,2,552.0,2011-04-11 13:29:00,2011-08-22 10:18:00,True
12364,4,1313.1,2011-08-19 15:24:00,2011-12-02 10:22:00,True
12365,2,641.38,2011-02-21 13:51:00,2011-02-21 14:04:00,True
12366,1,500.24,2010-03-16 10:28:00,2010-03-16 10:28:00,False
12367,1,168.9,2011-12-05 16:48:00,2011-12-05 16:48:00,False
12368,1,917.6999999999999,2010-03-21 15:56:00,2010-03-21 15:56:00,False
12369,3,1791.1499999999999,2010-03-08 08:09:00,2010-10-22 13:13:00,True
12370,7,4320.3099999999995,2010-02-09 09:41:00,2011-10-19 14:51:00,True
12371,5,4067.38,2010-03-04 18:23:00,2011-10-26 10:16:00,True
12372,3,1298.04,2011-02-16 12:46:00,2011-09-29 12:12:00,True
12373,3,1127.65,2010-02-04 12:08:00,2011-02-01 13:10:00,True
12374,4,2989.2200000000003,2010-04-30 14:01:00,2011-11-14 15:37:00,True
12375,2,457.5,2011-09-02 14:23:00,2011-11-29 10:36:00,True
12376,2,503.15,2010-10-18 08:42:00,2010-11-15 12:15:00,True
12377,4,3426.32,2010-04-29 15:34:00,2011-01-28 15:45:00,True
12378,2,5416.32,2010-05-26 14:07:00,2011-08-02 10:34:00,True
12379,4,1620.22,2010-06-23 12:49:00,2011-09-19 10:09:00,True
12380,11,9676.300000000001,2010-02-15 12:05:00,2011-11-18 11:27:00,True
12381,5,1845.31,2011-08-12 09:57:00,2011-12-05 12:44:00,True
12383,5,1850.56,2010-12-22 14:28:00,2011-06-08 08:02:00,True
12384,2,585.27,2011-08-10 11:23:00,2011-11-11 08:39:00,True
12385,1,1938.4,2010-11-25 15:14:00,2010-11-25 15:14:00,False
12386,2,660.8,2010-12-08 09:53:00,2011-01-06 12:37:00,True
12387,1,143.94,2010-10-20 16:27:00,2010-10-20 16:27:00,False
12388,8,3901.11,2010-05-06 12:54:00,2011-11-24 12:30:00,True
12389,3,1433.33,2010-02-22 10:15:00,2010-11-02 11:52:00,True
12390,1,549.84,2011-09-21 09:33:00,2011-09-21 09:33:00,False
12391,6,2773.42,2010-02-15 10:12:00,2011-11-18 12:07:00,True
12392,1,234.75000000000003,2010-04-27 14:04:00,2010-04-27 14:04:00,False
12393,6,2399.45,2010-10-07 13:49:00,2011-09-28 15:41:00,True
12394,2,1272.48,2011-05-06 14:01:00,2011-10-07 08:08:00,True
12395,15,5067.27,2010-04-16 10:16:00,2011-11-20 15:21:00,True
12396,1,931.43,2010-02-03 13:22:00,2010-02-03 13:22:00,False
12397,2,2409.8999999999996,2011-07-27 14:21:00,2011-11-04 09:52:00,True
12398,1,1635.6599999999999,2011-10-25 10:27:00,2011-10-25 10:27:00,False
12399,7,1962.3000000000002,2010-03-05 08:45:00,2011-08-12 13:15:00,True
12400,1,205.25,2010-10-21 13:45:00,2010-10-21 13:45:00,False
12401,1,84.3,2011-02-09 13:50:00,2011-02-09 13:50:00,False
12402,6,1256.9,2010-02-07 12:41:00,2011-01-20 13:49:00,True
12403,2,1019.3600000000001,2010-07-06 11:39:00,2011-10-21 10:51:00,True
12404,1,63.24,2010-01-26 16:25:00,2010-01-26 16:25:00,False
12405,1,1710.39,2011-07-14 08:52:00,2011-07-14 08:52:00,False
12406,5,6390.360000000001,2010-01-11 14:04:00,2011-11-17 19:22:00,True
12407,5,1708.12,2011-03-20 13:21:00,2011-10-21 10:11:00,True
12408,8,4340.7699999999995,2010-07-29 13:27:00,2011-11-07 12:27:00,True
12409,7,23419.29,2010-05-23 15:21:00,2011-09-22 10:38:00,True
12410,3,1013.7099999999999,2010-07-25 13:26:00,2011-02-04 10:39:00,True
12411,1,346.9,2010-10-26 09:25:00,2010-10-26 09:25:00,False
12412,6,2596.93,2010-06-18 13:22:00,2011-09-26 10:16:00,True
12413,4,999.45,2010-11-02 13:26:00,2011-10-04 09:00:00,True
12414,6,952.41,2010-09-02 12:22:00,2011-05-06 14:51:00,True
12415,28,144458.37,2010-06-30 08:30:00,2011-11-15 14:22:00,True
12416,1,202.56,2010-02-21 10:19:00,2010-02-21 10:19:00,False
12417,20,6816.91,2009-12-06 10:30:00,2011-12-06 14:52:00,True
12418,4,2021.2,2010-03-19 14:47:00,2011-08-19 11:08:00,True
12419,2,503.01,2010-10-22 10:40:00,2010-11-19 10:04:00,True
12420,1,600.39,2011-10-07 08:55:00,2011-10-07 08:55:00,False
12421,6,1098.6,2010-07-22 13:57:00,2011-11-24 09:07:00,True
12422,17,5231.8,2009-12-18 12:44:00,2011-09-05 09:48:00,True
12423,10,2622.39,2010-08-31 09:31:00,2011-12-09 10:10:00,True
12424,4,3340.03,2010-06-09 15:15:00,2011-06-30 12:06:00,True
12425,2,1741.41,2010-09-17 14:10:00,2011-09-22 17:31:00,True
12426,2,1345.21,2010-02-15 08:41:00,2011-05-29 12:26:00,True
12427,3,1129.3,2010-12-03 10:44:00,2011-11-18 08:56:00,True
12428,9,7956.46,2011-03-01 09:33:00,2011-11-14 08:22:00,True
12429,8,7485.91,2010-06-11 13:28:00,2011-11-30 17:22:00,True
12430,1,256.4,2011-10-27 15:09:00,2011-10-27 15:09:00,False
12431,27,10857.97,2010-01-15 09:04:00,2011-11-04 11:55:00,True
12432,5,5059.32,2011-06-20 13:27:00,2011-10-28 11:43:00,True
12433,10,20581.26,2010-08-20 09:23:00,2011-12-09 10:02:00,True
12434,3,1103.43,2010-11-23 13:38:00,2011-09-16 12:38:00,True
12435,6,13925.93,2009-12-02 13:58:00,2011-09-21 09:06:00,True
12436,1,509.01,2011-09-01 12:09:00,2011-09-01 12:09:00,False
12437,39,12683.4,2009-12-02 16:24:00,2011-12-08 11:35:00,True
12438,2,2906.85,2011-07-22 13:29:00,2011-11-25 13:28:00,True
12439,2,1158.18,2009-12-14 08:40:00,2010-01-26 12:11:00,True
12440,2,859.2,2009-12-22 12:03:00,2010-09-03 13:11:00,True
12441,1,347.1,2010-12-08 10:45:00,2010-12-08 10:45:00,False
12442,1,172.06,2011-12-06 14:22:00,2011-12-06 14:22:00,False
12443,1,485.31,2009-12-07 15:42:00,2009-12-07 15:42:00,False
12444,5,5005.46,2011-06-21 14:00:00,2011-11-18 13:23:00,True
12445,2,434.98,2010-10-15 12:28:00,2011-11-17 18:43:00,True
12446,1,1002.3100000000001,2011-10-13 12:50:00,2011-10-13 12:50:00,False
12447,1,476.49,2011-04-10 13:25:00,2011-04-10 13:25:00,False
12448,1,449.45,2011-10-26 13:46:00,2011-10-26 13:46:00,False
12449,6,4835.89,2010-09-27 09:37:00,2011-11-17 13:46:00,True
12450,5,688.2,2010-08-22 13:11:00,2011-07-06 14:41:00,True
12451,8,12669.88,2010-06-28 12:58:00,2011-11-29 08:40:00,True
12452,2,430.57,2011-11-23 08:05:00,2011-11-23 10:28:00,True
12453,1,707.09,2011-07-28 14:08:00,2011-07-28 14:08:00,False
12454,5,16679.78,2010-10-14 17:33:00,2011-10-14 17:13:00,True
12455,10,5879.95,2009-12-18 12:33:00,2011-09-27 15:31:00,True
12456,3,3181.04,2011-03-30 09:12:00,2011-10-26 14:41:00,True
12457,8,2995.91,2010-09-30 17:59:00,2011-10-04 13:13:00,True
12458,4,1777.49,2010-08-09 10:33:00,2011-09-29 15:25:00,True
12459,1,454.36,2010-04-13 14:53:00,2010-04-13 14:53:00,False
12460,1,326.65,2010-09-09 13:51:00,2010-09-09 13:51:00,False
12461,2,826.88,2011-07-08 10:23:00,2011-09-06 16:57:00,True
12462,2,1189.5900000000001,2011-02-09 14:44:00,2011-11-21 09:11:00,True
12463,4,1344.78,2011-04-12 12:47:00,2011-10-17 13:44:00,True
12464,8,1212.05,2011-02-03 13:30:00,2011-11-29 13:33:00,True
12465,2,742.19,2011-06-23 13:37:00,2011-11-22 16:34:00,True
12466,1,56.73,2010-01-26 16:26:00,2010-01-26 16:26:00,False
12467,1,132.8,2010-10-12 15:41:00,2010-10-12 15:41:00,False
12468,5,3670.74,2010-01-26 10:09:00,2011-06-05 11:36:00,True
12469,2,3070.54,2010-06-21 10:30:00,2010-07-05 12:40:00,True
12470,1,211.95,2010-01-19 11:01:00,2010-01-19 11:01:00,False
12471,79,39963.79,2009-12-07 10:41:00,2011-12-07 15:43:00,True
12472,19,17880.59,2009-12-14 10:49:00,2011-11-07 14:01:00,True
12473,5,3938.55,2011-06-01 10:15:00,2011-11-10 13:46:00,True
12474,31,12424.45,2010-02-11 09:41:00,2011-11-22 14:39:00,True
12475,2,1149.6399999999999,2010-10-26 08:49:00,2011-10-17 10:10:00,True
12476,23,14115.41,2010-07-26 09:04:00,2011-11-24 12:40:00,True
12477,9,20276.37,2010-03-26 14:01:00,2011-11-17 09:51:00,True
12478,1,680.99,2011-12-06 09:56:00,2011-12-06 09:56:00,False
12479,1,527.2,2011-11-28 13:26:00,2011-11-28 13:26:00,False
12480,7,5464.85,2010-07-20 13:21:00,2011-11-11 14:52:00,True
12481,15,12361.39,2010-04-11 13:10:00,2011-11-17 08:29:00,True
12482,29,23691.4,2010-02-24 10:24:00,2010-05-12 16:51:00,True
12483,19,5120.58,2010-01-31 13:28:00,2011-11-22 17:02:00,True
12484,12,6370.150000000001,2010-01-27 16:41:00,2011-11-07 11:37:00,True
12485,1,708.1,2010-06-28 15:22:00,2010-06-28 15:22:00,False
12486,1,1037.28,2010-10-04 12:14:00,2010-10-04 12:14:00,False
12487,1,285.29999999999995,2009-12-09 11:36:00,2009-12-09 11:36:00,False
12488,3,1298.66,2011-09-25 10:34:00,2011-11-30 08:50:00,True
12489,1,334.93,2011-01-07 13:13:00,2011-01-07 13:13:00,False
12490,21,9823.64,2009-12-01 12:52:00,2011-12-04 16:07:00,True
12491,1,460.40000000000003,2011-11-01 12:18:00,2011-11-01 12:18:00,False
12492,3,715.21,2010-11-01 14:58:00,2011-10-07 15:15:00,True
12493,2,433.74,2011-05-26 14:53:00,2011-06-27 10:17:00,True
12494,9,1872.8700000000001,2010-05-12 13:52:00,2011-11-24 09:34:00,True
12495,1,357.4,2010-03-09 10:53:00,2010-03-09 10:53:00,False
12496,2,54.09,2010-03-29 13:57:00,2010-03-29 14:06:00,True
12497,3,6248.5,2010-03-05 09:39:00,2011-09-19 12:29:00,True
12498,3,403.7,2011-10-13 09:30:00,2011-11-18 12:53:00,True
12499,1,393.72,2010-05-28 15:12:00,2010-05-28 15:12:00,False
12500,19,5955.21,2010-02-04 15:05:00,2011-11-16 16:20:00,True
12501,1,2169.39,2011-01-07 12:28:00,2011-01-07 12:28:00,False
12502,5,3723.87,2011-02-03 10:41:00,2011-09-05 11:52:00,True
12503,1,1126.0,2010-05-04 13:59:00,2010-05-04 13:59:00,False
12504,4,779.05,2010-04-22 10:24:00,2011-11-21 16:02:00,True
12505,1,955.2,2010-10-27 09:18:00,2010-10-27 09:18:00,False
12506,1,73.5,2011-04-21 08:54:00,2011-04-21 08:54:00,False
12507,4,1844.06,2010-05-04 09:23:00,2011-07-28 17:09:00,True
12508,2,398.27,2011-11-10 16:27:00,2011-11-13 15:37:00,True
12509,1,176.5,2011-02-28 14:45:00,2011-02-28 14:45:00,False
12510,9,5178.02,2009-12-04 13:47:00,2011-07-20 10:15:00,True
12511,1,3084.02,2010-10-07 10:39:00,2010-10-07 10:39:00,False
12512,2,138.03,2011-10-04 14:53:00,2011-10-04 14:55:00,True
12513,1,612.29,2011-08-19 10:51:00,2011-08-19 10:51:00,False
12514,2,1597.76,2010-03-08 12:18:00,2011-03-17 16:38:00,True
12515,1,383.7,2010-12-21 15:43:00,2010-12-21 15:43:00,False
12516,4,2648.62,2010-04-19 14:14:00,2011-09-23 09:13:00,True
12517,5,2502.84,2011-06-02 15:13:00,2011-11-11 14:04:00,True
12518,5,2056.89,2011-08-21 13:18:00,2011-12-09 10:13:00,True
12519,2,726.54,2010-08-20 08:21:00,2011-10-07 09:26:00,True
12520,5,2634.26,2011-03-11 11:35:00,2011-09-21 15:23:00,True
12521,1,599.68,2011-07-20 10:51:00,2011-07-20 10:51:00,False
12522,2,192.72,2011-10-19 14:41:00,2011-10-31 15:30:00,True
12523,23,4372.15,2009-12-07 13:46:00,2011-11-20 12:55:00,True
12524,17,11126.11,2010-02-08 14:41:00,2011-11-30 15:31:00,True
12525,3,973.73,2010-03-02 14:01:00,2010-07-29 16:08:00,True
12526,3,1316.6599999999999,2011-09-06 14:19:00,2011-12-09 12:09:00,True
12527,5,735.51,2010-06-28 15:37:00,2011-09-19 11:55:00,True
12528,6,1933.48,2011-01-31 09:05:00,2011-11-30 14:40:00,True
12529,1,316.48,2010-06-29 13:10:00,2010-06-29 13:10:00,False
12530,9,3759.26,2010-03-07 14:37:00,2011-10-11 12:34:00,True
12531,2,1933.2,2010-01-22 14:17:00,2011-11-25 11:12:00,True
12532,1,349.83000000000004,2011-11-09 13:47:00,2011-11-09 13:47:00,False
12533,2,1367.8899999999999,2009-12-01 11:50:00,2010-03-22 10:56:00,True
12534,1,1089.18,2011-08-01 10:26:00,2011-08-01 10:26:00,False
12535,2,716.3499999999999,2011-06-06 12:47:00,2011-09-09 08:48:00,True
12536,3,12601.830000000002,2011-10-11 14:52:00,2011-10-27 14:20:00,True
12537,1,732.94,2010-10-27 08:36:00,2010-10-27 08:36:00,False
12538,2,640.45,2010-11-26 13:02:00,2011-11-10 17:16:00,True
12539,7,11214.75,2009-12-23 13:00:00,2011-11-17 13:30:00,True
12540,33,22254.489999999998,2009-12-07 16:56:00,2011-11-20 11:31:00,True
12541,3,981.18,2011-03-04 09:32:00,2011-11-10 10:40:00,True
12542,2,481.88,2010-03-09 16:26:00,2010-08-12 19:12:00,True
12543,1,980.25,2010-09-17 15:51:00,2010-09-17 15:51:00,False
12544,1,372.7,2011-11-03 16:15:00,2011-11-03 16:15:00,False
12545,2,1000.39,2011-03-25 12:04:00,2011-09-25 13:39:00,True
12546,2,1161.5,2011-09-23 09:44:00,2011-10-24 12:09:00,True
12547,3,383.58,2010-07-27 13:55:00,2011-05-26 12:38:00,True
12548,1,95.19999999999999,2011-06-26 15:35:00,2011-06-26 15:35:00,False
12549,6,1575.68,2010-01-11 12:29:00,2010-05-13 12:05:00,True
12550,1,964.83,2011-09-21 14:35:00,2011-09-21 14:35:00,False
12551,1,168.0,2010-12-17 11:23:00,2010-12-17 11:23:00,False
12552,2,437.82,2011-10-31 12:11:00,2011-11-01 10:02:00,True
12553,12,4608.75,2010-10-12 13:35:00,2011-12-01 16:38:00,True
12554,1,468.5,2010-09-17 12:29:00,2010-09-17 12:29:00,False
12555,1,129.23,2010-01-26 16:26:00,2010-01-26 16:26:00,False
12556,2,603.71,2011-07-11 13:35:00,2011-10-20 13:06:00,True
12557,8,18716.14,2009-12-17 10:39:00,2011-11-23 16:59:00,True
12558,1,269.96,2011-12-02 10:41:00,2011-12-02 10:41:00,False
12559,2,561.71,2011-01-24 10:12:00,2011-02-02 09:49:00,True
12560,3,2134.01,2011-07-19 15:55:00,2011-12-04 13:54:00,True
12561,1,238.85,2011-02-10 11:39:00,2011-02-10 11:39:00,False
12562,9,4966.92,2010-09-30 13:13:00,2011-12-01 17:20:00,True
12563,1,249.24,2010-10-27 09:52:00,2010-10-27 09:52:00,False
12564,1,456.9,2011-03-23 14:55:00,2011-03-23 14:55:00,False
12565,1,145.92,2011-02-24 10:34:00,2011-02-24 10:34:00,False
12566,1,351.65,2011-09-14 14:30:00,2011-09-14 14:30:00,False
12567,15,13709.86,2010-02-11 10:30:00,2011-11-17 11:02:00,True
12568,1,70.0,2010-03-05 09:15:00,2010-03-05 09:15:00,False
12569,32,4124.6900000000005,2011-04-01 13:47:00,2011-12-07 16:24:00,True
12570,1,77.52,2010-01-26 17:28:00,2010-01-26 17:28:00,False
12571,2,519.61,2011-08-10 12:35:00,2011-10-31 10:19:00,True
12572,2,1020.4200000000001,2011-10-19 08:20:00,2011-12-01 09:20:00,True
12573,5,717.4100000000001,2010-08-31 17:25:00,2011-04-26 15:52:00,True
12574,1,218.45,2011-01-28 09:20:00,2011-01-28 09:20:00,False
12575,2,622.8199999999999,2010-07-01 09:15:00,2010-09-08 13:09:00,True
12576,8,2142.72,2010-07-01 13:46:00,2011-11-04 10:11:00,True
12577,8,1653.75,2009-12-03 19:31:00,2011-11-04 13:24:00,True
12578,4,4642.45,2010-09-22 11:19:00,2011-11-18 13:30:00,True
12579,1,440.42,2011-09-22 17:15:00,2011-09-22 17:15:00,False
12580,2,1052.9,2010-05-12 11:45:00,2011-04-07 10:24:00,True
12581,1,197.71,2011-10-31 08:56:00,2011-10-31 08:56:00,False
12582,4,1980.4,2010-05-11 09:55:00,2011-04-15 08:45:00,True
12583,27,14447.439999999999,2009-12-06 11:57:00,2011-12-07 08:07:00,True
12584,9,2338.15,2011-03-04 15:15:00,2011-12-06 09:35:00,True
12585,2,2040.1,2010-12-23 12:58:00,2011-04-19 13:39:00,True
12586,4,2062.67,2009-12-16 13:15:00,2011-11-22 16:24:00,True
12587,1,144.0,2011-12-02 12:47:00,2011-12-02 12:47:00,False
12588,4,958.78,2010-04-21 12:22:00,2011-10-31 15:01:00,True
12589,8,4695.66,2010-01-19 12:26:00,2011-11-11 10:19:00,True
12590,2,9864.26,2011-05-12 14:46:00,2011-05-12 14:52:00,True
12591,3,1352.15,2010-10-27 10:42:00,2011-01-26 14:35:00,True
12592,5,2582.66,2010-07-08 14:06:00,2011-09-08 15:04:00,True
12593,3,418.1,2011-05-05 09:29:00,2011-08-23 12:43:00,True
12594,15,5090.110000000001,2010-03-03 13:51:00,2011-11-02 12:20:00,True
12595,1,299.02,2010-07-23 09:10:00,2010-07-23 09:10:00,False
12596,2,618.27,2011-04-11 13:22:00,2011-10-19 13:02:00,True
12597,4,3811.22,2011-03-16 14:00:00,2011-11-20 13:33:00,True
12598,11,4534.09,2010-03-01 09:58:00,2011-11-30 12:18:00,True
12599,13,2296.7200000000003,2010-05-11 10:42:00,2011-11-10 13:34:00,True
12600,21,5043.92,2009-12-07 13:37:00,2011-11-11 10:29:00,True
12601,6,681.26,2010-10-31 10:57:00,2011-06-03 10:17:00,True
12602,1,153.12,2011-10-12 11:22:00,2011-10-12 11:22:00,False
12603,1,739.1999999999999,2011-11-18 10:42:00,2011-11-18 10:42:00,False
12604,2,254.18,2011-03-23 12:06:00,2011-09-21 14:08:00,True
12605,4,1232.95,2010-09-07 14:21:00,2010-11-28 14:18:00,True
12606,1,21.0,2010-01-26 16:23:00,2010-01-26 16:23:00,False
12607,1,1579.51,2011-10-10 16:06:00,2011-10-10 16:06:00,False
12608,1,415.79,2010-10-31 10:49:00,2010-10-31 10:49:00,False
12609,9,3435.86,2009-12-20 13:30:00,2011-09-22 16:34:00,True
12610,5,2099.54,2011-08-05 13:52:00,2011-11-17 09:34:00,True
12611,1,1193.32,2011-10-18 13:12:00,2011-10-18 13:12:00,False
12612,1,704.0400000000001,2011-09-26 15:35:00,2011-09-26 15:35:00,False
12613,10,6835.07,2009-12-14 13:10:00,2011-10-13 14:59:00,True
12614,1,315.6,2011-03-07 10:22:00,2011-03-07 10:22:00,False
12615,8,5740.9800000000005,2010-03-18 14:09:00,2011-12-07 15:02:00,True
12616,3,1131.1,2010-11-16 11:38:00,2011-09-05 15:17:00,True
12617,1,355.53,2011-11-10 14:39:00,2011-11-10 14:39:00,False
12618,1,177.31,2011-11-18 11:10:00,2011-11-18 11:10:00,False
12619,10,3781.38,2010-05-28 12:52:00,2011-11-23 14:52:00,True
12620,3,1339.4099999999999,2011-05-19 12:10:00,2011-11-25 10:20:00,True
12621,35,24775.809999999998,2010-02-09 12:01:00,2011-12-08 11:25:00,True
12622,1,180.1,2011-04-21 16:39:00,2011-04-21 16:39:00,False
12623,7,3747.84,2010-01-12 11:45:00,2011-03-08 13:50:00,True
12624,2,641.13,2011-06-15 12:34:00,2011-08-25 15:04:00,True
12625,4,5164.88,2010-04-22 11:33:00,2011-05-12 09:54:00,True
12626,9,6620.48,2011-01-17 11:01:00,2011-11-16 16:06:00,True
12627,7,4478.53,2011-07-22 13:59:00,2011-11-29 12:07:00,True
12628,3,786.46,2011-10-06 09:28:00,2011-12-05 13:15:00,True
12629,2,1558.22,2010-10-12 16:40:00,2010-11-19 09:18:00,True
12630,2,1270.88,2011-10-27 10:41:00,2011-11-30 10:48:00,True
12631,6,3481.5699999999997,2010-01-15 14:50:00,2011-10-13 13:53:00,True
12632,2,804.88,2010-05-24 09:07:00,2010-07-07 09:39:00,True
12633,7,5678.16,2010-07-02 11:44:00,2011-10-12 11:40:00,True
12634,2,490.0,2010-06-09 15:41:00,2010-06-22 10:05:00,True
12635,4,2930.41,2010-09-09 10:50:00,2011-09-11 11:04:00,True
12636,1,141.0,2009-12-01 09:55:00,2009-12-01 09:55:00,False
12637,12,8340.31,2010-06-14 13:36:00,2011-10-03 13:46:00,True
12638,2,921.49,2010-03-10 10:30:00,2011-11-06 13:11:00,True
12639,3,1312.37,2010-03-22 09:05:00,2011-04-15 12:48:00,True
12640,3,1174.5800000000002,2011-09-19 12:01:00,2011-11-16 11:52:00,True
12641,1,185.9,2011-08-16 13:26:00,2011-08-16 13:26:00,False
12642,3,1013.26,2011-08-24 09:23:00,2011-11-14 15:03:00,True
12643,12,8350.42,2010-04-07 14:16:00,2011-08-03 12:56:00,True
12644,4,1918.4900000000002,2010-01-14 13:02:00,2011-08-02 10:33:00,True
12645,8,3539.3,2010-02-09 10:49:00,2011-11-06 12:38:00,True
12646,2,1346.9699999999998,2011-10-21 12:52:00,2011-12-05 10:14:00,True
12647,36,17924.35,2010-01-13 15:06:00,2011-11-17 12:56:00,True
12648,4,1112.0,2010-01-07 18:38:00,2011-07-08 11:55:00,True
12649,8,2294.65,2010-01-12 17:24:00,2011-08-24 14:41:00,True
12650,1,314.44,2011-12-06 16:34:00,2011-12-06 16:34:00,False
12651,4,377.75,2010-08-31 15:21:00,2011-01-09 12:46:00,True
12652,2,1017.03,2010-10-01 15:16:00,2011-01-12 15:00:00,True
12653,3,4160.83,2010-07-01 09:56:00,2011-07-14 10:41:00,True
12654,5,601.98,2011-02-17 13:16:00,2011-11-29 10:10:00,True
12655,1,261.35,2010-10-12 09:17:00,2010-10-12 09:17:00,False
12656,8,6407.83,2010-05-26 09:00:00,2011-11-22 13:42:00,True
12657,4,1643.18,2011-09-22 11:40:00,2011-11-28 15:47:00,True
12658,1,686.05,2011-11-21 10:22:00,2011-11-21 10:22:00,False
12659,1,91.68,2011-11-10 11:53:00,2011-11-10 11:53:00,False
12660,1,245.1,2011-11-28 13:26:00,2011-11-28 13:26:00,False
12661,1,162.0,2010-09-29 16:46:00,2010-09-29 16:46:00,False
12662,20,6988.02,2010-04-01 09:50:00,2011-12-09 11:59:00,True
12663,2,239.4,2010-02-09 14:28:00,2010-03-25 09:40:00,True
12664,11,6070.04,2009-12-13 10:28:00,2011-12-01 17:07:00,True
12665,3,313.6,2010-02-08 15:11:00,2011-01-19 08:34:00,True
12666,1,1248.42,2010-11-10 16:40:00,2010-11-10 16:40:00,False
12667,1,620.13,2011-10-12 17:00:00,2011-10-12 17:00:00,False
12668,10,11444.68,2010-01-31 15:45:00,2011-11-28 10:56:00,True
12669,3,2744.0299999999997,2011-03-28 10:15:00,2011-07-12 09:54:00,True
12670,7,3760.29,2010-02-11 10:13:00,2011-11-29 15:23:00,True
12671,1,2622.481,2010-04-12 16:30:00,2010-04-12 16:30:00,False
12672,2,437.04999999999995,2010-04-23 09:57:00,2011-01-14 09:20:00,True
12673,3,1230.02,2010-11-03 10:46:00,2011-12-04 13:55:00,True
12674,4,1970.6,2011-05-16 09:10:00,2011-11-01 12:12:00,True
12675,2,958.5,2010-05-10 16:44:00,2010-06-04 09:49:00,True
12676,11,2843.09,2010-08-13 13:29:00,2011-11-15 12:25:00,True
12677,2,395.1,2010-02-11 13:55:00,2010-06-02 14:30:00,True
12678,21,34281.18,2010-01-07 16:46:00,2011-10-28 13:04:00,True
12679,4,1113.02,2011-03-01 12:26:00,2011-10-12 12:30:00,True
12680,4,880.81,2011-08-18 15:44:00,2011-12-09 12:50:00,True
12681,45,30868.28,2009-12-13 13:31:00,2011-11-25 11:33:00,True
12682,52,24033.91,2009-12-01 09:28:00,2011-12-06 10:00:00,True
12683,21,12696.78,2009-12-13 15:01:00,2011-12-05 16:31:00,True
12684,7,2283.63,2011-05-10 12:55:00,2011-12-02 09:53:00,True
12685,6,2863.08,2011-09-07 10:28:00,2011-11-11 13:46:00,True
12686,1,178.28,2010-12-03 09:51:00,2010-12-03 09:51:00,False
12687,2,2138.91,2010-08-16 12:10:00,2010-08-16 12:12:00,True
12688,1,4873.8099999999995,2011-08-18 08:49:00,2011-08-18 08:49:00,False
12689,2,1247.61,2011-08-04 10:04:00,2011-11-14 08:31:00,True
12690,1,389.01,2011-05-18 09:09:00,2011-05-18 09:09:00,False
12691,7,1170.4,2010-10-15 12:00:00,2011-11-11 16:49:00,True
12692,1,110.95,2010-03-12 14:02:00,2010-03-12 14:02:00,False
12693,7,1703.02,2010-07-05 13:56:00,2011-08-04 17:51:00,True
12694,3,1843.35,2010-10-14 19:39:00,2011-09-30 13:06:00,True
12695,7,1407.12,2010-02-12 13:22:00,2011-12-02 13:22:00,True
12696,2,851.91,2010-07-19 10:02:00,2010-10-01 10:43:00,True
12697,3,957.5899999999999,2011-06-23 15:44:00,2011-11-11 08:47:00,True
12698,1,339.75,2010-04-28 15:51:00,2010-04-28 15:51:00,False
12699,1,638.11,2010-10-18 12:07:00,2010-10-18 12:07:00,False
12700,4,4939.99,2011-05-08 16:10:00,2011-12-02 10:47:00,True
12701,6,2446.41,2010-03-16 13:23:00,2011-09-21 10:47:00,True
12702,1,219.0,2011-11-20 10:36:00,2011-11-20 10:36:00,False
12703,4,1006.53,2010-01-24 12:05:00,2011-09-29 17:52:00,True
12704,8,2340.84,2011-06-23 10:20:00,2011-12-02 13:15:00,True
12705,14,11762.1,2010-06-24 09:51:00,2011-11-24 13:17:00,True
12707,1,603.42,2011-02-21 08:38:00,2011-02-21 08:38:00,False
12708,18,5314.099999999999,2009-12-18 10:25:00,2011-11-10 09:52:00,True
12709,34,31093.34,2009-12-09 13:49:00,2011-11-24 15:38:00,True
12710,3,1149.02,2011-05-22 14:05:00,2011-09-04 12:00:00,True
12711,2,1339.05,2010-02-01 11:30:00,2010-04-07 11:59:00,True
12712,21,7193.66,2009-12-09 10:46:00,2011-11-11 08:19:00,True
12713,1,848.55,2011-12-09 12:16:00,2011-12-09 12:16:00,False
12714,12,14093.710000000001,2009-12-04 10:00:00,2011-11-30 15:43:00,True
12715,1,353.86,2011-08-25 15:22:00,2011-08-25 15:22:00,False
12716,2,1053.49,2011-07-29 13:28:00,2011-12-06 08:55:00,True
12717,3,1308.91,2010-04-28 14:34:00,2011-07-11 14:47:00,True
12718,1,238.25,2011-09-29 16:38:00,2011-09-29 16:38:00,False
12719,2,644.95,2011-10-05 14:50:00,2011-12-04 13:45:00,True
12720,30,8260.67,2010-07-21 09:46:00,2011-12-07 08:03:00,True
12721,8,4013.08,2010-08-25 11:07:00,2011-11-08 12:13:00,True
12722,4,997.63,2011-07-12 11:55:00,2011-09-15 14:50:00,True
12723,5,725.0699999999999,2011-10-05 15:52:00,2011-12-06 10:19:00,True
12724,7,2317.52,2010-06-22 14:00:00,2011-12-04 16:02:00,True
12725,4,2694.56,2010-05-04 13:59:00,2010-12-03 15:45:00,True
12726,11,4014.6000000000004,2010-03-25 16:25:00,2011-11-11 13:35:00,True
12727,10,5679.53,2010-02-23 09:54:00,2011-11-29 11:46:00,True
12728,5,1070.17,2010-11-21 11:34:00,2011-09-29 15:31:00,True
12729,1,453.01,2011-08-18 11:40:00,2011-08-18 11:40:00,False
12730,1,829.25,2010-07-06 12:19:00,2010-07-06 12:19:00,False
12731,17,25775.71,2010-03-02 09:23:00,2011-11-16 11:59:00,True
12732,1,236.26000000000002,2011-06-13 11:33:00,2011-06-13 11:33:00,False
12733,4,2424.87,2010-01-19 13:23:00,2011-04-19 16:19:00,True
12734,3,639.6500000000001,2010-11-12 13:26:00,2010-12-22 12:47:00,True
12735,2,779.5699999999999,2011-01-06 14:26:00,2011-01-28 13:37:00,True
12736,1,234.0,2011-01-11 07:57:00,2011-01-11 07:57:00,False
12737,2,3710.5,2010-07-29 12:27:00,2010-07-29 12:29:00,True
12738,1,310.7,2010-12-02 18:27:00,2010-12-02 18:27:00,False
12739,4,2726.73,2010-11-10 14:27:00,2011-09-22 13:00:00,True
12740,1,427.6,2011-10-07 10:44:00,2011-10-07 10:44:00,False
12741,2,406.07,2010-06-24 16:24:00,2010-06-28 14:36:00,True
12742,1,1201.52,2010-03-24 12:43:00,2010-03-24 12:43:00,False
12743,2,546.4300000000001,2011-07-28 16:06:00,2011-07-28 16:21:00,True
12744,11,25317.059999999998,2010-04-27 16:19:00,2011-10-19 11:18:00,True
12745,3,925.41,2010-01-26 16:22:00,2010-08-10 10:14:00,True
12746,1,254.55,2010-06-17 10:41:00,2010-06-17 10:41:00,False
12747,26,9276.539999999999,2009-12-07 13:23:00,2011-12-07 14:34:00,True
12748,336,56599.39,2009-12-04 17:31:00,2011-12-09 12:20:00,True
12749,9,6897.360000000001,2010-07-06 15:05:00,2011-12-06 09:56:00,True
12750,1,275.88,2011-08-03 09:13:00,2011-08-03 09:13:00,False
12751,1,268.27,2010-09-21 12:49:00,2010-09-21 12:49:00,False
12752,1,4366.78,2011-09-19 13:32:00,2011-09-19 13:32:00,False
12753,6,21429.39,2010-12-12 11:44:00,2011-11-17 10:52:00,True
12754,3,3010.74,2011-02-04 10:31:00,2011-04-18 09:00:00,True
12755,11,9030.659999999998,2010-01-15 11:57:00,2011-03-04 12:42:00,True
12756,1,112.07999999999998,2011-09-14 09:31:00,2011-09-14 09:31:00,False
12757,13,7857.1,2011-05-12 19:01:00,2011-11-24 12:30:00,True
12758,7,9903.24,2009-12-01 14:40:00,2011-08-15 10:22:00,True
12759,8,5020.74,2009-12-04 10:47:00,2011-10-18 14:49:00,True
12760,1,347.8,2010-09-10 08:50:00,2010-09-10 08:50:00,False
12761,2,782.95,2010-09-01 10:47:00,2010-09-08 12:17:00,True
12762,2,1898.52,2011-11-14 14:23:00,2011-12-02 10:23:00,True
12763,2,814.16,2010-12-05 15:46:00,2011-07-24 14:12:00,True
12764,1,1693.88,2011-01-27 10:19:00,2011-01-27 10:19:00,False
12765,6,1404.58,2010-03-08 09:43:00,2010-08-24 13:51:00,True
12766,9,10068.28,2010-10-28 09:29:00,2011-12-06 08:46:00,True
12767,1,949.82,2010-11-29 09:38:00,2010-11-29 09:38:00,False
12768,1,168.69000000000003,2010-09-15 12:08:00,2010-09-15 12:08:00,False
12769,1,1143.6,2011-04-15 10:25:00,2011-04-15 10:25:00,False
12770,2,3246.45,2010-09-09 11:43:00,2011-05-13 09:33:00,True
12771,1,282.3,2010-08-11 11:51:00,2010-08-11 11:51:00,False
12772,1,892.47,2011-10-11 09:19:00,2011-10-11 09:19:00,False
12773,1,124.25,2010-05-24 17:30:00,2010-05-24 17:30:00,False
12774,1,98.7,2010-06-22 10:38:00,2010-06-22 10:38:00,False
12775,7,1686.1200000000001,2010-10-26 14:24:00,2011-11-22 16:33:00,True
12776,1,55.5,2010-02-10 12:11:00,2010-02-10 12:11:00,False
12777,1,519.45,2010-09-08 11:35:00,2010-09-08 11:35:00,False
12778,9,1775.68,2010-04-16 09:57:00,2011-11-20 11:30:00,True
12779,14,6722.2699999999995,2009-12-03 07:25:00,2011-11-02 11:43:00,True
12780,1,337.4,2010-04-20 09:40:00,2010-04-20 09:40:00,False
12781,2,826.74,2011-02-28 08:43:00,2011-10-07 10:37:00,True
12782,11,4618.24,2010-07-08 13:31:00,2011-12-05 09:16:00,True
12783,6,2225.91,2011-09-25 15:35:00,2011-12-07 15:56:00,True
12784,3,1804.75,2010-06-28 13:06:00,2011-11-30 15:38:00,True
12785,3,1100.4,2009-12-08 13:56:00,2010-12-10 13:48:00,True
12786,1,728.5,2010-04-09 12:12:00,2010-04-09 12:12:00,False
12787,4,862.18,2010-10-22 14:57:00,2011-11-30 08:44:00,True
12788,4,444.9,2010-06-29 13:05:00,2010-09-02 14:21:00,True
12789,3,273.35,2010-01-15 12:06:00,2011-10-05 13:34:00,True
12790,2,591.85,2010-10-25 13:04:00,2011-05-31 14:14:00,True
12791,6,1056.1100000000001,2010-03-25 17:29:00,2010-12-01 11:27:00,True
12792,2,827.01,2010-06-23 10:49:00,2011-03-28 11:36:00,True
12793,3,1017.33,2010-11-03 13:05:00,2011-01-09 12:12:00,True
12794,2,860.41,2011-09-02 12:01:00,2011-10-17 14:54:00,True
12795,1,430.48,2011-11-21 10:27:00,2011-11-21 10:27:00,False
12796,1,381.0,2010-03-21 15:49:00,2010-03-21 15:49:00,False
12797,2,806.11,2010-10-11 12:53:00,2010-12-09 10:55:00,True
12798,4,8510.93,2010-10-14 12:27:00,2011-11-29 15:52:00,True
12799,1,219.35,2010-06-28 15:57:00,2010-06-28 15:57:00,False
12800,3,584.25,2010-02-01 11:02:00,2010-08-26 14:11:00,True
12801,1,1071.82,2010-07-27 09:38:00,2010-07-27 09:38:00,False
12802,7,2416.42,2010-05-25 09:34:00,2011-06-06 09:36:00,True
12803,1,1092.81,2010-11-11 14:57:00,2010-11-11 14:57:00,False
12804,2,327.02,2010-07-27 13:52:00,2010-08-31 11:58:00,True
12805,4,1434.95,2010-02-03 09:06:00,2010-11-23 12:27:00,True
12806,4,2878.96,2010-04-30 10:44:00,2010-09-30 13:34:00,True
12807,1,330.35,2010-11-21 14:21:00,2010-11-21 14:21:00,False
12808,5,906.1,2010-09-03 10:24:00,2011-11-03 10:05:00,True
12809,3,1755.94,2010-03-02 14:19:00,2011-06-15 10:51:00,True
12810,2,534.99,2010-02-01 09:52:00,2010-06-23 10:53:00,True
12811,5,1033.9,2010-10-08 12:20:00,2011-03-24 09:42:00,True
12812,1,229.64000000000001,2011-10-26 09:54:00,2011-10-26 09:54:00,False
12813,3,1687.8000000000002,2010-01-15 16:52:00,2010-07-26 09:50:00,True
12814,1,125.92,2011-08-30 12:11:00,2011-08-30 12:11:00,False
12815,2,1063.46,2011-05-25 13:34:00,2011-07-15 10:21:00,True
12816,2,572.2,2011-06-16 13:24:00,2011-09-05 12:41:00,True
12817,3,690.98,2010-10-01 08:57:00,2011-03-03 16:28:00,True
12818,1,1542.08,2011-03-23 12:06:00,2011-03-23 12:06:00,False
12819,1,540.52,2010-09-07 15:20:00,2010-09-07 15:20:00,False
12820,11,2689.52,2009-12-05 13:37:00,2011-12-06 15:12:00,True
12821,2,220.79999999999998,2010-04-07 15:14:00,2011-05-09 15:51:00,True
12822,2,948.88,2011-09-13 13:46:00,2011-09-30 10:04:00,True
12823,18,6501.5,2010-01-29 12:52:00,2011-09-26 07:35:00,True
12824,1,397.12,2011-10-11 12:49:00,2011-10-11 12:49:00,False
12825,2,518.63,2010-03-08 10:17:00,2010-07-06 13:56:00,True
12826,12,2955.75,2009-12-18 10:43:00,2011-12-07 10:25:00,True
12827,3,430.15,2011-10-26 15:44:00,2011-12-04 12:17:00,True
12828,6,1018.71,2011-08-01 16:16:00,2011-12-07 08:45:00,True
12829,3,385.3,2010-06-07 15:04:00,2011-01-07 11:13:00,True
12830,6,6814.64,2011-06-21 10:53:00,2011-11-02 11:54:00,True
12831,3,451.11,2010-09-02 15:58:00,2011-03-22 13:02:00,True
12832,2,383.03000000000003,2011-09-02 13:48:00,2011-11-07 13:30:00,True
12833,1,417.38,2011-07-17 13:46:00,2011-07-17 13:46:00,False
12834,1,312.38,2011-03-02 09:49:00,2011-03-02 09:49:00,False
12835,41,6043.31,2009-12-03 12:13:00,2010-10-08 10:59:00,True
12836,15,6585.62,2009-12-01 14:19:00,2011-10-11 15:10:00,True
12837,2,688.41,2010-05-19 15:10:00,2011-06-19 16:07:00,True
12838,10,3398.48,2010-04-26 09:59:00,2011-11-06 12:20:00,True
12839,26,10071.73,2009-12-07 09:18:00,2011-12-07 12:33:00,True
12840,7,4041.97,2010-02-03 14:51:00,2011-07-19 09:29:00,True
12841,40,7540.68,2010-07-08 15:38:00,2011-12-05 11:13:00,True
12842,4,1917.99,2009-12-02 08:15:00,2011-09-30 15:33:00,True
12843,30,6588.41,2009-12-13 11:41:00,2011-10-05 12:09:00,True
12844,4,648.6,2010-04-25 11:51:00,2011-11-10 13:31:00,True
12845,4,354.09,2011-02-22 14:10:00,2011-03-17 13:34:00,True
12846,1,15.58,2010-01-26 16:29:00,2010-01-26 16:29:00,False
12847,2,1636.9,2010-11-17 12:44:00,2011-11-17 13:16:00,True
12848,1,208.0,2010-02-02 12:45:00,2010-02-02 12:45:00,False
12849,6,3090.56,2010-04-27 13:44:00,2011-11-08 13:41:00,True
12850,1,330.0,2010-09-20 12:26:00,2010-09-20 12:26:00,False
12851,2,284.13,2010-08-19 15:13:00,2011-09-04 12:41:00,True
12852,1,311.55,2011-02-18 08:47:00,2011-02-18 08:47:00,False
12853,11,3907.5,2010-02-05 11:57:00,2011-07-28 11:29:00,True
12854,7,2994.02,2009-12-11 12:55:00,2011-09-22 12:15:00,True
12855,4,650.94,2010-11-02 18:16:00,2010-12-02 09:37:00,True
12856,6,2179.93,2011-10-07 12:38:00,2011-12-02 10:52:00,True
12857,6,3688.0,2010-01-25 15:37:00,2011-05-13 10:20:00,True
12858,1,177.92,2010-11-21 12:55:00,2010-11-21 12:55:00,False
12859,1,575.1,2010-09-07 12:20:00,2010-09-07 12:20:00,False
12860,1,55.47,2010-01-15 15:22:00,2010-01-15 15:22:00,False
12861,1,68.25,2010-03-30 11:39:00,2010-03-30 11:39:00,False
12862,2,1008.3199999999999,2010-08-01 15:20:00,2010-10-10 11:47:00,True
12863,6,2792.55,2010-04-29 13:54:00,2011-10-18 14:15:00,True
12864,2,299.57,2010-07-19 17:22:00,2011-07-24 13:03:00,True
12865,4,3323.4700000000003,2010-08-20 12:20:00,2011-11-13 14:31:00,True
12866,3,1227.35,2010-07-25 11:37:00,2011-03-01 14:11:00,True
12867,13,7913.29,2009-12-16 16:25:00,2011-11-13 15:30:00,True
12868,8,2247.0600000000004,2010-11-12 10:05:00,2011-06-07 10:42:00,True
12869,1,337.66999999999996,2010-01-27 12:10:00,2010-01-27 12:10:00,False
12870,3,1676.95,2010-03-25 14:32:00,2010-11-29 13:42:00,True
12871,3,744.02,2010-09-26 10:34:00,2011-09-16 15:07:00,True
12872,12,3685.4900000000002,2009-12-03 20:03:00,2011-01-17 10:52:00,True
12873,3,2027.3000000000002,2010-01-27 09:50:00,2011-03-02 14:58:00,True
12874,2,948.42,2010-06-03 12:51:00,2010-11-19 15:23:00,True
12875,5,1356.99,2010-01-11 12:37:00,2011-07-19 15:30:00,True
12876,4,4081.79,2010-04-28 13:26:00,2011-10-13 12:26:00,True
12877,20,2955.17,2010-01-18 10:23:00,2011-12-06 10:30:00,True
12878,2,854.99,2011-03-18 14:02:00,2011-04-17 13:07:00,True
12879,3,573.22,2011-09-09 12:11:00,2011-10-26 12:24:00,True
12880,2,640.13,2010-05-14 11:57:00,2010-11-23 10:50:00,True
12881,1,298.0,2011-03-09 11:44:00,2011-03-09 11:44:00,False
12882,2,1463.04,2011-11-06 11:22:00,2011-11-30 16:18:00,True
12883,4,703.47,2011-09-11 15:18:00,2011-11-15 09:32:00,True
12884,1,309.05,2011-09-12 13:10:00,2011-09-12 13:10:00,False
12885,3,1175.22,2011-08-08 11:45:00,2011-10-07 13:40:00,True
12886,2,1378.4,2011-05-04 11:21:00,2011-10-03 10:09:00,True
12887,1,222.4,2010-11-21 11:18:00,2010-11-21 11:18:00,False
12888,2,354.12,2011-03-29 14:31:00,2011-05-09 16:02:00,True
12889,4,385.46000000000004,2010-07-25 14:32:00,2010-11-23 16:08:00,True
12890,2,717.27,2010-11-17 14:05:00,2011-11-15 17:26:00,True
12891,11,840.5,2010-02-18 14:32:00,2011-06-07 12:31:00,True
12892,1,263.38,2010-11-08 09:51:00,2010-11-08 09:51:00,False
12893,1,188.14,2011-11-09 12:34:00,2011-11-09 12:34:00,False
12894,1,157.35,2010-05-13 14:47:00,2010-05-13 14:47:00,False
12895,2,372.8,2011-09-14 08:35:00,2011-10-28 13:51:00,True
12897,4,514.25,2010-06-14 11:58:00,2011-05-19 12:13:00,True
12898,2,310.96000000000004,2010-02-18 12:36:00,2010-09-02 08:08:00,True
12899,1,366.4,2010-10-22 09:53:00,2010-10-22 09:53:00,False
12900,1,340.33,2010-10-13 15:17:00,2010-10-13 15:17:00,False
12901,28,17654.54,2011-03-14 10:41:00,2011-12-01 10:07:00,True
12902,1,138.68,2011-03-20 12:06:00,2011-03-20 12:06:00,False
12903,1,833.53,2010-10-07 12:39:00,2010-10-07 12:39:00,False
12904,2,509.58,2011-06-20 13:18:00,2011-11-21 14:34:00,True
12905,2,1018.42,2010-01-26 14:06:00,2010-05-12 10:05:00,True
12906,5,2919.81,2011-09-22 15:03:00,2011-11-28 09:55:00,True
12907,2,508.90999999999997,2010-08-02 14:33:00,2010-11-09 12:08:00,True
12908,5,1776.0,2010-03-19 15:59:00,2011-06-16 15:39:00,True
12909,8,3103.19,2010-02-24 12:14:00,2011-10-31 12:43:00,True
12910,13,5796.52,2010-03-28 13:10:00,2011-11-16 14:28:00,True
12911,1,1680.47,2010-06-06 12:13:00,2010-06-06 12:13:00,False
12912,5,1662.3,2011-10-30 11:35:00,2011-12-07 08:55:00,True
12913,13,6700.860000000001,2009-12-01 12:18:00,2011-12-05 12:11:00,True
12914,1,223.98,2010-11-04 12:28:00,2010-11-04 12:28:00,False
12915,4,1174.75,2010-04-29 19:36:00,2011-07-14 11:34:00,True
12916,7,4654.0199999999995,2010-01-24 11:26:00,2011-07-24 10:35:00,True
12917,6,4359.2,2009-12-09 14:22:00,2011-08-03 16:42:00,True
12918,1,10953.5,2010-03-23 15:22:00,2010-03-23 15:22:00,False
12919,6,1335.19,2011-06-23 09:22:00,2011-12-01 13:47:00,True
12920,4,488.09000000000003,2009-12-14 15:58:00,2011-11-22 15:05:00,True
12921,74,35921.04,2009-12-01 13:43:00,2011-11-30 16:22:00,True
12922,1,405.38,2011-07-01 15:35:00,2011-07-01 15:35:00,False
12923,3,789.87,2010-05-13 14:55:00,2011-10-06 16:20:00,True
12924,12,2469.4,2009-12-09 12:40:00,2011-09-12 13:55:00,True
12925,3,729.3299999999999,2010-04-26 10:32:00,2011-12-05 11:11:00,True
12926,4,1548.46,2009-12-14 14:35:00,2010-10-24 15:57:00,True
12927,1,197.31,2010-11-10 10:02:00,2010-11-10 10:02:00,False
12928,12,4304.89,2010-06-08 10:16:00,2011-11-04 14:24:00,True
12929,1,117.85,2011-02-01 12:08:00,2011-02-01 12:08:00,False
12930,2,415.8,2011-06-21 13:25:00,2011-09-22 15:18:00,True
12931,57,92347.34,2009-12-01 11:46:00,2011-11-18 12:39:00,True
12932,8,1698.56,2010-02-10 08:46:00,2010-06-18 14:22:00,True
12933,8,1687.03,2009-12-10 16:39:00,2011-11-15 16:38:00,True
12934,1,181.65,2009-12-03 10:51:00,2009-12-03 10:51:00,False
12935,15,4243.86,2010-04-11 15:59:00,2011-12-07 17:25:00,True
12936,4,1063.9,2011-09-22 13:51:00,2011-11-22 17:32:00,True
12937,9,3097.61,2009-12-03 15:43:00,2011-11-24 15:05:00,True
12938,1,114.14,2011-11-14 11:21:00,2011-11-14 11:21:00,False
12939,20,25264.8,2010-01-12 11:27:00,2011-10-06 14:33:00,True
12940,2,913.54,2011-09-13 10:16:00,2011-10-16 12:09:00,True
12941,1,377.49,2009-12-15 13:12:00,2009-12-15 13:12:00,False
12942,3,942.65,2010-12-09 09:34:00,2011-07-31 14:39:00,True
12943,2,496.5,2010-04-13 11:03:00,2010-05-30 13:52:00,True
12944,2,604.51,2010-12-20 10:41:00,2011-11-04 11:04:00,True
12945,2,900.11,2010-02-21 15:18:00,2011-02-24 14:15:00,True
12946,1,324.45,2010-09-29 10:14:00,2010-09-29 10:14:00,False
12947,6,1908.0300000000002,2010-12-01 16:21:00,2011-07-19 10:06:00,True
12948,9,2317.4300000000003,2009-12-02 12:28:00,2011-11-23 17:10:00,True
12949,22,15526.699999999999,2009-12-03 15:56:00,2011-11-09 11:25:00,True
12950,3,1843.0,2011-11-15 13:48:00,2011-12-07 13:17:00,True
12951,15,3213.7200000000003,2010-01-10 12:43:00,2011-12-01 12:14:00,True
12952,4,1387.79,2011-09-22 16:37:00,2011-12-04 10:35:00,True
12953,2,828.8100000000001,2010-07-05 13:37:00,2011-11-30 09:24:00,True
12954,1,162.45,2010-03-11 10:16:00,2010-03-11 10:16:00,False
12955,11,4757.16,2011-03-17 09:03:00,2011-12-08 16:29:00,True
12956,4,521.89,2009-12-15 19:03:00,2011-02-06 16:08:00,True
12957,13,8706.97,2009-12-11 12:01:00,2011-11-30 09:53:00,True
12958,2,539.49,2010-05-05 16:22:00,2010-11-04 16:16:00,True
12959,1,150.95,2010-08-12 17:20:00,2010-08-12 17:20:00,False
12960,4,1322.0700000000002,2010-02-16 13:32:00,2010-10-22 09:31:00,True
12961,1,211.99,2010-11-25 16:44:00,2010-11-25 16:44:00,False
12962,2,266.39000000000004,2011-08-18 13:38:00,2011-12-02 15:55:00,True
12963,12,3601.59,2010-07-08 14:45:00,2011-12-01 12:55:00,True
12964,1,132.24,2010-09-28 17:47:00,2010-09-28 17:47:00,False
12965,1,771.91,2011-09-11 15:31:00,2011-09-11 15:31:00,False
12966,1,160.18,2011-11-30 12:38:00,2011-11-30 12:38:00,False
12967,3,4306.92,2010-11-21 11:03:00,2010-12-16 19:10:00,True
12968,1,135.95,2011-08-19 15:44:00,2011-08-19 15:44:00,False
12969,1,122.45,2010-04-16 10:50:00,2010-04-16 10:50:00,False
12970,10,1524.97,2009-12-04 14:19:00,2011-12-02 14:30:00,True
12971,116,15972.79,2009-12-15 19:04:00,2011-12-06 12:20:00,True
12972,4,1161.2,2010-02-16 14:30:00,2010-10-22 08:41:00,True
12973,1,385.55,2010-10-22 10:14:00,2010-10-22 10:14:00,False
12974,2,408.95,2010-05-23 11:45:00,2011-05-26 09:33:00,True
12975,6,2100.09,2009-12-06 10:38:00,2010-09-29 09:46:00,True
12976,8,3156.38,2010-02-12 15:46:00,2011-05-12 09:55:00,True
12977,4,517.63,2010-07-16 16:25:00,2011-07-06 16:40:00,True
12978,5,2502.82,2009-12-10 12:10:00,2010-11-19 14:29:00,True
12979,1,517.7,2009-12-10 15:45:00,2009-12-10 15:45:00,False
12980,21,16245.78,2009-12-02 11:26:00,2011-07-05 09:34:00,True
12981,2,372.22,2011-07-29 14:14:00,2011-11-10 12:00:00,True
12982,8,2744.81,2010-04-12 13:50:00,2011-04-11 11:51:00,True
12983,1,490.08000000000004,2010-04-20 12:58:00,2010-04-20 12:58:00,False
12984,1,97.5,2011-11-21 12:37:00,2011-11-21 12:37:00,False
12985,2,1239.38,2011-11-11 12:44:00,2011-12-09 10:46:00,True
12986,10,2729.84,2010-01-21 10:45:00,2010-10-07 11:57:00,True
12987,5,1312.21,2010-01-20 09:57:00,2011-09-27 12:03:00,True
12988,1,535.32,2011-02-20 14:31:00,2011-02-20 14:31:00,False
12989,33,13551.75,2009-12-10 13:27:00,2011-12-06 15:28:00,True
12990,7,955.5,2010-03-30 11:36:00,2011-11-08 13:01:00,True
12991,3,764.8199999999999,2010-11-15 13:43:00,2011-11-16 15:34:00,True
12992,1,93.35000000000001,2009-12-14 16:46:00,2009-12-14 16:46:00,False
12993,8,1259.6299999999999,2010-02-18 10:35:00,2011-11-16 15:49:00,True
12994,3,974.4200000000001,2011-03-16 08:31:00,2011-12-05 15:43:00,True
12995,1,211.32,2011-09-15 15:44:00,2011-09-15 15:44:00,False
12996,1,355.5,2010-11-29 09:27:00,2010-11-29 09:27:00,False
12997,8,2110.91,2010-04-06 11:06:00,2011-11-17 15:47:00,True
12998,3,920.08,2010-02-24 11:55:00,2010-08-04 08:05:00,True
12999,3,455.88,2011-04-08 10:26:00,2011-05-27 13:24:00,True
13000,4,1032.5,2009-12-14 17:03:00,2011-08-25 10:43:00,True
13001,33,24172.100000000002,2009-12-03 16:21:00,2011-12-05 14:51:00,True
13002,3,414.13,2010-10-01 11:58:00,2011-01-25 15:18:00,True
13003,3,149.05,2011-05-09 08:23:00,2011-08-26 10:50:00,True
13004,36,11650.85,2009-12-15 09:44:00,2011-11-28 11:27:00,True
13005,4,999.6800000000001,2010-09-08 12:52:00,2011-06-19 10:53:00,True
13006,1,81.57,2011-10-14 13:49:00,2011-10-14 13:49:00,False
13007,1,175.25,2010-05-09 10:38:00,2010-05-09 10:38:00,False
13008,3,612.13,2009-12-16 16:07:00,2011-01-20 14:24:00,True
13009,1,234.0,2010-02-05 12:22:00,2010-02-05 12:22:00,False
13010,2,330.12,2010-03-01 11:28:00,2010-11-30 15:09:00,True
13011,1,101.10000000000001,2010-12-02 17:22:00,2010-12-02 17:22:00,False
13012,11,2972.83,2010-04-26 14:14:00,2011-11-30 13:05:00,True
13013,29,12625.77,2009-12-14 10:34:00,2011-12-08 15:01:00,True
13014,11,5381.08,2010-10-03 11:35:00,2011-11-29 12:27:00,True
13015,11,6586.42,2010-04-15 16:35:00,2011-10-17 13:19:00,True
13016,3,789.89,2011-08-08 15:00:00,2011-09-27 14:08:00,True
13017,1,204.0,2011-12-02 15:53:00,2011-12-02 15:53:00,False
13018,35,9763.16,2010-03-01 12:34:00,2011-11-23 13:28:00,True
13019,6,1229.95,2009-12-06 15:40:00,2010-11-25 14:56:00,True
13020,2,618.96,2010-02-18 10:35:00,2010-05-26 11:12:00,True
13021,17,4887.24,2009-12-05 12:02:00,2011-12-05 16:37:00,True
13022,1,65.3,2010-10-06 10:50:00,2010-10-06 10:50:00,False
13023,3,1449.03,2010-06-29 09:51:00,2011-10-06 16:27:00,True
13024,2,555.87,2010-05-06 14:25:00,2010-08-26 09:42:00,True
13025,1,323.39,2009-12-08 10:02:00,2009-12-08 10:02:00,False
13026,9,1733.0800000000002,2009-12-13 11:34:00,2011-12-08 16:58:00,True
13027,19,17335.2,2010-01-20 10:41:00,2011-08-18 09:39:00,True
13028,2,661.3199999999999,2011-10-25 14:09:00,2011-11-17 11:10:00,True
13029,5,1927.3,2010-07-04 13:46:00,2011-11-09 09:13:00,True
13030,2,1227.22,2010-12-06 14:31:00,2011-11-28 14:30:00,True
13031,5,3419.27,2010-06-03 14:57:00,2010-10-28 15:34:00,True
13032,9,2843.55,2010-09-05 14:01:00,2011-10-18 15:54:00,True
13033,2,220.55,2010-10-06 09:37:00,2010-12-17 14:23:00,True
13034,3,922.6800000000001,2010-11-03 15:22:00,2011-10-16 12:21:00,True
13035,3,1364.2,2010-10-04 15:41:00,2011-09-27 08:57:00,True
13036,1,307.1,2010-01-24 11:35:00,2010-01-24 11:35:00,False
13037,12,3914.9500000000003,2009-12-03 17:04:00,2011-07-24 15:46:00,True
13038,3,908.46,2011-02-22 11:43:00,2011-09-20 14:37:00,True
13039,4,1010.73,2009-12-17 16:43:00,2010-05-04 16:45:00,True
13040,2,676.99,2011-11-06 13:53:00,2011-12-01 10:38:00,True
13041,4,799.13,2010-04-29 08:43:00,2010-09-15 11:44:00,True
13042,3,1556.54,2009-12-07 15:42:00,2010-04-20 13:43:00,True
13043,1,516.42,2011-03-11 14:52:00,2011-03-11 14:52:00,False
13044,11,4853.9,2010-01-08 14:46:00,2011-02-21 15:20:00,True
13045,3,808.9200000000001,2010-08-10 13:02:00,2011-09-01 15:04:00,True
13046,3,949.25,2010-09-09 13:09:00,2011-11-09 08:36:00,True
13047,24,8795.16,2009-12-16 11:43:00,2011-11-08 12:06:00,True
13048,9,4084.21,2010-01-27 12:55:00,2011-11-25 13:23:00,True
13049,4,1408.24,2010-11-03 15:39:00,2011-10-06 15:31:00,True
13050,35,12344.53,2009-12-15 15:06:00,2011-11-25 09:18:00,True
13051,2,155.8,2010-03-30 11:11:00,2010-05-10 09:14:00,True
13052,7,3168.53,2010-02-23 12:31:00,2011-05-11 14:12:00,True
13053,1,127.65,2010-03-28 11:28:00,2010-03-28 11:28:00,False
13055,4,2321.11,2010-10-06 08:17:00,2011-09-22 14:26:00,True
13056,1,209.48,2010-06-06 14:10:00,2010-06-06 14:10:00,False
13057,3,722.09,2010-03-18 12:14:00,2010-06-27 15:44:00,True
13058,3,271.4,2011-07-11 12:01:00,2011-11-15 12:43:00,True
13059,10,2303.17,2010-03-31 12:23:00,2011-04-04 10:40:00,True
13060,1,307.53,2011-03-31 11:37:00,2011-03-31 11:37:00,False
13061,1,248.61,2011-09-28 16:04:00,2011-09-28 16:04:00,False
13062,1,346.98,2011-06-01 15:12:00,2011-06-01 15:12:00,False
13063,1,188.4,2010-08-16 12:27:00,2010-08-16 12:27:00,False
13064,6,1680.74,2010-04-27 10:08:00,2011-11-27 12:31:00,True
13065,5,1260.91,2010-06-10 11:44:00,2010-12-01 16:52:00,True
13066,2,470.8,2011-11-07 17:06:00,2011-11-15 12:57:00,True
13067,3,508.51,2010-09-19 13:43:00,2011-09-18 13:38:00,True
13068,2,344.0,2011-01-24 08:20:00,2011-11-29 15:00:00,True
13069,38,9683.13,2010-06-14 14:27:00,2011-12-09 08:39:00,True
13070,4,751.7,2009-12-07 14:44:00,2011-05-31 13:45:00,True
13071,1,129.22,2010-04-06 13:37:00,2010-04-06 13:37:00,False
13072,1,177.15,2011-03-18 08:12:00,2011-03-18 08:12:00,False
13073,2,418.08,2010-09-28 09:27:00,2010-10-24 14:06:00,True
13074,4,1378.74,2009-12-16 11:46:00,2010-07-16 16:53:00,True
13075,1,919.61,2011-08-02 10:19:00,2011-08-02 10:19:00,False
13076,1,135.4,2010-09-08 10:27:00,2010-09-08 10:27:00,False
13077,11,3064.67,2009-12-11 11:17:00,2011-12-08 19:24:00,True
13078,57,29532.45,2009-12-01 09:06:00,2011-12-06 15:36:00,True
13079,6,419.18,2010-10-18 14:15:00,2011-12-05 16:53:00,True
13080,4,280.73,2010-04-09 13:07:00,2011-06-13 14:59:00,True
13081,28,59205.15,2009-12-08 13:58:00,2011-11-28 10:54:00,True
13082,21,7335.75,2009-12-22 15:37:00,2011-08-05 16:16:00,True
13083,3,395.43,2010-10-10 13:38:00,2011-12-05 15:01:00,True
13084,1,122.39999999999999,2010-08-05 08:49:00,2010-08-05 08:49:00,False
13085,8,2433.2799999999997,2009-12-01 07:45:00,2011-07-05 12:11:00,True
13086,1,439.33000000000004,2010-11-22 10:28:00,2010-11-22 10:28:00,False
13087,1,313.64,2009-12-13 15:16:00,2009-12-13 15:16:00,False
13088,1,236.11,2010-10-18 15:35:00,2010-10-18 15:35:00,False
13089,203,116737.86,2009-12-02 15:44:00,2011-12-07 09:02:00,True
13090,24,14103.09,2010-08-02 13:58:00,2011-12-01 12:39:00,True
13091,3,2321.82,2009-12-10 11:50:00,2011-11-11 15:54:00,True
13092,12,2140.28,2010-02-10 08:44:00,2011-09-30 11:18:00,True
13093,55,54943.65,2009-12-04 10:32:00,2011-03-09 12:14:00,True
13094,13,2433.1200000000003,2010-11-15 14:15:00,2011-11-18 14:07:00,True
13095,1,74.39999999999999,2011-09-30 12:03:00,2011-09-30 12:03:00,False
13096,1,419.70000000000005,2010-11-10 14:08:00,2010-11-10 14:08:00,False
13097,28,13389.22,2009-12-01 13:31:00,2011-11-07 10:43:00,True
13098,28,28882.44,2011-01-26 13:46:00,2011-12-08 14:14:00,True
13099,1,207.35999999999999,2011-09-01 17:40:00,2011-09-01 17:40:00,False
13101,4,695.4,2010-01-27 15:49:00,2011-04-19 14:37:00,True
13102,37,11696.92,2010-05-06 13:12:00,2011-12-08 12:52:00,True
13103,3,709.6400000000001,2010-05-11 14:41:00,2011-10-31 09:38:00,True
13104,9,1709.1,2010-02-24 15:06:00,2011-12-06 13:10:00,True
13105,1,72.0,2010-09-29 13:41:00,2010-09-29 13:41:00,False
13106,2,603.46,2010-10-22 13:10:00,2011-07-29 15:12:00,True
13107,9,5253.07,2010-02-04 10:50:00,2011-10-26 14:52:00,True
13108,2,1098.52,2010-09-30 17:09:00,2010-12-02 10:35:00,True
13109,3,1134.03,2010-06-06 12:59:00,2011-10-11 10:16:00,True
13110,12,2957.4700000000003,2009-12-01 14:14:00,2011-11-08 14:30:00,True
13111,1,321.88000000000005,2009-12-21 09:00:00,2009-12-21 09:00:00,False
13112,1,20.6,2010-06-16 17:03:00,2010-06-16 17:03:00,False
13113,37,18625.73,2010-03-28 16:13:00,2011-12-09 12:49:00,True
13114,1,234.38,2009-12-09 09:56:00,2009-12-09 09:56:00,False
13115,10,5494.7,2010-04-19 13:29:00,2011-11-28 12:38:00,True
13116,1,501.14,2011-07-24 14:33:00,2011-07-24 14:33:00,False
13117,18,2643.81,2010-03-26 13:50:00,2011-11-18 12:02:00,True
13118,9,2415.41,2010-09-26 15:46:00,2011-11-20 12:46:00,True
13119,1,134.9,2010-02-09 08:38:00,2010-02-09 08:38:00,False
13120,1,30.599999999999998,2011-04-15 10:19:00,2011-04-15 10:19:00,False
13121,1,283.73,2011-03-15 16:47:00,2011-03-15 16:47:00,False
13122,2,922.39,2011-04-13 14:12:00,2011-09-06 15:53:00,True
13123,2,506.75,2010-06-28 12:43:00,2010-08-24 10:18:00,True
13124,4,4782.45,2010-11-19 15:50:00,2011-09-11 12:45:00,True
13125,1,158.57,2010-07-04 11:58:00,2010-07-04 11:58:00,False
13126,13,3998.25,2010-03-02 12:24:00,2011-12-05 10:00:00,True
13127,1,259.17,2011-09-23 10:26:00,2011-09-23 10:26:00,False
13128,1,263.5,2010-03-18 15:08:00,2010-03-18 15:08:00,False
13129,2,233.25,2010-06-28 11:54:00,2010-09-13 13:47:00,True
13130,1,64.0,2011-09-06 15:30:00,2011-09-06 15:30:00,False
13131,7,3313.77,2010-02-09 09:47:00,2011-11-16 13:21:00,True
13132,1,77.3,2011-03-23 12:44:00,2011-03-23 12:44:00,False
13133,3,200.45000000000002,2010-09-06 15:30:00,2011-03-11 10:31:00,True
13134,6,2475.23,2010-10-19 13:21:00,2011-09-15 10:35:00,True
13135,2,3371.45,2010-08-05 17:28:00,2011-05-27 10:52:00,True
13136,13,6274.56,2009-12-08 18:30:00,2011-10-14 13:41:00,True
13137,16,7712.7,2010-07-25 15:40:00,2011-11-29 12:09:00,True
13138,7,1467.24,2010-11-08 11:45:00,2011-11-17 16:51:00,True
13139,8,8202.98,2010-09-28 09:12:00,2011-11-23 13:54:00,True
13140,5,1215.6799999999998,2010-08-05 19:05:00,2011-08-23 15:33:00,True
13141,17,7668.58,2009-12-09 13:34:00,2011-09-16 09:54:00,True
13142,1,307.09,2011-11-20 16:07:00,2011-11-20 16:07:00,False
13143,1,405.1,2010-05-04 12:22:00,2010-05-04 12:22:00,False
13144,2,135.35,2010-10-04 14:14:00,2011-01-11 11:15:00,True
13145,7,1423.52,2010-04-19 11:11:00,2011-10-31 12:45:00,True
13146,1,228.91,2011-11-13 15:29:00,2011-11-13 15:29:00,False
13147,4,712.8000000000001,2011-09-01 12:28:00,2011-11-29 13:59:00,True
13148,26,8621.810000000001,2009-12-07 15:26:00,2011-11-10 15:23:00,True
13149,4,1676.06,2011-02-23 13:57:00,2011-11-25 13:09:00,True
13150,3,449.96999999999997,2010-03-19 09:03:00,2010-08-12 12:59:00,True
13151,3,2580.7400000000002,2010-03-22 10:26:00,2011-02-17 12:29:00,True
13152,7,2146.38,2010-01-14 10:01:00,2010-10-18 13:44:00,True
13153,1,486.22,2011-12-04 12:14:00,2011-12-04 12:14:00,False
13154,3,1624.8400000000001,2009-12-04 08:46:00,2010-11-05 16:00:00,True
13155,6,1750.18,2010-08-05 09:30:00,2011-11-06 15:41:00,True
13156,3,1586.54,2010-02-01 13:45:00,2010-11-19 13:09:00,True
13157,9,5687.36,2010-03-08 11:59:00,2011-10-21 13:50:00,True
13158,5,1508.18,2010-11-16 17:12:00,2011-09-06 11:58:00,True
13159,4,1437.85,2011-08-16 11:44:00,2011-12-01 11:20:00,True
13160,1,91.8,2011-11-17 13:07:00,2011-11-17 13:07:00,False
13161,2,478.88,2010-07-27 12:44:00,2011-01-30 14:03:00,True
13162,16,9275.49,2009-12-04 13:59:00,2011-08-09 15:59:00,True
13163,1,17.65,2010-04-08 16:21:00,2010-04-08 16:21:00,False
13164,2,372.20000000000005,2010-02-10 11:52:00,2010-05-19 13:52:00,True
13165,3,1451.16,2010-10-22 17:04:00,2011-10-24 15:05:00,True
13166,2,884.1800000000001,2010-10-21 14:29:00,2011-03-01 15:16:00,True
13167,5,1125.15,2010-11-14 12:58:00,2011-11-21 12:24:00,True
13168,5,1875.31,2010-06-15 15:00:00,2011-11-03 12:56:00,True
13169,3,840.0799999999999,2010-05-26 15:58:00,2011-10-07 12:11:00,True
13170,1,116.00999999999999,2011-11-13 12:19:00,2011-11-13 12:19:00,False
13171,3,468.40999999999997,2011-02-13 14:16:00,2011-11-18 10:27:00,True
13172,1,69.6,2010-11-04 15:10:00,2010-11-04 15:10:00,False
13173,11,2639.35,2009-12-10 12:52:00,2011-12-05 15:51:00,True
13174,12,9494.84,2009-12-04 15:40:00,2011-11-23 14:35:00,True
13175,2,831.4499999999999,2009-12-04 12:11:00,2010-05-06 13:13:00,True
13176,1,492.84,2011-10-24 15:43:00,2011-10-24 15:43:00,False
13177,2,512.2,2010-10-05 10:35:00,2011-10-06 09:56:00,True
13178,21,14059.19,2009-12-16 14:00:00,2011-11-13 16:14:00,True
13179,1,572.3100000000001,2010-03-31 11:40:00,2010-03-31 11:40:00,False
13180,1,86.10000000000001,2010-04-11 13:37:00,2010-04-11 13:37:00,False
13181,1,359.69,2010-11-23 15:05:00,2010-11-23 15:05:00,False
13182,1,121.18,2011-10-25 13:46:00,2011-10-25 13:46:00,False
13183,15,7036.18,2010-03-14 12:32:00,2011-12-02 10:30:00,True
13184,10,1701.29,2011-02-22 17:25:00,2011-11-25 12:02:00,True
13185,1,71.4,2011-03-17 11:56:00,2011-03-17 11:56:00,False
13186,3,1575.89,2011-08-03 09:09:00,2011-10-31 11:40:00,True
13187,4,367.01,2010-03-25 17:18:00,2011-01-06 18:57:00,True
13188,1,114.60000000000001,2011-11-28 15:28:00,2011-11-28 15:28:00,False
13189,2,260.68,2011-08-16 13:12:00,2011-11-21 10:39:00,True
13190,3,570.66,2009-12-07 12:13:00,2010-06-13 15:47:00,True
13191,1,164.69,2010-02-19 17:02:00,2010-02-19 17:02:00,False
13192,6,2558.58,2010-01-22 08:37:00,2011-09-05 14:13:00,True
13193,1,117.88,2011-10-09 14:30:00,2011-10-09 14:30:00,False
13194,2,472.78,2010-10-14 11:54:00,2011-07-27 09:01:00,True
13195,1,172.38,2010-10-21 13:07:00,2010-10-21 13:07:00,False
13196,7,3068.84,2010-04-01 12:54:00,2011-11-28 13:54:00,True
13197,1,373.01000000000005,2010-04-09 09:14:00,2010-04-09 09:14:00,False
13198,8,4974.23,2010-10-01 13:27:00,2011-11-29 15:17:00,True
13199,67,16432.89,2009-12-05 10:11:00,2011-12-06 12:30:00,True
13200,4,870.09,2011-08-05 14:50:00,2011-11-20 15:35:00,True
13201,4,1240.61,2010-03-07 11:01:00,2010-07-25 14:30:00,True
13202,7,1580.3000000000002,2009-12-09 10:48:00,2010-11-10 16:24:00,True
13203,10,2648.25,2009-12-17 14:15:00,2011-11-30 10:45:00,True
13204,1,966.6600000000001,2009-12-08 14:56:00,2009-12-08 14:56:00,False
13205,1,2803.2,2010-09-22 16:26:00,2010-09-22 16:26:00,False
13206,13,8377.32,2009-12-07 13:48:00,2010-11-04 16:50:00,True
13207,4,535.86,2010-04-06 16:37:00,2011-11-24 14:52:00,True
13208,9,1988.5,2009-12-03 13:25:00,2011-10-12 09:54:00,True
13209,13,8509.51,2010-01-24 14:30:00,2011-11-09 13:54:00,True
13210,1,353.48,2011-09-07 08:18:00,2011-09-07 08:18:00,False
13211,10,2729.32,2009-12-06 15:24:00,2011-11-29 14:43:00,True
13212,3,788.08,2011-10-09 14:48:00,2011-11-20 12:40:00,True
13213,11,3851.5200000000004,2010-05-20 14:50:00,2011-10-14 11:42:00,True
13214,7,3264.23,2010-03-03 14:10:00,2010-10-18 10:00:00,True
13215,1,81.6,2010-11-02 18:26:00,2010-11-02 18:26:00,False
13216,1,333.74,2011-03-17 12:18:00,2011-03-17 12:18:00,False
13217,4,666.48,2010-02-22 12:49:00,2011-08-09 15:32:00,True
13218,1,62.63999999999999,2011-08-04 16:59:00,2011-08-04 16:59:00,False
13219,1,76.23,2010-03-31 14:18:00,2010-03-31 14:18:00,False
13220,5,1336.09,2010-05-13 10:35:00,2011-09-22 13:38:00,True
13221,2,847.4100000000001,2010-12-15 13:24:00,2011-04-13 16:58:00,True
13222,1,88.5,2010-05-11 13:54:00,2010-05-11 13:54:00,False
13223,6,969.1200000000001,2010-02-12 13:27:00,2011-05-23 13:03:00,True
13224,2,2155.95,2011-07-11 14:10:00,2011-10-10 14:55:00,True
13225,16,16260.070000000002,2009-12-17 09:09:00,2011-12-06 13:29:00,True
13226,2,312.46000000000004,2010-11-11 13:46:00,2011-03-11 14:35:00,True
13227,1,257.7,2011-05-22 11:47:00,2011-05-22 11:47:00,False
13228,1,358.0,2011-09-19 14:28:00,2011-09-19 14:28:00,False
13229,1,160.95,2011-04-28 12:07:00,2011-04-28 12:07:00,False
13230,30,6360.78,2010-03-18 20:02:00,2011-12-05 16:03:00,True
13232,7,1357.6,2011-04-10 13:48:00,2011-11-27 10:39:00,True
13233,4,1176.46,2010-01-14 14:10:00,2011-09-26 13:25:00,True
13234,2,356.95,2009-12-07 12:32:00,2010-02-05 11:41:00,True
13235,1,1031.07,2011-05-11 17:13:00,2011-05-11 17:13:00,False
13236,2,744.85,2011-08-25 08:58:00,2011-11-15 12:50:00,True
13237,1,643.0,2010-11-17 10:07:00,2010-11-17 10:07:00,False
13238,6,1006.63,2010-04-28 15:02:00,2011-11-22 15:37:00,True
13239,5,1594.69,2010-07-25 13:34:00,2011-03-23 10:25:00,True
13240,8,1738.52,2010-02-25 13:17:00,2011-09-04 14:08:00,True
13241,1,115.58,2010-10-24 11:17:00,2010-10-24 11:17:00,False
13242,7,699.4,2010-02-09 13:12:00,2011-08-19 12:53:00,True
13243,5,1278.04,2010-03-18 13:10:00,2011-05-20 13:14:00,True
13244,1,121.74000000000001,2011-09-08 11:46:00,2011-09-08 11:46:00,False
13245,2,989.22,2010-10-03 14:03:00,2011-10-20 11:40:00,True
13246,11,3387.43,2010-07-02 13:36:00,2011-11-21 16:50:00,True
13247,4,501.12,2011-09-18 11:31:00,2011-11-22 10:59:00,True
13248,2,465.67999999999995,2011-06-03 13:05:00,2011-08-07 12:40:00,True
13249,9,1608.93,2010-01-24 12:11:00,2011-09-08 13:26:00,True
13250,2,256.03999999999996,2010-07-25 14:01:00,2010-09-05 11:33:00,True
13251,1,252.68,2010-11-02 13:20:00,2010-11-02 13:20:00,False
13252,2,399.29999999999995,2010-03-24 10:30:00,2010-11-10 16:00:00,True
13253,4,2951.11,2010-01-05 12:13:00,2011-07-06 10:09:00,True
13254,1,51.410000000000004,2010-11-28 15:42:00,2010-11-28 15:42:00,False
13255,3,904.46,2010-07-15 13:20:00,2011-11-30 13:14:00,True
13257,1,149.75,2010-09-29 14:58:00,2010-09-29 14:58:00,False
13258,5,1035.18,2010-11-04 12:45:00,2011-11-28 09:31:00,True
13259,9,1433.3799999999999,2010-01-10 10:26:00,2011-10-09 10:48:00,True
13260,1,557.62,2011-10-09 13:21:00,2011-10-09 13:21:00,False
13261,2,944.1,2011-02-27 10:41:00,2011-03-16 12:22:00,True
13262,3,573.45,2010-04-18 12:14:00,2011-03-21 15:06:00,True
13263,39,8704.69,2010-10-22 17:07:00,2011-12-08 13:59:00,True
13264,1,722.5600000000001,2010-09-23 12:42:00,2010-09-23 12:42:00,False
13265,5,2107.6600000000003,2011-03-11 09:54:00,2011-10-17 15:02:00,True
13266,19,6135.04,2009-12-17 10:52:00,2011-11-28 14:39:00,True
13267,36,9758.26,2009-12-07 16:56:00,2011-12-07 11:12:00,True
13268,11,3214.69,2011-03-17 13:20:00,2011-11-22 11:51:00,True
13269,28,8891.7,2009-12-02 11:47:00,2011-12-08 14:53:00,True
13270,1,1180.0,2010-12-08 14:53:00,2010-12-08 14:53:00,False
13271,1,217.38,2011-11-02 14:31:00,2011-11-02 14:31:00,False
13272,2,276.56,2011-09-11 12:06:00,2011-11-08 14:00:00,True
13273,1,138.98,2011-08-18 14:02:00,2011-08-18 14:02:00,False
13274,1,360.85,2010-10-26 13:48:00,2010-10-26 13:48:00,False
13275,2,241.66,2010-03-17 14:05:00,2010-11-21 12:09:00,True
13276,5,1939.26,2010-03-07 14:05:00,2011-10-07 12:44:00,True
13277,7,523.3,2010-06-18 08:45:00,2011-11-24 09:21:00,True
13278,4,1435.85,2010-04-08 11:59:00,2011-10-30 11:49:00,True
13279,1,137.75,2011-09-22 17:24:00,2011-09-22 17:24:00,False
13280,7,2322.63,2010-03-05 09:07:00,2011-08-09 13:14:00,True
13281,1,350.85,2010-09-26 16:03:00,2010-09-26 16:03:00,False
13282,4,1313.19,2010-10-29 14:11:00,2011-11-21 15:33:00,True
13283,4,373.36,2010-03-09 14:36:00,2011-10-11 09:50:00,True
13284,1,201.19,2011-01-13 09:23:00,2011-01-13 09:23:00,False
13285,6,3364.59,2010-03-25 14:26:00,2011-11-16 13:19:00,True
13286,1,734.91,2010-04-18 15:35:00,2010-04-18 15:35:00,False
13287,3,781.59,2010-01-04 10:43:00,2010-04-15 15:26:00,True
13288,5,927.61,2010-02-11 14:59:00,2010-09-22 16:32:00,True
13289,1,307.95,2009-12-16 11:53:00,2009-12-16 11:53:00,False
13290,1,208.63,2010-09-27 16:29:00,2010-09-27 16:29:00,False
13291,11,3320.84,2010-02-11 18:36:00,2011-07-07 10:36:00,True
13292,5,994.51,2010-07-01 14:36:00,2011-11-01 10:04:00,True
13293,6,1192.94,2010-02-09 12:05:00,2010-11-12 13:28:00,True
13294,3,1689.53,2010-03-03 12:54:00,2011-06-03 08:54:00,True
13295,4,1101.97,2010-05-12 09:13:00,2010-12-15 11:21:00,True
13296,6,792.51,2010-05-11 14:29:00,2011-07-25 13:46:00,True
13297,7,4368.62,2010-06-15 12:35:00,2011-12-02 09:32:00,True
13298,1,360.0,2011-12-08 13:11:00,2011-12-08 13:11:00,False
13299,3,1218.7,2010-06-29 11:30:00,2011-03-16 12:55:00,True
13300,3,1285.51,2010-05-14 15:56:00,2011-06-23 13:09:00,True
13301,4,618.09,2011-02-20 13:13:00,2011-08-28 11:25:00,True
13302,2,159.2,2010-07-01 12:32:00,2011-07-07 17:56:00,True
13303,1,61.72,2010-11-04 14:55:00,2010-11-04 14:55:00,False
13304,4,1217.99,2010-02-08 12:42:00,2010-12-23 14:35:00,True
13305,16,3754.7099999999996,2010-03-10 14:49:00,2011-12-05 15:15:00,True
13306,1,53.65,2010-10-05 14:55:00,2010-10-05 14:55:00,False
13307,3,273.34000000000003,2010-04-26 13:28:00,2011-08-11 17:14:00,True
13308,4,1670.3700000000001,2010-04-22 09:22:00,2011-11-17 09:31:00,True
13309,6,1706.37,2010-11-12 12:10:00,2011-12-02 16:34:00,True
13310,5,1541.2,2010-11-02 17:03:00,2011-11-11 17:23:00,True
13311,2,598.57,2011-07-12 14:26:00,2011-12-05 12:55:00,True
13312,1,124.75,2010-09-14 14:36:00,2010-09-14 14:36:00,False
13313,12,3445.32,2009-12-02 16:18:00,2011-11-17 16:48:00,True
13314,3,775.94,2011-09-27 10:20:00,2011-12-08 12:29:00,True
13315,1,310.26,2010-01-19 15:34:00,2010-01-19 15:34:00,False
13316,10,13191.57,2010-03-10 10:01:00,2011-11-02 13:40:00,True
13317,19,6486.091,2009-12-13 11:11:00,2011-10-04 13:35:00,True
13318,3,640.76,2011-11-02 13:26:00,2011-12-08 18:51:00,True
13319,58,22082.5,2009-12-06 14:46:00,2011-12-04 13:34:00,True
13320,6,2228.1,2010-08-18 10:29:00,2011-09-22 18:07:00,True
13321,2,567.36,2011-09-14 15:18:00,2011-09-28 15:24:00,True
13322,1,199.48000000000002,2011-11-22 14:21:00,2011-11-22 14:21:00,False
13323,5,787.85,2011-09-16 13:23:00,2011-12-06 17:12:00,True
13324,18,10513.47,2010-05-25 10:23:00,2011-11-03 16:28:00,True
13325,1,675.3,2011-09-19 10:36:00,2011-09-19 10:36:00,False
13326,1,281.76,2010-10-03 16:00:00,2010-10-03 16:00:00,False
13327,20,9879.48,2009-12-18 15:35:00,2011-11-01 10:21:00,True
13328,1,1308.48,2011-01-27 15:22:00,2011-01-27 15:22:00,False
13329,8,5112.97,2009-12-04 15:41:00,2011-11-08 10:29:00,True
13330,6,2806.1800000000003,2010-02-23 10:12:00,2011-09-08 12:27:00,True
13331,1,262.4,2010-11-03 08:04:00,2010-11-03 08:04:00,False
13332,1,350.9,2011-11-25 13:30:00,2011-11-25 13:30:00,False
13333,3,1015.7400000000001,2010-02-19 09:26:00,2010-10-24 13:24:00,True
13334,5,6263.75,2010-02-25 12:21:00,2011-09-18 15:21:00,True
13336,1,795.12,2011-09-23 14:05:00,2011-09-23 14:05:00,False
13337,1,1575.26,2010-06-11 13:27:00,2010-06-11 13:27:00,False
13338,4,2445.62,2010-01-05 12:25:00,2011-07-05 09:06:00,True
13339,1,860.12,2011-05-23 08:31:00,2011-05-23 08:31:00,False
13340,12,22100.56,2010-02-22 14:54:00,2011-10-25 13:15:00,True
13341,1,775.85,2011-03-24 09:50:00,2011-03-24 09:50:00,False
13343,1,353.43,2011-06-15 12:24:00,2011-06-15 12:24:00,False
13344,3,2543.7200000000003,2011-03-07 10:28:00,2011-10-03 09:45:00,True
13345,1,389.5,2011-02-25 09:01:00,2011-02-25 09:01:00,False
13346,6,299.4,2010-04-22 12:34:00,2010-09-03 11:41:00,True
13347,1,341.36,2011-09-30 13:28:00,2011-09-30 13:28:00,False
13348,1,233.76,2011-10-06 17:28:00,2011-10-06 17:28:00,False
13349,1,247.32,2011-11-29 08:07:00,2011-11-29 08:07:00,False
13350,2,979.1200000000001,2011-09-21 13:33:00,2011-11-23 16:33:00,True
13351,1,373.94,2011-10-04 12:55:00,2011-10-04 12:55:00,False
13352,1,397.97999999999996,2011-10-10 13:55:00,2011-10-10 13:55:00,False
13354,1,743.53,2011-09-29 13:17:00,2011-09-29 13:17:00,False
13355,1,674.7,2011-08-09 14:48:00,2011-08-09 14:48:00,False
13356,1,768.24,2011-09-20 14:33:00,2011-09-20 14:33:00,False
13357,5,3838.36,2010-03-22 14:30:00,2011-03-27 13:56:00,True
13358,1,439.03,2011-03-16 11:52:00,2011-03-16 11:52:00,False
13359,2,1043.31,2010-11-01 15:05:00,2011-10-07 09:30:00,True
13360,4,1553.65,2010-01-08 11:16:00,2010-10-04 12:37:00,True
13361,2,1450.5,2010-04-01 07:49:00,2010-08-24 14:56:00,True
13362,7,5394.07,2010-10-10 15:27:00,2011-11-30 14:41:00,True
13363,3,1723.8600000000001,2010-10-26 11:07:00,2011-11-22 12:40:00,True
13364,1,134.95999999999998,2011-09-29 18:13:00,2011-09-29 18:13:00,False
13365,2,2225.37,2011-05-06 12:00:00,2011-11-06 12:36:00,True
13366,1,56.160000000000004,2011-10-20 13:37:00,2011-10-20 13:37:00,False
13367,1,510.20000000000005,2010-10-04 10:00:00,2010-10-04 10:00:00,False
13368,4,1121.5,2010-10-12 10:43:00,2011-03-28 09:59:00,True
13369,1,616.5600000000001,2010-12-09 11:30:00,2010-12-09 11:30:00,False
13370,1,1509.74,2010-12-03 10:26:00,2010-12-03 10:26:00,False
13371,2,2297.66,2010-03-17 15:29:00,2010-07-22 17:33:00,True
13372,1,378.64,2011-09-11 12:46:00,2011-09-11 12:46:00,False
13373,6,7587.1900000000005,2009-12-06 12:34:00,2011-10-10 10:51:00,True
13374,2,422.8,2010-09-16 10:29:00,2010-10-21 10:04:00,True
13375,2,1792.23,2010-09-21 08:12:00,2011-09-12 10:19:00,True
13376,3,1019.76,2011-04-19 13:03:00,2011-09-01 16:16:00,True
13377,2,1552.88,2010-03-04 10:06:00,2010-11-08 12:20:00,True
13379,3,572.56,2011-07-26 12:26:00,2011-11-13 13:45:00,True
13380,1,62.4,2010-10-03 10:18:00,2010-10-03 10:18:00,False
13381,12,8224.369999999999,2009-12-01 15:19:00,2011-11-08 11:58:00,True
13382,5,1387.58,2009-12-08 09:56:00,2011-03-04 10:03:00,True
13383,1,305.28000000000003,2010-06-14 11:45:00,2010-06-14 11:45:00,False
13384,11,6680.83,2010-07-27 12:22:00,2011-11-09 11:04:00,True
13385,1,534.57,2011-01-14 09:52:00,2011-01-14 09:52:00,False
13386,2,835.46,2010-09-28 13:09:00,2010-10-21 12:52:00,True
13387,1,189.44,2010-10-18 14:07:00,2010-10-18 14:07:00,False
13388,3,1185.6499999999999,2010-04-15 10:18:00,2011-07-31 12:52:00,True
13389,3,797.96,2011-04-21 12:12:00,2011-11-28 14:01:00,True
13390,1,544.08,2011-09-26 08:38:00,2011-09-26 08:38:00,False
13391,1,59.8,2011-05-20 10:50:00,2011-05-20 10:50:00,False
13392,1,91.14,2010-01-31 13:34:00,2010-01-31 13:34:00,False
13393,4,1131.45,2009-12-07 18:12:00,2010-05-05 09:34:00,True
13394,19,6621.7,2009-12-01 11:58:00,2011-12-08 11:36:00,True
13395,3,1180.23,2010-10-14 13:00:00,2011-06-07 15:04:00,True
13396,2,1360.99,2011-01-24 13:37:00,2011-11-10 16:59:00,True
13397,10,3191.87,2010-01-20 09:50:00,2011-09-28 10:56:00,True
13398,2,670.3399999999999,2010-09-17 09:34:00,2011-05-31 13:17:00,True
13399,3,275.4,2010-07-08 17:47:00,2010-09-01 13:59:00,True
13400,1,310.83,2010-05-06 09:00:00,2010-05-06 09:00:00,False
13402,4,1535.13,2010-05-24 10:56:00,2011-08-04 15:51:00,True
13403,3,229.5,2009-12-16 13:23:00,2011-11-22 08:28:00,True
13404,2,252.49,2011-05-11 11:57:00,2011-12-08 15:37:00,True
13405,6,1213.8110000000001,2009-12-15 14:13:00,2011-09-26 17:01:00,True
13406,2,568.92,2010-03-18 07:29:00,2010-10-08 14:44:00,True
13407,3,2244.7,2010-02-16 11:13:00,2010-05-10 12:41:00,True
13408,106,51733.462,2009-12-04 09:31:00,2011-12-08 09:05:00,True
13410,9,2201.96,2009-12-08 13:43:00,2011-11-15 15:33:00,True
13411,1,213.55,2011-08-24 13:57:00,2011-08-24 13:57:00,False
13412,1,487.34999999999997,2010-03-29 16:28:00,2010-03-29 16:28:00,False
13413,6,429.44000000000005,2010-01-21 17:43:00,2010-03-10 12:17:00,True
13414,6,2494.14,2010-04-15 17:00:00,2011-07-29 11:45:00,True
13415,4,800.6700000000001,2009-12-11 14:20:00,2010-08-24 11:38:00,True
13416,3,940.8,2009-12-03 13:02:00,2011-10-27 08:56:00,True
13417,6,1669.49,2010-02-08 12:39:00,2011-12-05 08:49:00,True
13418,31,12233.6,2009-12-11 12:51:00,2011-11-28 10:23:00,True
13419,1,221.06,2011-10-07 12:49:00,2011-10-07 12:49:00,False
13420,2,159.85,2011-06-22 11:35:00,2011-07-13 08:48:00,True
13421,8,4103.12,2010-02-14 14:45:00,2011-10-30 14:21:00,True
13422,1,2626.3,2011-10-06 13:42:00,2011-10-06 13:42:00,False
13423,1,217.03,2010-10-07 09:02:00,2010-10-07 09:02:00,False
13424,1,572.77,2010-09-16 10:49:00,2010-09-16 10:49:00,False
13425,5,3403.63,2010-05-09 14:35:00,2011-08-23 17:13:00,True
13426,22,8167.38,2009-12-09 15:16:00,2011-12-09 08:59:00,True
13427,6,1006.53,2009-12-17 13:44:00,2011-11-20 13:02:00,True
13428,3,499.98,2010-07-13 13:20:00,2011-11-29 14:20:00,True
13429,4,1006.8000000000001,2011-09-25 15:59:00,2011-11-29 09:10:00,True
13430,2,679.45,2011-09-14 14:26:00,2011-11-21 08:19:00,True
13431,8,3316.24,2010-02-18 11:53:00,2011-10-03 13:49:00,True
13432,2,439.1,2010-04-06 14:42:00,2010-05-17 13:18:00,True
13433,4,658.3199999999999,2010-01-12 08:59:00,2010-07-26 16:55:00,True
13434,5,1666.8600000000001,2010-02-22 09:54:00,2011-09-26 14:30:00,True
13435,9,4475.2300000000005,2010-07-27 16:56:00,2011-12-04 14:45:00,True
13436,1,196.89,2011-12-08 10:33:00,2011-12-08 10:33:00,False
13437,7,3408.06,2011-06-02 14:30:00,2011-11-25 14:00:00,True
13438,1,46.5,2010-06-10 18:46:00,2010-06-10 18:46:00,False
13439,3,986.61,2010-07-01 14:36:00,2011-03-29 14:20:00,True
13440,7,1295.25,2010-09-14 10:34:00,2010-10-12 13:11:00,True
13441,2,720.9,2010-10-04 10:38:00,2011-09-09 09:38:00,True
13442,3,419.87,2009-12-01 14:59:00,2010-02-10 14:03:00,True
13443,6,1280.1599999999999,2010-01-31 13:30:00,2010-09-17 12:31:00,True
13444,2,631.68,2010-07-21 14:34:00,2010-11-30 13:02:00,True
13445,1,241.89999999999998,2010-03-23 15:34:00,2010-03-23 15:34:00,False
13446,11,3881.8900000000003,2010-02-14 11:52:00,2010-10-05 18:51:00,True
13447,3,1129.14,2011-11-04 10:10:00,2011-11-16 13:38:00,True
13448,13,9240.87,2009-12-06 12:14:00,2011-11-23 12:33:00,True
13449,1,291.88,2011-11-16 08:28:00,2011-11-16 08:28:00,False
13450,13,4120.04,2010-04-15 19:15:00,2011-11-13 11:54:00,True
13451,11,7190.92,2010-03-21 16:13:00,2011-11-13 15:58:00,True
13452,3,729.8,2010-08-24 09:53:00,2011-03-25 14:19:00,True
13453,3,781.6899999999999,2010-11-02 13:23:00,2011-06-27 09:34:00,True
13454,1,219.87,2010-03-08 14:40:00,2010-03-08 14:40:00,False
13455,6,2905.9300000000003,2009-12-09 08:58:00,2011-11-15 11:21:00,True
13456,6,1766.72,2011-05-16 15:34:00,2011-11-22 09:18:00,True
13457,2,148.22,2009-12-02 12:46:00,2010-01-20 08:48:00,True
13458,16,11959.27,2010-11-16 14:01:00,2011-12-02 15:29:00,True
13459,2,1160.4099999999999,2010-01-26 13:35:00,2010-03-25 10:24:00,True
13460,2,183.44,2011-10-21 09:50:00,2011-11-10 17:17:00,True
13461,6,4160.0,2010-04-21 16:01:00,2011-11-01 09:01:00,True
13462,5,1153.85,2009-12-14 09:48:00,2011-04-01 11:20:00,True
13464,6,3097.64,2010-03-31 15:22:00,2011-10-12 15:01:00,True
13465,2,931.12,2010-05-02 15:30:00,2010-09-19 15:13:00,True
13466,5,1013.3499999999999,2010-03-21 13:50:00,2011-06-08 16:39:00,True
13467,2,1083.71,2011-11-03 16:56:00,2011-11-29 10:01:00,True
13468,72,13390.51,2009-12-03 13:32:00,2011-12-08 10:39:00,True
13469,1,82.4,2010-02-24 15:03:00,2010-02-24 15:03:00,False
13470,2,165.0,2011-08-16 17:06:00,2011-09-01 14:57:00,True
13471,4,2531.58,2011-10-23 13:10:00,2011-12-08 15:44:00,True
13472,2,592.24,2010-06-02 09:48:00,2010-09-02 09:41:00,True
13473,8,2657.7599999999998,2009-12-15 19:02:00,2011-10-10 11:20:00,True
13474,3,663.79,2010-08-01 14:40:00,2011-04-17 13:53:00,True
13475,4,1431.78,2011-02-14 12:36:00,2011-06-01 13:52:00,True
13476,5,2061.4700000000003,2010-03-05 09:39:00,2011-06-14 12:00:00,True
13477,11,2834.17,2010-01-25 11:52:00,2011-11-02 12:04:00,True
13478,5,2215.78,2010-01-31 15:51:00,2010-08-27 13:23:00,True
13479,4,851.37,2010-08-19 16:18:00,2011-05-23 10:45:00,True
13480,2,627.8199999999999,2010-01-29 12:35:00,2010-10-19 11:53:00,True
13481,11,3830.84,2009-12-04 12:37:00,2011-10-25 09:07:00,True
13482,2,336.09,2010-03-22 10:31:00,2011-04-21 17:03:00,True
13483,1,140.34,2011-10-05 11:53:00,2011-10-05 11:53:00,False
13484,3,790.72,2010-03-10 11:46:00,2011-04-12 16:30:00,True
13485,11,3019.2200000000003,2009-12-03 13:46:00,2011-04-20 13:58:00,True
13486,3,1122.4099999999999,2011-07-07 17:19:00,2011-09-22 13:13:00,True
13487,5,846.87,2009-12-05 10:25:00,2011-10-13 12:07:00,True
13488,23,15587.880000000001,2010-01-25 10:13:00,2011-11-22 14:41:00,True
13489,4,449.52,2011-02-18 10:42:00,2011-08-26 13:16:00,True
13490,1,154.25,2010-02-23 14:48:00,2010-02-23 14:48:00,False
13491,27,4566.56,2009-12-07 08:24:00,2011-10-19 08:32:00,True
13492,3,1269.8400000000001,2011-05-09 10:06:00,2011-07-26 14:25:00,True
13493,2,618.63,2011-02-25 16:42:00,2011-03-09 15:35:00,True
13494,1,316.26000000000005,2011-02-01 11:58:00,2011-02-01 11:58:00,False
13495,10,5374.26,2009-12-07 12:12:00,2011-12-02 11:21:00,True
13496,2,653.3299999999999,2010-12-15 10:17:00,2011-11-29 10:58:00,True
13497,6,1320.33,2010-02-08 10:27:00,2011-03-02 09:04:00,True
13498,1,327.38,2009-12-09 15:26:00,2009-12-09 15:26:00,False
13499,5,1159.1100000000001,2011-03-15 08:52:00,2011-11-22 11:21:00,True
13500,4,1466.3,2010-11-03 13:16:00,2011-11-16 15:35:00,True
13501,3,2885.1099999999997,2010-05-18 13:24:00,2011-02-24 18:59:00,True
13502,5,780.5,2010-06-09 10:52:00,2011-11-23 10:39:00,True
13503,6,1905.39,2010-02-16 13:49:00,2011-09-29 13:23:00,True
13504,1,295.93,2011-10-06 13:20:00,2011-10-06 13:20:00,False
13505,4,4393.63,2011-04-21 12:07:00,2011-09-28 11:56:00,True
13506,5,1639.2,2010-09-05 12:33:00,2011-01-27 13:53:00,True
13507,4,2479.16,2011-07-17 11:50:00,2011-12-06 13:13:00,True
13508,2,287.04999999999995,2010-03-07 11:58:00,2011-04-10 11:58:00,True
13509,8,1114.72,2010-07-20 12:10:00,2011-12-01 10:10:00,True
13510,11,4558.29,2009-12-21 11:53:00,2011-12-08 13:46:00,True
13511,1,282.76,2010-02-01 12:10:00,2010-02-01 12:10:00,False
13512,4,713.39,2010-05-05 13:22:00,2011-03-24 10:03:00,True
13513,3,824.59,2010-02-22 16:36:00,2011-08-05 11:50:00,True
13514,4,815.9000000000001,2010-01-26 15:11:00,2011-09-27 09:39:00,True
13515,6,1265.8200000000002,2010-03-05 11:58:00,2011-09-28 11:26:00,True
13516,4,1685.26,2010-10-18 08:52:00,2011-11-18 13:15:00,True
13517,3,2128.42,2011-06-13 08:44:00,2011-10-11 11:43:00,True
13518,1,659.4399999999999,2011-09-15 10:29:00,2011-09-15 10:29:00,False
13519,2,343.21000000000004,2010-09-23 11:45:00,2011-09-22 18:24:00,True
13520,11,6909.4,2009-12-17 11:11:00,2011-10-12 10:20:00,True
13521,3,1093.65,2011-11-29 15:09:00,2011-12-08 13:50:00,True
13522,1,125.80000000000001,2011-11-09 15:11:00,2011-11-09 15:11:00,False
13523,6,5101.52,2010-11-02 14:55:00,2011-11-06 15:11:00,True
13524,5,680.1800000000001,2011-05-04 12:26:00,2011-10-30 12:34:00,True
13525,2,628.78,2011-04-05 15:36:00,2011-11-25 12:01:00,True
13526,2,1182.0,2009-12-01 12:56:00,2009-12-01 13:13:00,True
13527,12,4683.74,2010-01-21 12:37:00,2011-11-06 12:04:00,True
13529,2,307.76,2011-05-19 11:50:00,2011-09-22 09:15:00,True
13530,1,402.97999999999996,2010-03-15 14:10:00,2010-03-15 14:10:00,False
13531,6,1738.52,2009-12-03 15:20:00,2011-05-18 16:56:00,True
13532,1,210.31,2011-11-06 12:25:00,2011-11-06 12:25:00,False
13533,3,270.78999999999996,2011-03-17 12:47:00,2011-06-10 11:54:00,True
13534,35,7720.9,2010-07-07 15:00:00,2011-12-07 14:52:00,True
13535,1,89.5,2010-11-02 11:49:00,2010-11-02 11:49:00,False
13536,7,3448.29,2011-09-25 13:30:00,2011-12-08 16:38:00,True
13537,2,717.85,2010-09-14 10:41:00,2010-10-10 12:45:00,True
13538,12,3112.73,2010-02-02 12:47:00,2011-10-27 16:34:00,True
13539,7,1569.3600000000001,2010-04-28 12:04:00,2011-09-15 10:18:00,True
13540,3,632.39,2010-02-22 09:22:00,2010-08-29 14:20:00,True
13541,2,785.25,2010-05-18 16:15:00,2010-10-08 16:37:00,True
13542,17,4006.17,2009-12-10 19:53:00,2010-11-28 11:24:00,True
13543,2,1439.6100000000001,2010-01-21 14:30:00,2010-03-15 13:34:00,True
13544,6,829.0,2010-03-05 11:31:00,2011-10-31 11:57:00,True
13545,2,374.64,2010-06-13 11:49:00,2010-11-14 11:27:00,True
13546,5,1092.1399999999999,2010-10-11 17:23:00,2011-11-27 14:50:00,True
13547,1,175.53,2010-10-27 14:14:00,2010-10-27 14:14:00,False
13548,3,908.99,2010-08-25 13:44:00,2011-09-04 14:50:00,True
13549,8,1005.8,2010-11-17 12:17:00,2011-11-14 09:20:00,True
13550,1,349.51,2010-11-21 15:24:00,2010-11-21 15:24:00,False
13551,2,244.2,2010-02-11 15:01:00,2011-01-24 14:46:00,True
13552,22,6978.92,2010-02-19 13:28:00,2011-10-04 15:19:00,True
13553,1,517.8,2010-02-03 12:21:00,2010-02-03 12:21:00,False
13554,7,1638.28,2010-09-19 12:39:00,2010-11-24 15:05:00,True
13555,13,8999.19,2010-01-19 13:20:00,2011-09-27 12:36:00,True
13556,2,200.82,2010-09-30 09:01:00,2010-10-06 16:44:00,True
13557,13,3032.26,2009-12-08 17:41:00,2011-11-11 15:24:00,True
13558,4,605.06,2011-10-02 13:01:00,2011-12-04 11:24:00,True
13559,2,990.0,2010-06-14 11:52:00,2010-07-15 09:52:00,True
13560,1,174.37,2011-12-02 13:11:00,2011-12-02 13:11:00,False
13561,11,1820.72,2010-02-28 13:42:00,2011-05-08 12:39:00,True
13562,8,4838.18,2010-01-14 16:33:00,2011-09-19 10:51:00,True
13563,2,777.53,2011-07-22 17:21:00,2011-09-16 14:45:00,True
13564,37,17249.55,2009-12-02 11:55:00,2011-07-18 14:33:00,True
13565,3,414.79999999999995,2010-10-24 15:51:00,2011-11-20 14:33:00,True
13566,5,1708.1200000000001,2010-03-10 12:22:00,2011-10-30 11:59:00,True
13567,4,1083.69,2010-06-16 12:48:00,2010-10-07 12:51:00,True
13568,1,192.85,2011-06-19 14:42:00,2011-06-19 14:42:00,False
13569,4,893.78,2010-10-07 13:05:00,2011-11-22 13:07:00,True
13570,1,239.49,2011-04-10 13:36:00,2011-04-10 13:36:00,False
13571,26,4546.54,2009-12-08 13:02:00,2011-11-27 10:47:00,True
13572,1,1384.25,2011-05-18 11:59:00,2011-05-18 11:59:00,False
13573,6,916.47,2010-03-12 16:06:00,2011-10-20 14:33:00,True
13574,1,421.25,2010-10-24 13:28:00,2010-10-24 13:28:00,False
13575,5,732.0699999999999,2011-06-16 14:24:00,2011-11-16 13:14:00,True
13576,28,11551.74,2009-12-08 15:12:00,2011-11-29 15:34:00,True
13577,11,3489.28,2009-12-14 16:10:00,2011-11-14 15:19:00,True
13578,1,147.66,2010-10-26 13:44:00,2010-10-26 13:44:00,False
13579,5,1539.04,2010-02-18 13:53:00,2011-11-25 08:41:00,True
13580,1,107.75,2010-10-29 15:01:00,2010-10-29 15:01:00,False
13581,2,280.53,2010-10-21 16:30:00,2011-02-03 14:41:00,True
13582,2,241.68,2010-04-01 11:38:00,2010-11-15 11:34:00,True
13583,2,1445.031,2010-01-29 13:53:00,2011-07-07 10:40:00,True
13584,3,392.45000000000005,2010-02-02 08:40:00,2011-02-06 12:49:00,True
13585,3,684.54,2009-12-01 14:56:00,2010-06-27 12:33:00,True
13586,1,131.53,2010-06-16 13:47:00,2010-06-16 13:47:00,False
13587,4,1673.5,2010-02-14 13:17:00,2011-10-07 12:31:00,True
13588,9,2478.95,2011-03-29 15:53:00,2011-11-24 10:42:00,True
13589,6,1120.74,2009-12-06 10:26:00,2011-11-25 12:10:00,True
13590,18,6349.59,2009-12-01 13:37:00,2011-11-28 12:54:00,True
13591,7,2093.94,2009-12-14 15:44:00,2011-10-06 12:26:00,True
13592,4,247.95999999999998,2011-03-20 14:01:00,2011-11-04 09:49:00,True
13593,14,5523.6900000000005,2010-03-02 16:36:00,2011-08-23 13:35:00,True
13594,2,533.32,2010-08-11 10:23:00,2011-10-18 10:19:00,True
13595,3,818.22,2010-03-03 14:42:00,2010-07-11 12:36:00,True
13596,2,697.04,2011-11-27 11:57:00,2011-12-04 12:01:00,True
13597,2,396.71,2010-11-02 09:30:00,2010-11-04 14:54:00,True
13598,5,789.5899999999999,2010-02-26 11:22:00,2011-10-23 14:28:00,True
13599,33,10167.630000000001,2009-12-01 12:30:00,2011-12-08 16:10:00,True
13600,2,518.42,2010-03-15 17:16:00,2011-01-31 15:27:00,True
13601,4,1185.14,2010-06-11 15:03:00,2011-10-25 17:31:00,True
13602,4,1025.17,2010-05-28 11:49:00,2011-10-06 11:47:00,True
13603,1,164.34,2011-11-13 15:57:00,2011-11-13 15:57:00,False
13604,1,717.62,2010-02-19 12:02:00,2010-02-19 12:02:00,False
13605,2,522.6700000000001,2010-05-17 15:46:00,2010-11-17 17:16:00,True
13606,3,280.53999999999996,2011-02-01 11:42:00,2011-11-10 17:46:00,True
13607,2,1078.31,2010-11-02 11:48:00,2011-10-30 16:17:00,True
13608,1,236.2,2010-06-17 12:28:00,2010-06-17 12:28:00,False
13609,1,167.35,2010-04-25 13:26:00,2010-04-25 13:26:00,False
13610,14,2175.88,2010-01-05 14:12:00,2011-11-27 15:38:00,True
13611,10,3319.53,2009-12-03 07:57:00,2011-09-11 14:51:00,True
13612,1,818.29,2010-03-17 12:14:00,2010-03-17 12:14:00,False
13613,5,1039.85,2010-02-17 12:40:00,2010-09-13 12:01:00,True
13614,6,2359.19,2010-06-06 13:42:00,2011-11-15 14:47:00,True
13615,8,6272.53,2010-01-28 15:43:00,2011-01-25 08:21:00,True
13616,2,288.1,2010-01-17 14:56:00,2010-05-20 12:59:00,True
13617,8,1278.75,2010-08-01 15:23:00,2011-10-30 13:50:00,True
13618,1,177.34,2011-06-19 11:09:00,2011-06-19 11:09:00,False
13619,2,231.69,2010-02-03 14:16:00,2010-06-13 11:39:00,True
13620,1,112.34,2010-06-29 15:02:00,2010-06-29 15:02:00,False
13621,1,213.85,2011-08-15 08:26:00,2011-08-15 08:26:00,False
13622,1,658.95,2010-01-12 13:22:00,2010-01-12 13:22:00,False
13623,10,2566.4900000000002,2009-12-02 13:57:00,2011-11-09 12:00:00,True
13624,1,462.08,2010-11-16 13:43:00,2010-11-16 13:43:00,False
13625,1,301.26,2010-04-22 10:50:00,2010-04-22 10:50:00,False
13626,2,707.04,2010-11-25 16:12:00,2011-04-01 10:05:00,True
13627,7,2245.9,2010-03-09 14:03:00,2011-10-11 14:20:00,True
13628,1,310.14,2010-02-01 14:44:00,2010-02-01 14:44:00,False
13629,19,13370.86,2010-02-11 17:34:00,2011-11-16 13:21:00,True
13630,7,2031.78,2011-02-27 12:49:00,2011-12-04 15:16:00,True
13631,11,3070.42,2011-03-17 17:13:00,2011-09-01 09:57:00,True
13632,8,3648.15,2010-04-07 10:59:00,2011-11-15 10:51:00,True
13634,16,5073.47,2010-01-10 14:26:00,2011-11-06 13:40:00,True
13635,4,2999.16,2009-12-01 09:46:00,2011-10-03 10:55:00,True
13636,5,949.12,2011-02-27 14:29:00,2011-11-03 10:30:00,True
13637,3,810.5,2011-04-27 13:06:00,2011-10-18 13:32:00,True
13638,1,122.64,2011-11-24 10:38:00,2011-11-24 10:38:00,False
13639,2,1346.27,2010-09-29 10:05:00,2011-09-26 13:36:00,True
13640,1,405.0,2010-04-07 15:33:00,2010-04-07 15:33:00,False
13641,5,1016.47,2009-12-05 13:17:00,2010-03-09 07:37:00,True
13642,4,514.72,2010-10-03 12:23:00,2011-05-08 12:34:00,True
13643,10,2156.77,2009-12-08 12:48:00,2011-11-08 15:37:00,True
13644,4,2624.26,2011-08-26 11:53:00,2011-11-23 14:07:00,True
13645,1,252.1,2011-08-11 16:11:00,2011-08-11 16:11:00,False
13646,2,326.25,2010-11-05 12:00:00,2010-11-05 12:13:00,True
13647,8,3071.6800000000003,2010-04-15 12:55:00,2011-11-30 12:00:00,True
13648,8,1764.02,2009-12-01 18:13:00,2010-11-04 14:46:00,True
13649,6,1678.88,2010-06-30 16:35:00,2011-03-28 11:51:00,True
13650,10,3288.0,2010-01-26 08:44:00,2011-11-23 12:22:00,True
13651,3,226.85000000000002,2010-11-23 09:44:00,2011-11-04 14:59:00,True
13652,5,2570.85,2010-02-25 17:37:00,2011-10-25 08:51:00,True
13653,1,152.2,2010-08-09 08:19:00,2010-08-09 08:19:00,False
13654,11,6308.0,2009-12-02 11:43:00,2011-10-27 16:24:00,True
13655,6,2280.51,2010-04-27 09:59:00,2011-08-17 14:25:00,True
13656,4,1078.85,2010-04-23 12:50:00,2011-06-28 10:31:00,True
13657,2,382.14,2011-05-22 12:35:00,2011-11-29 12:32:00,True
13658,9,6025.5,2010-02-05 13:17:00,2011-11-30 10:13:00,True
13659,12,4894.88,2010-02-17 09:05:00,2011-05-18 12:37:00,True
13660,1,314.59,2010-11-04 16:10:00,2010-11-04 16:10:00,False
13661,1,325.24,2010-04-15 14:58:00,2010-04-15 14:58:00,False
13662,11,2250.11,2010-02-19 13:21:00,2011-09-15 12:04:00,True
13663,5,2047.51,2010-03-03 10:11:00,2011-06-13 15:44:00,True
13665,3,1711.6599999999999,2010-07-23 13:29:00,2010-11-18 13:06:00,True
13666,5,127.9,2009-12-04 10:48:00,2011-10-10 15:39:00,True
13667,1,305.02,2011-07-13 15:42:00,2011-07-13 15:42:00,False
13668,35,13089.94,2009-12-11 14:28:00,2011-12-07 12:11:00,True
13669,3,413.54999999999995,2010-10-28 15:05:00,2011-10-20 09:32:00,True
13670,1,349.7,2011-09-25 15:25:00,2011-09-25 15:25:00,False
13671,1,194.95,2010-11-10 10:50:00,2010-11-10 10:50:00,False
13672,3,419.9200000000001,2009-12-09 11:40:00,2011-02-11 13:53:00,True
13673,2,396.91999999999996,2011-11-07 15:40:00,2011-11-21 12:11:00,True
13674,1,240.68,2010-10-03 10:41:00,2010-10-03 10:41:00,False
13675,2,486.82000000000005,2011-02-28 12:14:00,2011-07-11 12:57:00,True
13676,2,243.90000000000003,2010-03-30 16:53:00,2010-06-18 17:30:00,True
13677,2,556.19,2010-07-07 17:25:00,2010-10-31 11:32:00,True
13678,1,232.6,2011-07-11 10:14:00,2011-07-11 10:14:00,False
13679,3,281.26,2009-12-04 16:52:00,2010-08-03 12:13:00,True
13680,12,11435.67,2009-12-04 14:14:00,2011-12-08 13:47:00,True
13681,4,827.83,2011-07-07 15:21:00,2011-11-22 11:13:00,True
13682,1,59.5,2011-06-05 14:06:00,2011-06-05 14:06:00,False
13683,1,258.6,2010-09-08 10:00:00,2010-09-08 10:00:00,False
13684,4,596.98,2010-03-28 14:48:00,2011-02-27 10:13:00,True
13685,7,3119.44,2011-10-10 12:59:00,2011-12-07 11:41:00,True
13686,3,409.04,2010-11-03 13:44:00,2011-06-10 09:10:00,True
13687,1,11880.84,2010-09-27 16:30:00,2010-09-27 16:30:00,False
13688,1,375.5,2010-03-14 14:11:00,2010-03-14 14:11:00,False
13689,2,1259.5,2010-09-21 10:27:00,2011-10-07 13:21:00,True
13690,1,172.25,2011-10-11 15:03:00,2011-10-11 15:03:00,False
13691,1,212.78,2010-11-08 17:34:00,2010-11-08 17:34:00,False
13692,5,3114.4,2010-10-15 13:28:00,2011-11-15 11:17:00,True
13693,9,2011.8200000000002,2009-12-07 11:29:00,2010-11-30 18:21:00,True
13694,143,196482.81,2009-12-04 15:26:00,2011-12-06 09:32:00,True
13695,16,2770.73,2010-05-11 11:07:00,2011-11-08 14:26:00,True
13696,3,2020.4,2010-02-11 14:17:00,2010-10-14 09:44:00,True
13697,1,151.29999999999998,2011-11-01 09:14:00,2011-11-01 09:14:00,False
13698,2,465.53000000000003,2010-01-27 09:02:00,2010-04-22 11:52:00,True
13699,2,764.1500000000001,2010-06-07 13:03:00,2011-07-07 16:51:00,True
13700,13,2613.46,2010-02-07 10:53:00,2011-11-13 13:00:00,True
13701,1,161.0,2010-09-19 12:39:00,2010-09-19 12:39:00,False
13702,1,135.18,2010-09-20 11:40:00,2010-09-20 11:40:00,False
13703,2,425.56,2010-10-20 13:11:00,2011-01-25 13:10:00,True
13704,9,2308.06,2011-09-12 14:40:00,2011-12-04 15:13:00,True
13705,7,2035.33,2010-03-25 17:19:00,2011-12-02 12:32:00,True
13706,2,631.1700000000001,2010-03-23 09:18:00,2011-02-10 09:21:00,True
13707,5,3365.8599999999997,2010-06-21 11:57:00,2011-03-17 18:03:00,True
13708,1,296.88,2011-03-13 13:46:00,2011-03-13 13:46:00,False
13709,18,7591.75,2010-01-11 10:40:00,2011-12-06 10:28:00,True
13710,3,509.52,2010-04-06 12:54:00,2011-11-08 08:16:00,True
13711,9,1792.26,2009-12-15 19:04:00,2011-05-05 10:31:00,True
13712,2,766.4200000000001,2010-04-08 11:16:00,2011-04-07 12:33:00,True
13713,3,743.26,2010-05-05 16:48:00,2010-10-27 16:18:00,True
13714,1,161.35,2010-08-31 13:57:00,2010-08-31 13:57:00,False
13715,17,8483.29,2010-03-11 15:33:00,2011-03-03 19:21:00,True
13716,1,138.28,2011-03-15 13:49:00,2011-03-15 13:49:00,False
13717,8,1763.3,2010-08-11 09:40:00,2011-11-07 14:13:00,True
13718,2,306.55,2011-02-17 11:58:00,2011-04-07 13:24:00,True
13719,11,2815.25,2010-05-17 14:36:00,2011-11-24 15:26:00,True
13720,4,799.9,2011-03-30 09:17:00,2011-08-15 12:46:00,True
13721,2,741.54,2010-11-09 17:59:00,2011-11-03 14:05:00,True
13722,10,5635.41,2010-03-03 14:13:00,2011-07-31 12:44:00,True
13723,6,1209.2,2010-04-07 14:32:00,2011-05-06 17:04:00,True
13724,1,213.01,2010-03-12 15:28:00,2010-03-12 15:28:00,False
13725,8,1980.56,2011-02-04 12:18:00,2011-10-21 10:03:00,True
13726,2,1079.66,2011-08-31 11:06:00,2011-11-01 10:49:00,True
13727,8,1080.05,2009-12-09 13:25:00,2011-11-11 09:46:00,True
13728,16,2855.17,2009-12-09 17:13:00,2011-11-03 10:49:00,True
13729,3,724.73,2010-01-24 14:57:00,2010-09-30 10:44:00,True
13730,2,752.5999999999999,2011-07-01 12:47:00,2011-07-27 08:35:00,True
13731,2,610.59,2011-04-07 10:10:00,2011-05-04 14:33:00,True
13732,1,491.86,2011-11-11 15:49:00,2011-11-11 15:49:00,False
13733,2,487.03000000000003,2009-12-04 15:28:00,2010-10-25 12:18:00,True
13734,4,6701.640000000001,2010-04-16 08:42:00,2010-07-19 12:04:00,True
13735,13,9813.220000000001,2009-12-13 13:31:00,2011-11-15 11:14:00,True
13736,7,2766.21,2009-12-06 12:07:00,2011-12-04 15:19:00,True
13737,1,339.59999999999997,2011-05-23 16:32:00,2011-05-23 16:32:00,False
13738,1,440.93,2010-11-08 15:23:00,2010-11-08 15:23:00,False
13739,2,292.2,2010-06-30 10:25:00,2011-11-21 13:35:00,True
13740,5,1597.77,2009-12-02 12:22:00,2011-04-13 10:32:00,True
13741,3,668.4300000000001,2011-05-06 13:43:00,2011-09-29 09:19:00,True
13742,12,3131.02,2011-01-23 14:59:00,2011-11-23 11:07:00,True
13743,7,1341.6,2011-03-25 14:46:00,2011-12-07 10:09:00,True
13744,2,1156.36,2011-02-20 14:08:00,2011-09-05 15:19:00,True
13745,2,777.36,2010-06-11 17:19:00,2011-06-30 16:43:00,True
13746,1,176.69,2010-10-22 11:55:00,2010-10-22 11:55:00,False
13747,2,249.39999999999998,2010-10-11 09:15:00,2010-12-01 10:37:00,True
13748,9,2268.35,2009-12-01 16:44:00,2011-09-05 09:45:00,True
13750,11,3602.1800000000003,2010-04-01 14:49:00,2011-10-17 12:16:00,True
13751,1,296.25,2011-02-24 15:56:00,2011-02-24 15:56:00,False
13752,7,1590.73,2010-06-30 10:23:00,2011-08-07 14:16:00,True
13753,4,2094.57,2009-12-03 10:20:00,2011-02-25 12:48:00,True
13754,3,447.05,2010-09-28 15:29:00,2011-07-11 11:51:00,True
13755,9,2161.35,2011-10-07 15:45:00,2011-12-06 12:26:00,True
13756,23,9207.5,2009-12-15 15:18:00,2011-12-07 16:44:00,True
13757,1,195.55,2010-02-03 12:37:00,2010-02-03 12:37:00,False
13758,15,9416.98,2009-12-01 10:06:00,2011-11-28 11:11:00,True
13759,2,659.4100000000001,2011-09-29 15:40:00,2011-11-06 14:47:00,True
13760,5,1363.6399999999999,2010-04-25 13:10:00,2011-10-16 16:13:00,True
13761,6,1952.17,2010-02-21 11:08:00,2011-10-20 14:01:00,True
13762,5,2472.48,2010-01-10 12:13:00,2011-05-05 09:15:00,True
13763,3,5217.4400000000005,2010-09-30 17:39:00,2011-10-07 15:13:00,True
13764,6,2953.26,2010-03-07 12:56:00,2011-09-30 12:03:00,True
13765,1,352.821,2010-02-24 13:46:00,2010-02-24 13:46:00,False
13766,1,190.35,2010-08-01 14:25:00,2010-08-01 14:25:00,False
13767,73,35540.53,2009-12-01 10:52:00,2011-12-07 15:00:00,True
13768,2,875.97,2009-12-09 10:25:00,2009-12-13 10:41:00,True
13769,20,5800.42,2009-12-16 11:59:00,2011-12-07 15:08:00,True
13770,4,785.37,2009-12-09 14:44:00,2010-10-13 15:10:00,True
13771,9,5728.82,2010-02-25 12:37:00,2011-10-06 14:18:00,True
13772,8,3114.22,2010-02-23 13:55:00,2011-11-06 11:43:00,True
13773,2,301.54,2010-02-18 10:27:00,2010-11-08 11:49:00,True
13774,1,345.0,2011-09-19 12:06:00,2011-09-19 12:06:00,False
13775,1,1049.66,2010-04-28 12:15:00,2010-04-28 12:15:00,False
13776,2,623.98,2010-10-07 16:07:00,2010-10-07 16:11:00,True
13777,61,56478.420000000006,2009-12-02 09:47:00,2011-12-09 12:25:00,True
13778,4,1124.49,2010-05-23 13:34:00,2011-08-28 15:25:00,True
13779,1,161.13,2010-07-12 11:24:00,2010-07-12 11:24:00,False
13780,3,735.82,2010-10-28 19:51:00,2011-12-02 13:49:00,True
13781,3,778.83,2009-12-18 15:46:00,2011-04-03 12:08:00,True
13782,13,1793.72,2009-12-06 12:52:00,2011-11-27 11:54:00,True
13783,4,1542.09,2010-02-04 13:47:00,2010-08-09 09:23:00,True
13784,14,2910.23,2010-09-15 12:27:00,2011-11-30 09:33:00,True
13785,4,542.49,2010-09-05 16:01:00,2010-10-07 09:25:00,True
13786,6,3358.9399999999996,2009-12-03 15:32:00,2010-12-07 13:53:00,True
13787,6,1222.5,2010-01-14 10:13:00,2011-09-25 12:06:00,True
13788,1,3.75,2010-07-22 15:50:00,2010-07-22 15:50:00,False
13789,1,239.45999999999998,2010-11-16 15:31:00,2010-11-16 15:31:00,False
13790,1,348.8,2011-12-05 15:48:00,2011-12-05 15:48:00,False
13791,2,1516.0,2011-06-24 16:38:00,2011-08-04 11:44:00,True
13792,3,383.95000000000005,2010-10-13 11:05:00,2011-10-04 14:31:00,True
13793,1,96.0,2010-03-03 08:25:00,2010-03-03 08:25:00,False
13794,1,126.03,2010-06-11 12:30:00,2010-06-11 12:30:00,False
13795,4,836.3,2010-03-12 12:44:00,2010-11-16 17:25:00,True
13796,1,289.7,2010-07-28 14:45:00,2010-07-28 14:45:00,False
13797,3,1179.45,2010-03-02 12:17:00,2010-09-29 10:34:00,True
13798,110,75836.87,2009-12-08 16:21:00,2011-12-08 15:51:00,True
13799,9,2803.57,2010-03-05 16:39:00,2011-08-15 12:07:00,True
13800,3,1679.56,2009-12-03 10:03:00,2011-02-03 12:27:00,True
13801,1,324.8,2011-10-04 10:15:00,2011-10-04 10:15:00,False
13802,19,26259.11,2010-02-16 10:11:00,2011-07-24 10:54:00,True
13803,3,1338.9099999999999,2010-03-31 10:00:00,2011-03-29 12:57:00,True
13804,9,3208.52,2010-09-29 10:26:00,2011-11-09 12:32:00,True
13805,2,924.6,2011-08-02 15:29:00,2011-10-18 14:50:00,True
13806,1,256.38,2011-10-07 11:43:00,2011-10-07 11:43:00,False
13807,3,534.8,2009-12-04 12:41:00,2010-12-07 15:48:00,True
13808,5,1747.66,2011-09-04 12:07:00,2011-12-04 12:18:00,True
13809,3,679.7,2010-09-05 11:42:00,2011-02-07 13:15:00,True
13810,3,1499.01,2011-10-14 12:57:00,2011-11-11 08:33:00,True
13811,3,814.5,2011-04-14 18:40:00,2011-06-09 09:54:00,True
13812,3,539.0,2011-08-26 12:54:00,2011-10-28 14:27:00,True
13813,8,2765.4700000000003,2009-12-06 10:16:00,2011-10-31 10:38:00,True
13814,3,2257.32,2010-06-30 14:12:00,2011-09-08 13:48:00,True
13815,8,7475.74,2010-02-12 10:26:00,2011-11-17 14:19:00,True
13816,2,571.6700000000001,2011-10-06 14:37:00,2011-11-16 08:38:00,True
13817,2,382.98,2010-12-23 11:46:00,2011-11-10 17:49:00,True
13818,1,61.28,2010-10-06 12:35:00,2010-10-06 12:35:00,False
13819,6,2642.35,2009-12-01 16:18:00,2011-02-11 10:38:00,True
13820,3,660.6500000000001,2010-01-28 12:26:00,2010-10-17 13:46:00,True
13821,6,1410.73,2010-01-04 13:36:00,2011-07-18 09:49:00,True
13822,2,632.0,2011-10-30 15:55:00,2011-12-04 12:13:00,True
13823,7,3403.45,2009-12-15 14:34:00,2011-11-21 10:22:00,True
13824,12,3314.76,2010-03-12 15:17:00,2011-11-07 12:41:00,True
13825,2,255.59000000000003,2009-12-09 14:30:00,2010-03-28 11:02:00,True
13826,1,189.5,2011-06-16 13:48:00,2011-06-16 13:48:00,False
13827,3,412.05,2011-07-19 15:38:00,2011-10-13 12:38:00,True
13828,1,209.49,2011-11-17 16:02:00,2011-11-17 16:02:00,False
13829,1,102.0,2010-10-14 18:19:00,2010-10-14 18:19:00,False
13830,1,156.85000000000002,2010-05-07 12:24:00,2010-05-07 12:24:00,False
13831,18,7023.58,2009-12-10 14:50:00,2011-11-23 15:41:00,True
13832,2,613.69,2010-10-13 14:41:00,2011-11-20 15:36:00,True
13833,2,701.36,2010-10-31 14:11:00,2011-07-03 13:27:00,True
13834,2,324.19,2010-02-08 12:52:00,2010-05-12 10:27:00,True
13835,7,1095.27,2010-03-04 08:26:00,2011-11-14 15:37:00,True
13836,2,620.37,2010-10-21 13:27:00,2010-11-05 13:31:00,True
13837,2,271.24,2011-01-26 12:15:00,2011-05-12 12:10:00,True
13838,10,1966.09,2010-05-09 11:40:00,2011-12-04 11:00:00,True
13839,1,139.95000000000002,2010-08-10 13:52:00,2010-08-10 13:52:00,False
13840,1,651.4,2010-10-19 13:34:00,2010-10-19 13:34:00,False
13841,1,85.0,2011-04-01 12:10:00,2011-04-01 12:10:00,False
13842,18,5629.91,2010-02-16 15:54:00,2011-10-12 10:51:00,True
13843,1,319.75,2010-11-23 17:48:00,2010-11-23 17:48:00,False
13844,1,361.62,2011-11-28 13:21:00,2011-11-28 13:21:00,False
13845,1,312.98,2011-10-06 08:25:00,2011-10-06 08:25:00,False
13846,4,1307.79,2010-11-05 09:47:00,2011-11-15 12:07:00,True
13847,1,310.72,2009-12-20 10:41:00,2009-12-20 10:41:00,False
13848,8,3335.0,2009-12-09 16:17:00,2011-09-08 12:58:00,True
13849,5,3469.2999999999997,2010-03-25 12:03:00,2011-10-19 10:59:00,True
13850,1,1595.48,2011-08-02 14:04:00,2011-08-02 14:04:00,False
13851,8,4606.46,2010-01-29 11:54:00,2011-09-05 12:36:00,True
13852,1,187.35000000000002,2010-04-08 09:06:00,2010-04-08 09:06:00,False
13853,1,1090.14,2011-10-13 14:18:00,2011-10-13 14:18:00,False
13854,39,12253.96,2010-01-08 11:28:00,2011-12-01 09:06:00,True
13855,4,1310.3400000000001,2009-12-08 16:56:00,2010-07-27 09:53:00,True
13856,11,1142.03,2010-03-30 15:40:00,2011-06-24 10:03:00,True
13857,6,1001.01,2010-05-17 14:21:00,2010-11-11 12:54:00,True
13858,1,216.17,2011-10-13 16:17:00,2011-10-13 16:17:00,False
13859,2,515.86,2010-06-28 15:36:00,2011-01-17 16:14:00,True
13860,5,1245.9,2011-09-14 09:27:00,2011-12-08 12:57:00,True
13861,2,273.26,2010-06-27 11:37:00,2010-10-06 14:20:00,True
13862,9,2556.09,2010-11-15 13:43:00,2011-11-21 16:24:00,True
13863,4,1239.55,2010-04-25 13:09:00,2011-04-06 10:20:00,True
13864,1,662.4000000000001,2010-11-18 12:50:00,2010-11-18 12:50:00,False
13865,4,501.56,2011-02-23 12:04:00,2011-10-12 13:31:00,True
13866,1,145.67000000000002,2011-09-26 14:54:00,2011-09-26 14:54:00,False
13867,3,1015.2900000000001,2011-05-05 17:28:00,2011-11-08 15:48:00,True
13868,2,3192.54,2011-11-01 12:45:00,2011-12-02 16:32:00,True
13869,10,8111.570000000001,2010-01-17 14:53:00,2011-08-08 13:53:00,True
13870,15,5712.08,2010-02-08 12:08:00,2011-12-07 13:23:00,True
13871,17,7885.85,2009-12-20 13:09:00,2011-11-17 10:49:00,True
13872,3,919.5699999999999,2009-12-14 09:56:00,2010-06-30 15:35:00,True
13873,8,1038.92,2010-03-03 12:31:00,2011-08-12 10:08:00,True
13874,7,2049.15,2010-02-04 18:39:00,2010-12-16 18:20:00,True
13875,14,4814.37,2009-12-17 10:30:00,2011-10-17 09:36:00,True
13876,1,122.7,2011-10-07 10:22:00,2011-10-07 10:22:00,False
13877,3,449.68,2010-01-19 10:53:00,2011-09-14 15:49:00,True
13878,4,2473.06,2010-04-14 13:50:00,2011-10-16 12:19:00,True
13879,1,395.5,2010-03-04 10:49:00,2010-03-04 10:49:00,False
13880,17,4391.66,2010-05-26 14:29:00,2011-11-18 13:44:00,True
13881,43,45179.1,2010-03-04 14:41:00,2011-12-06 12:50:00,True
13882,5,1191.13,2011-10-06 15:28:00,2011-12-07 11:16:00,True
13883,15,6560.02,2009-12-08 17:26:00,2011-11-29 10:45:00,True
13884,10,1888.48,2010-08-26 19:57:00,2011-12-02 16:30:00,True
13885,2,506.79999999999995,2011-05-23 08:52:00,2011-06-03 15:07:00,True
13886,1,243.56,2011-09-29 13:17:00,2011-09-29 13:17:00,False
13887,1,349.55,2011-05-19 17:22:00,2011-05-19 17:22:00,False
13888,7,2169.05,2010-05-13 11:57:00,2011-08-12 10:13:00,True
13889,6,1991.23,2010-01-22 14:32:00,2011-09-08 09:13:00,True
13890,14,2927.38,2009-12-06 15:15:00,2011-12-08 15:36:00,True
13891,3,863.56,2010-05-06 16:02:00,2010-11-26 15:57:00,True
13892,6,1267.6499999999999,2010-05-13 10:32:00,2011-11-13 11:50:00,True
13893,1,821.1,2011-02-15 11:30:00,2011-02-15 11:30:00,False
13894,3,564.62,2011-02-02 12:54:00,2011-11-16 09:44:00,True
13895,6,4008.52,2009-12-03 13:09:00,2011-11-11 16:57:00,True
13896,1,388.55,2010-03-24 08:55:00,2010-03-24 08:55:00,False
13897,3,1160.72,2010-01-31 13:48:00,2011-10-20 14:30:00,True
13898,2,686.4000000000001,2010-10-24 15:42:00,2011-01-18 10:28:00,True
13899,2,388.52,2011-03-10 09:30:00,2011-11-23 13:40:00,True
13900,6,1610.5900000000001,2010-03-25 13:46:00,2011-06-09 19:26:00,True
13901,15,5676.34,2010-01-05 09:29:00,2011-09-28 14:48:00,True
13902,5,34095.259999999995,2009-12-15 10:02:00,2010-03-17 13:09:00,True
13903,1,165.45000000000002,2010-11-04 17:44:00,2010-11-04 17:44:00,False
13904,2,332.64,2011-02-18 11:18:00,2011-11-02 13:41:00,True
13905,1,312.65,2009-12-07 11:41:00,2009-12-07 11:41:00,False
13906,1,42.0,2010-10-26 15:00:00,2010-10-26 15:00:00,False
13907,1,136.8,2010-01-17 12:22:00,2010-01-17 12:22:00,False
13908,4,2369.55,2011-03-08 12:04:00,2011-09-21 11:49:00,True
13909,2,286.59999999999997,2010-07-06 16:52:00,2010-10-12 17:22:00,True
13911,20,4234.99,2010-03-01 16:31:00,2011-10-13 15:43:00,True
13912,1,124.95,2010-10-12 08:43:00,2010-10-12 08:43:00,False
13913,1,42.22,2010-07-21 10:11:00,2010-07-21 10:11:00,False
13914,2,626.45,2011-11-03 16:28:00,2011-11-28 10:35:00,True
13915,1,70.80000000000001,2010-11-10 15:17:00,2010-11-10 15:17:00,False
13916,4,1275.81,2010-02-02 10:06:00,2010-09-02 10:04:00,True
13917,2,272.03999999999996,2011-06-01 12:46:00,2011-10-21 09:56:00,True
13918,2,1212.84,2011-03-31 18:05:00,2011-10-21 12:25:00,True
13919,4,1360.68,2010-06-17 09:30:00,2011-10-11 14:24:00,True
13920,4,1774.68,2010-05-26 15:48:00,2010-10-04 12:37:00,True
13921,4,730.7,2009-12-18 12:19:00,2010-11-02 16:32:00,True
13922,3,865.2,2010-08-29 14:36:00,2010-12-23 10:38:00,True
13923,1,351.13,2011-10-17 12:33:00,2011-10-17 12:33:00,False
13924,6,1838.85,2011-09-28 15:07:00,2011-12-08 09:39:00,True
13925,4,678.25,2011-07-28 12:09:00,2011-09-08 12:47:00,True
13926,1,223.85000000000002,2011-11-16 13:16:00,2011-11-16 13:16:00,False
13927,2,708.26,2010-09-28 16:12:00,2011-09-26 12:00:00,True
13928,4,464.57000000000005,2011-07-29 15:59:00,2011-11-29 10:33:00,True
13929,11,3494.1,2010-01-14 07:25:00,2011-06-23 15:26:00,True
13930,2,337.34,2011-07-26 11:00:00,2011-10-13 09:45:00,True
13931,11,5257.38,2009-12-03 10:26:00,2011-09-05 10:12:00,True
13932,1,307.4,2011-02-18 12:02:00,2011-02-18 12:02:00,False
13933,2,608.79,2011-07-14 13:35:00,2011-08-22 14:03:00,True
13934,1,922.1,2011-03-21 08:39:00,2011-03-21 08:39:00,False
13935,3,6116.92,2010-02-25 16:01:00,2010-04-22 11:21:00,True
13936,3,939.66,2010-10-21 14:21:00,2011-06-13 08:47:00,True
13937,2,880.13,2010-11-02 12:37:00,2011-06-23 16:35:00,True
13938,1,71.66,2011-11-04 14:37:00,2011-11-04 14:37:00,False
13939,7,1560.96,2010-04-06 12:43:00,2011-11-16 13:33:00,True
13940,4,839.14,2011-07-18 16:05:00,2011-11-22 15:15:00,True
13941,15,11122.3,2009-12-16 16:10:00,2011-11-18 09:43:00,True
13942,1,320.0,2010-06-23 12:35:00,2010-06-23 12:35:00,False
13943,1,246.54,2010-05-11 11:30:00,2010-05-11 11:30:00,False
13944,1,200.43,2010-02-24 15:02:00,2010-02-24 15:02:00,False
13945,2,854.15,2010-08-17 09:59:00,2010-11-10 10:00:00,True
13946,6,1876.23,2009-12-04 11:07:00,2011-09-21 13:33:00,True
13947,1,90.6,2011-10-05 14:42:00,2011-10-05 14:42:00,False
13948,4,548.76,2009-12-04 12:14:00,2010-12-14 10:18:00,True
13949,6,2427.32,2011-09-06 11:55:00,2011-12-07 09:35:00,True
13950,4,745.06,2011-04-07 11:29:00,2011-11-28 14:44:00,True
13951,3,674.45,2011-02-18 15:21:00,2011-06-16 16:43:00,True
13952,14,12823.520999999999,2009-12-16 09:41:00,2011-05-06 09:00:00,True
13953,12,6640.68,2009-12-11 12:58:00,2011-12-02 16:04:00,True
13954,2,439.91999999999996,2011-09-30 10:52:00,2011-12-08 12:50:00,True
13955,3,545.17,2010-11-29 17:35:00,2011-07-08 17:19:00,True
13956,5,1026.42,2011-03-13 12:51:00,2011-12-04 13:20:00,True
13957,3,458.25,2010-02-19 10:32:00,2010-10-18 10:02:00,True
13958,8,4709.23,2009-12-05 13:12:00,2010-11-25 10:11:00,True
13959,6,1076.18,2010-07-16 15:11:00,2011-09-21 15:06:00,True
13960,2,230.22,2011-09-29 12:39:00,2011-11-18 15:27:00,True
13961,1,538.4,2010-11-12 14:40:00,2010-11-12 14:40:00,False
13962,3,362.8,2010-09-30 10:35:00,2011-11-18 08:47:00,True
13963,17,3011.87,2010-04-21 16:20:00,2011-02-04 14:43:00,True
13964,2,438.9,2010-10-05 12:38:00,2010-11-17 13:53:00,True
13965,3,996.61,2010-01-05 15:21:00,2010-08-20 10:40:00,True
13966,1,390.86,2010-09-30 13:08:00,2010-09-30 13:08:00,False
13967,2,166.3,2010-11-08 13:24:00,2011-07-17 12:02:00,True
13968,1,123.66,2010-10-12 13:22:00,2010-10-12 13:22:00,False
13969,35,13365.869999999999,2010-03-25 13:15:00,2011-12-02 15:11:00,True
13970,2,846.55,2010-09-28 11:53:00,2010-11-18 13:21:00,True
13971,14,4667.57,2010-01-26 09:51:00,2011-11-21 12:06:00,True
13972,2,190.25,2011-05-22 11:34:00,2011-09-30 11:54:00,True
13973,1,264.7,2011-02-25 15:21:00,2011-02-25 15:21:00,False
13974,2,677.72,2010-05-06 17:55:00,2011-10-21 14:41:00,True
13975,12,5358.84,2010-02-02 13:13:00,2011-11-08 13:19:00,True
13976,4,1192.3600000000001,2010-02-09 13:08:00,2011-05-17 09:13:00,True
13977,1,519.8100000000001,2010-10-24 14:08:00,2010-10-24 14:08:00,False
13978,2,196.79000000000002,2011-10-25 15:04:00,2011-11-25 11:36:00,True
13979,7,3416.23,2009-12-03 10:02:00,2011-09-27 13:32:00,True
13980,5,799.92,2010-02-21 14:18:00,2011-10-10 13:34:00,True
13981,1,331.14,2010-10-20 10:03:00,2010-10-20 10:03:00,False
13982,9,4445.59,2010-01-20 14:04:00,2011-10-31 16:24:00,True
13983,21,7108.45,2009-12-09 13:53:00,2011-11-10 11:06:00,True
13984,12,2048.6,2009-12-07 11:51:00,2011-11-13 12:38:00,True
13985,22,10020.86,2010-02-09 13:56:00,2011-12-05 17:06:00,True
13986,1,320.46,2011-11-22 15:00:00,2011-11-22 15:00:00,False
13987,2,682.54,2010-11-04 09:54:00,2010-11-25 10:20:00,True
13988,8,4757.799999999999,2010-03-24 11:05:00,2011-11-20 10:15:00,True
13989,5,2026.06,2010-05-25 12:13:00,2011-10-05 09:47:00,True
13990,1,311.3,2011-05-10 15:19:00,2011-05-10 15:19:00,False
13991,6,855.9699999999999,2011-07-19 12:58:00,2011-11-27 16:18:00,True
13992,3,219.5,2010-09-02 17:04:00,2011-11-09 15:23:00,True
13993,19,6775.71,2009-12-03 11:57:00,2011-10-28 09:06:00,True
13994,6,2313.14,2011-07-14 18:28:00,2011-12-06 11:05:00,True
13995,14,3902.0099999999998,2009-12-18 12:43:00,2011-11-24 14:22:00,True
13996,2,895.76,2010-11-05 15:07:00,2010-11-18 16:27:00,True
13997,3,382.31,2010-06-07 17:33:00,2010-07-08 18:06:00,True
13998,3,566.7,2010-05-12 13:18:00,2010-09-19 10:20:00,True
13999,29,9502.26,2009-12-05 12:42:00,2011-11-29 13:40:00,True
14000,5,2046.3400000000001,2009-12-02 09:50:00,2011-05-12 16:50:00,True
14001,9,4530.09,2010-08-03 12:49:00,2011-10-25 10:31:00,True
14002,2,529.73,2011-07-06 14:59:00,2011-07-28 15:55:00,True
14003,1,209.41,2009-12-07 08:53:00,2009-12-07 08:53:00,False
14004,11,6258.45,2010-09-30 09:39:00,2011-10-27 14:40:00,True
14005,5,2874.7200000000003,2011-05-08 10:33:00,2011-11-30 12:41:00,True
14006,7,2196.67,2010-02-25 09:45:00,2011-08-16 09:39:00,True
14007,1,79.48,2010-07-15 09:06:00,2010-07-15 09:06:00,False
14008,1,509.04,2010-10-03 13:09:00,2010-10-03 13:09:00,False
14009,3,1099.91,2010-09-03 12:08:00,2011-05-25 15:47:00,True
14010,2,445.15,2010-05-23 12:46:00,2010-05-23 13:00:00,True
14011,2,457.82,2010-04-11 13:40:00,2010-08-16 15:31:00,True
14012,1,328.8,2011-03-07 12:26:00,2011-03-07 12:26:00,False
14013,5,1084.57,2010-03-26 10:02:00,2011-08-21 15:01:00,True
14014,3,1948.2099999999998,2010-05-12 09:04:00,2011-09-23 13:18:00,True
14015,1,917.34,2011-10-18 10:02:00,2011-10-18 10:02:00,False
14016,11,11403.41,2010-01-08 14:12:00,2011-07-01 11:29:00,True
14017,1,229.75,2010-05-17 14:52:00,2010-05-17 14:52:00,False
14018,1,367.15000000000003,2010-03-04 14:23:00,2010-03-04 14:23:00,False
14019,3,1421.61,2011-07-24 15:39:00,2011-10-24 10:13:00,True
14020,4,1249.01,2010-06-28 15:29:00,2011-11-23 09:22:00,True
14021,7,1716.5800000000002,2010-04-26 11:22:00,2011-07-07 15:46:00,True
14022,2,792.1500000000001,2010-08-10 09:38:00,2011-04-28 14:39:00,True
14023,2,584.0699999999999,2011-04-03 15:50:00,2011-12-02 13:58:00,True
14024,3,645.74,2010-11-14 10:51:00,2011-08-10 11:30:00,True
14025,8,4057.9,2010-05-05 09:56:00,2010-09-01 10:11:00,True
14026,2,713.11,2010-03-24 14:10:00,2010-08-26 10:31:00,True
14027,1,104.82,2011-10-10 09:01:00,2011-10-10 09:01:00,False
14028,3,10396.5,2010-06-07 12:02:00,2010-06-07 13:33:00,True
14029,2,467.65999999999997,2011-07-18 16:57:00,2011-10-07 14:46:00,True
14030,20,8262.289999999999,2009-12-10 17:27:00,2011-11-21 16:48:00,True
14031,44,40999.17,2009-12-03 15:35:00,2011-12-02 17:13:00,True
14032,16,4850.27,2009-12-14 12:02:00,2011-12-07 15:23:00,True
14033,1,109.44,2010-06-02 15:10:00,2010-06-02 15:10:00,False
14034,3,651.8199999999999,2011-07-05 13:06:00,2011-11-17 14:02:00,True
14035,9,2856.72,2010-04-06 12:39:00,2011-11-11 10:03:00,True
14036,1,626.65,2011-02-28 09:26:00,2011-02-28 09:26:00,False
14037,6,836.95,2009-12-07 11:39:00,2011-06-16 13:57:00,True
14038,5,3069.88,2010-02-04 08:56:00,2011-09-22 13:37:00,True
14039,2,267.28,2010-05-13 10:15:00,2011-11-06 13:48:00,True
14040,35,12645.57,2009-12-01 12:14:00,2011-10-30 12:42:00,True
14041,1,141.41,2011-03-18 13:25:00,2011-03-18 13:25:00,False
14042,1,431.98,2009-12-14 15:07:00,2009-12-14 15:07:00,False
14043,2,304.25,2009-12-10 15:56:00,2010-08-05 18:18:00,True
14044,10,3123.1,2010-01-24 15:14:00,2011-11-13 12:05:00,True
14045,16,11313.029999999999,2010-01-08 10:08:00,2011-08-22 15:27:00,True
14046,1,154.99,2011-02-28 14:48:00,2011-02-28 14:48:00,False
14047,14,4255.03,2010-02-01 10:05:00,2011-12-01 11:43:00,True
14048,3,748.69,2010-11-22 14:08:00,2011-02-07 14:53:00,True
14049,13,13239.029999999999,2010-04-01 14:52:00,2011-11-23 12:20:00,True
14050,2,746.36,2011-08-25 13:46:00,2011-11-08 10:00:00,True
14051,37,22434.0,2009-12-03 11:53:00,2011-12-09 10:20:00,True
14052,2,480.81,2010-11-14 11:37:00,2011-11-20 12:30:00,True
14053,4,572.3,2010-08-10 11:02:00,2011-08-07 14:27:00,True
14054,1,92.46,2011-10-05 15:49:00,2011-10-05 15:49:00,False
14055,3,1520.96,2009-12-16 15:11:00,2011-08-25 15:04:00,True
14056,23,8214.65,2011-02-28 15:19:00,2011-12-08 13:36:00,True
14057,22,8408.84,2009-12-03 13:17:00,2011-11-16 10:32:00,True
14058,2,469.19000000000005,2010-06-27 11:29:00,2010-09-03 09:31:00,True
14059,1,183.6,2011-03-18 10:06:00,2011-03-18 10:06:00,False
14060,30,9519.08,2010-03-11 09:47:00,2011-12-05 12:29:00,True
14061,3,917.4300000000001,2009-12-01 18:03:00,2010-07-20 17:22:00,True
14062,24,25604.2,2009-12-10 14:28:00,2011-11-30 10:04:00,True
14063,9,22710.2,2009-12-08 13:46:00,2010-09-27 16:18:00,True
14064,15,3332.42,2010-01-21 13:22:00,2011-11-10 13:14:00,True
14065,3,891.02,2010-10-04 12:03:00,2010-11-15 16:13:00,True
14066,1,152.55,2011-03-18 12:21:00,2011-03-18 12:21:00,False
14067,2,374.7,2011-09-04 12:00:00,2011-10-07 10:21:00,True
14068,4,1528.37,2010-01-31 10:10:00,2011-01-23 16:02:00,True
14069,2,230.06,2010-05-27 12:30:00,2010-07-13 12:12:00,True
14070,1,326.55,2010-01-24 12:27:00,2010-01-24 12:27:00,False
14071,8,1438.82,2011-03-20 11:33:00,2011-12-06 12:27:00,True
14072,1,390.85,2010-02-11 12:31:00,2010-02-11 12:31:00,False
14073,1,151.04,2011-11-07 15:49:00,2011-11-07 15:49:00,False
14074,1,219.39999999999998,2010-03-26 13:55:00,2010-03-26 13:55:00,False
14075,6,1734.87,2010-06-16 14:47:00,2011-12-05 08:38:00,True
14076,1,122.47,2011-08-02 15:19:00,2011-08-02 15:19:00,False
14077,6,615.0799999999999,2010-11-09 16:01:00,2011-10-30 12:35:00,True
14078,9,1692.63,2010-03-28 15:05:00,2011-08-30 12:16:00,True
14079,2,618.73,2010-01-26 17:19:00,2011-08-07 12:10:00,True
14080,5,1115.68,2009-12-02 15:01:00,2011-11-07 11:09:00,True
14081,10,5370.1,2009-12-10 18:27:00,2011-02-10 16:17:00,True
14082,2,413.36,2010-11-12 11:47:00,2010-12-10 11:02:00,True
14083,11,1407.26,2009-12-18 11:34:00,2011-12-05 13:14:00,True
14084,1,150.5,2010-07-15 14:36:00,2010-07-15 14:36:00,False
14085,33,10104.97,2009-12-08 13:41:00,2011-12-07 13:46:00,True
14086,1,39.95,2010-09-03 10:52:00,2010-09-03 10:52:00,False
14087,3,846.22,2009-12-04 15:27:00,2011-12-07 12:41:00,True
14088,16,64036.8,2010-10-14 19:46:00,2011-11-29 16:16:00,True
14089,1,161.0,2011-10-14 10:38:00,2011-10-14 10:38:00,False
14090,1,76.32000000000001,2011-01-19 10:51:00,2011-01-19 10:51:00,False
14091,2,9530.08,2010-01-10 13:41:00,2010-02-23 15:17:00,True
14092,24,7229.450000000001,2009-12-16 16:24:00,2011-12-02 12:13:00,True
14093,1,442.85,2011-11-27 16:27:00,2011-11-27 16:27:00,False
14094,1,335.22,2010-09-26 11:58:00,2010-09-26 11:58:00,False
14095,1,2.95,2009-12-17 12:49:00,2009-12-17 12:49:00,False
14096,17,65164.79,2011-08-30 10:49:00,2011-12-05 17:17:00,True
14097,2,422.86,2010-03-04 10:46:00,2010-08-15 14:20:00,True
14098,1,147.35,2011-11-03 10:13:00,2011-11-03 10:13:00,False
14099,20,5765.71,2009-12-10 11:55:00,2011-11-23 13:53:00,True
14100,1,194.9,2011-07-25 11:01:00,2011-07-25 11:01:00,False
14101,13,9961.93,2010-03-28 13:36:00,2011-09-27 12:28:00,True
14102,5,1360.28,2011-10-26 12:46:00,2011-12-04 15:38:00,True
14104,5,771.58,2010-05-28 16:11:00,2011-07-08 12:50:00,True
14105,5,5988.83,2009-12-18 16:57:00,2011-04-14 17:58:00,True
14106,1,214.79999999999998,2009-12-02 14:09:00,2009-12-02 14:09:00,False
14107,11,4877.3,2009-12-09 14:20:00,2011-10-19 12:12:00,True
14108,4,1044.96,2009-12-01 18:07:00,2011-11-09 10:41:00,True
14109,1,144.2,2011-09-28 10:18:00,2011-09-28 10:18:00,False
14110,33,12987.95,2009-12-01 09:50:00,2011-12-06 12:26:00,True
14111,4,692.85,2011-04-12 11:36:00,2011-11-25 13:44:00,True
14112,13,5834.59,2010-02-23 14:16:00,2011-11-17 12:30:00,True
14113,16,7092.610000000001,2009-12-08 07:42:00,2011-12-06 12:18:00,True
14114,7,1364.09,2010-04-12 11:07:00,2011-03-11 09:42:00,True
14115,2,622.6700000000001,2010-02-11 11:44:00,2010-07-26 12:36:00,True
14116,5,1382.74,2011-08-10 12:44:00,2011-11-20 10:29:00,True
14117,1,90.0,2011-07-19 09:49:00,2011-07-19 09:49:00,False
14118,1,458.45,2010-10-07 11:59:00,2010-10-07 11:59:00,False
14119,2,183.37,2009-12-21 14:52:00,2010-11-29 10:33:00,True
14121,4,2780.15,2011-10-11 10:39:00,2011-12-06 12:19:00,True
14122,3,362.42,2009-12-02 14:22:00,2010-10-29 15:11:00,True
14123,1,436.18,2009-12-06 15:35:00,2009-12-06 15:35:00,False
14124,1,419.58000000000004,2011-09-16 13:32:00,2011-09-16 13:32:00,False
14125,3,2740.43,2011-09-22 15:40:00,2011-11-29 12:47:00,True
14126,4,1172.46,2010-09-21 14:51:00,2011-12-02 11:45:00,True
14127,6,1900.08,2010-10-10 11:53:00,2011-08-09 10:49:00,True
14128,3,924.21,2010-06-06 14:05:00,2011-10-10 12:00:00,True
14129,9,2591.34,2010-05-09 14:54:00,2011-12-08 11:02:00,True
14130,4,1882.67,2009-12-11 16:33:00,2011-01-24 16:05:00,True
14131,1,187.87,2010-03-01 11:59:00,2010-03-01 11:59:00,False
14132,11,3586.0299999999997,2011-06-09 12:04:00,2011-12-07 13:35:00,True
14133,4,911.14,2009-12-06 12:10:00,2011-08-02 11:34:00,True
14134,15,11123.35,2009-12-10 09:25:00,2010-11-22 12:26:00,True
14135,24,9643.92,2009-12-02 08:58:00,2011-12-08 11:38:00,True
14136,5,1570.8100000000002,2009-12-08 09:19:00,2010-11-04 11:53:00,True
14137,1,332.7,2010-01-13 12:30:00,2010-01-13 12:30:00,False
14138,2,982.3800000000001,2011-10-07 09:38:00,2011-12-08 12:44:00,True
14139,4,1086.8,2010-06-15 09:17:00,2011-10-24 13:34:00,True
14140,2,935.05,2011-11-08 11:20:00,2011-12-06 09:05:00,True
14141,4,915.1300000000001,2011-08-26 14:40:00,2011-12-07 09:53:00,True
14142,2,983.1500000000001,2010-03-03 15:13:00,2010-12-01 16:33:00,True
14143,1,115.8,2011-07-29 09:48:00,2011-07-29 09:48:00,False
14144,1,30.599999999999998,2010-08-10 15:17:00,2010-08-10 15:17:00,False
14145,7,7600.049999999999,2010-04-08 09:47:00,2011-10-24 12:10:00,True
14146,12,9450.3,2010-01-13 16:04:00,2011-12-01 10:18:00,True
14147,9,2590.2000000000003,2010-03-09 13:43:00,2011-09-22 18:10:00,True
14148,2,466.29,2010-10-21 14:08:00,2011-04-20 12:02:00,True
14149,1,446.62,2011-05-03 09:44:00,2011-05-03 09:44:00,False
14150,2,658.6400000000001,2010-12-15 10:04:00,2011-11-04 10:05:00,True
14151,2,679.45,2009-12-23 10:54:00,2010-02-04 15:35:00,True
14152,7,1997.3400000000001,2010-02-18 13:57:00,2011-09-25 12:54:00,True
14153,1,233.4,2010-08-13 14:35:00,2010-08-13 14:35:00,False
14154,8,6460.7,2010-01-13 12:47:00,2011-04-14 16:26:00,True
14155,1,118.75,2011-03-18 14:13:00,2011-03-18 14:13:00,False
14156,156,313946.37,2009-12-01 12:30:00,2011-11-30 10:54:00,True
14157,5,1002.7800000000001,2010-03-03 16:49:00,2011-11-20 11:32:00,True
14158,1,507.66,2011-10-30 15:08:00,2011-10-30 15:08:00,False
14159,20,7938.01,2009-12-03 12:31:00,2011-11-20 12:36:00,True
14160,7,8421.470000000001,2010-01-10 12:06:00,2010-04-08 14:30:00,True
14161,7,3318.88,2009-12-13 11:46:00,2011-05-08 11:41:00,True
14162,2,289.36,2011-02-20 12:32:00,2011-06-19 11:36:00,True
14163,5,2594.62,2010-09-03 17:15:00,2011-09-13 15:18:00,True
14164,2,1631.77,2011-09-20 12:18:00,2011-09-30 12:24:00,True
14165,1,122.53999999999999,2011-03-09 12:39:00,2011-03-09 12:39:00,False
14166,2,256.85,2010-03-23 15:10:00,2010-07-22 19:42:00,True
14167,8,1296.49,2010-01-27 16:07:00,2011-10-31 14:29:00,True
14168,2,370.45,2010-05-24 12:28:00,2010-10-15 10:49:00,True
14169,2,624.4300000000001,2010-09-21 13:39:00,2010-10-05 08:45:00,True
14170,3,597.33,2010-11-09 14:06:00,2010-11-29 13:10:00,True
14171,2,498.79,2009-12-09 13:50:00,2011-09-02 16:43:00,True
14172,3,402.72,2010-03-07 10:58:00,2010-04-13 13:26:00,True
14173,6,586.0,2009-12-09 12:46:00,2011-11-29 11:54:00,True
14174,1,134.46,2011-11-06 13:17:00,2011-11-06 13:17:00,False
14175,8,7678.88,2010-03-22 10:43:00,2011-10-11 11:55:00,True
14176,5,916.01,2010-11-23 13:21:00,2011-02-15 13:12:00,True
14177,13,2229.34,2010-02-26 11:59:00,2011-09-14 15:11:00,True
14178,7,1620.93,2011-06-10 12:51:00,2011-12-01 12:01:00,True
14179,2,719.7800000000001,2011-10-18 14:00:00,2011-10-30 12:07:00,True
14180,33,6319.25,2010-06-09 14:56:00,2011-11-29 10:56:00,True
14181,2,310.55,2010-05-26 12:32:00,2010-10-25 08:27:00,True
14182,4,678.77,2010-04-22 15:36:00,2010-09-22 11:45:00,True
14183,2,286.29,2010-08-15 15:36:00,2010-10-24 14:45:00,True
14184,1,452.89,2011-10-04 12:43:00,2011-10-04 12:43:00,False
14185,1,197.65,2011-01-12 13:52:00,2011-01-12 13:52:00,False
14186,5,1550.63,2010-03-05 11:17:00,2010-10-08 13:30:00,True
14187,1,123.5,2010-08-23 12:06:00,2010-08-23 12:06:00,False
14188,6,2054.36,2011-02-02 13:46:00,2011-11-09 12:45:00,True
14189,16,5814.39,2010-11-16 09:28:00,2011-12-07 15:55:00,True
14190,1,79.9,2010-02-11 14:27:00,2010-02-11 14:27:00,False
14191,15,4817.66,2009-12-11 10:48:00,2011-12-08 09:23:00,True
14192,1,293.74,2010-11-16 17:44:00,2010-11-16 17:44:00,False
14193,3,1210.19,2010-11-08 12:31:00,2011-10-03 09:34:00,True
14194,36,18670.59,2010-01-06 12:16:00,2011-12-05 10:38:00,True
14195,6,2615.6,2010-03-15 17:12:00,2011-05-22 10:29:00,True
14196,1,335.52,2011-08-25 10:25:00,2011-08-25 10:25:00,False
14197,1,390.05,2010-10-25 10:01:00,2010-10-25 10:01:00,False
14198,9,1569.73,2010-01-05 10:07:00,2011-11-21 16:35:00,True
14199,4,1091.6999999999998,2010-06-27 12:13:00,2011-05-05 13:44:00,True
14200,1,379.2,2010-04-01 13:01:00,2010-04-01 13:01:00,False
14201,10,1193.54,2010-04-30 13:00:00,2011-10-10 13:27:00,True
14202,3,847.76,2010-03-25 10:36:00,2010-11-23 17:13:00,True
14203,1,339.34,2010-11-07 13:35:00,2010-11-07 13:35:00,False
14204,4,1062.96,2009-12-02 13:26:00,2011-12-07 13:38:00,True
14205,9,2414.2,2010-03-07 12:20:00,2011-11-23 10:55:00,True
14206,3,1185.0099999999998,2010-11-02 11:37:00,2011-04-14 16:38:00,True
14207,1,157.8,2010-01-21 09:33:00,2010-01-21 09:33:00,False
14208,2,567.05,2010-06-06 13:11:00,2011-09-06 12:48:00,True
14209,15,4993.27,2010-01-22 10:28:00,2011-11-29 10:18:00,True
14210,16,5861.52,2010-01-06 10:17:00,2011-08-26 12:36:00,True
14211,18,4402.29,2009-12-09 12:48:00,2011-10-17 13:23:00,True
14212,2,2190.14,2010-09-20 11:48:00,2011-09-11 12:45:00,True
14213,1,1192.2,2010-10-31 10:37:00,2010-10-31 10:37:00,False
14214,5,1004.38,2011-03-07 12:26:00,2011-11-09 10:31:00,True
14215,9,3416.33,2009-12-08 09:35:00,2011-11-28 12:19:00,True
14216,5,2150.04,2010-10-21 15:07:00,2011-12-06 14:56:00,True
14217,23,3416.89,2010-06-30 12:54:00,2011-12-08 11:53:00,True
14218,1,169.48000000000002,2011-10-28 10:00:00,2011-10-28 10:00:00,False
14219,3,633.8299999999999,2010-08-03 14:42:00,2011-12-05 16:23:00,True
14220,4,1515.0,2010-05-19 13:26:00,2011-04-06 13:23:00,True
14221,17,6517.49,2010-04-06 14:10:00,2011-10-28 13:42:00,True
14222,1,683.17,2011-06-15 16:42:00,2011-06-15 16:42:00,False
14223,3,991.13,2011-03-20 16:02:00,2011-09-08 13:38:00,True
14224,9,1897.9,2010-06-13 13:46:00,2011-08-21 13:24:00,True
14225,4,2037.02,2010-01-12 15:02:00,2010-10-01 10:32:00,True
14226,6,3002.53,2010-09-24 14:32:00,2011-11-11 11:34:00,True
14227,15,6368.71,2010-02-08 09:38:00,2011-11-13 15:48:00,True
14228,3,745.5,2010-06-11 12:29:00,2010-09-28 09:45:00,True
14229,7,2594.04,2010-08-25 11:47:00,2011-10-19 10:03:00,True
14230,3,979.8,2010-06-09 13:56:00,2010-09-30 09:07:00,True
14231,4,1235.62,2010-09-15 09:52:00,2011-06-09 11:05:00,True
14232,5,2048.07,2011-03-20 12:44:00,2011-10-28 11:09:00,True
14233,7,2904.27,2010-03-05 16:35:00,2011-10-21 15:54:00,True
14234,4,775.4599999999999,2011-10-13 13:58:00,2011-11-17 17:53:00,True
14235,9,4717.990000000001,2010-03-30 13:36:00,2011-09-25 14:37:00,True
14236,5,1744.64,2010-07-22 14:27:00,2011-09-20 09:13:00,True
14237,2,632.14,2010-04-28 10:04:00,2010-12-01 13:20:00,True
14238,3,434.23,2009-12-05 10:58:00,2011-01-17 14:40:00,True
14239,21,4263.17,2009-12-05 12:36:00,2011-10-27 14:40:00,True
14240,3,1247.49,2010-10-12 12:48:00,2011-11-09 13:45:00,True
14241,2,333.70000000000005,2010-01-12 15:11:00,2011-06-09 11:46:00,True
14242,2,280.54999999999995,2011-01-18 08:53:00,2011-04-19 11:46:00,True
14243,17,7431.05,2010-08-20 13:41:00,2011-12-01 11:12:00,True
14244,1,366.41999999999996,2010-02-17 11:40:00,2010-02-17 11:40:00,False
14245,2,1693.45,2011-03-21 10:41:00,2011-05-04 08:40:00,True
14246,3,1474.06,2011-04-08 08:25:00,2011-08-21 11:50:00,True
14247,5,772.66,2010-06-06 15:07:00,2011-03-06 15:21:00,True
14248,3,1032.95,2010-07-12 14:27:00,2011-01-25 14:45:00,True
14249,12,5625.461,2010-01-29 14:21:00,2010-10-25 12:34:00,True
14250,3,1904.05,2011-09-11 13:44:00,2011-12-02 14:30:00,True
14251,5,2879.7,2011-10-13 12:46:00,2011-12-08 08:32:00,True
14252,1,350.99,2010-11-23 13:36:00,2010-11-23 13:36:00,False
14253,2,363.40000000000003,2010-03-26 15:08:00,2010-08-03 14:55:00,True
14254,1,601.03,2010-10-03 11:52:00,2010-10-03 11:52:00,False
14255,1,1000.63,2010-06-11 15:54:00,2010-06-11 15:54:00,False
14256,5,2473.9900000000002,2010-01-14 10:35:00,2011-03-24 13:17:00,True
14257,9,5954.45,2010-03-01 15:36:00,2011-10-06 16:54:00,True
14258,25,32051.34,2009-12-04 08:36:00,2011-11-30 15:27:00,True
14259,1,120.0,2011-07-21 10:44:00,2011-07-21 10:44:00,False
14260,3,824.28,2010-06-09 11:23:00,2010-08-25 14:55:00,True
14261,2,1163.45,2011-09-22 10:47:00,2011-10-20 10:04:00,True
14262,8,2618.23,2011-04-13 12:23:00,2011-12-01 14:17:00,True
14263,1,322.93,2010-10-12 14:09:00,2010-10-12 14:09:00,False
14264,6,1517.3600000000001,2010-04-07 13:21:00,2011-07-08 10:20:00,True
14265,4,1373.35,2010-04-06 14:39:00,2011-08-22 13:32:00,True
14266,1,40.56,2010-10-07 13:32:00,2010-10-07 13:32:00,False
14267,3,1516.24,2011-03-24 11:38:00,2011-06-30 10:09:00,True
14268,1,354.85,2010-08-26 10:45:00,2010-08-26 10:45:00,False
14269,1,295.73,2010-09-26 12:53:00,2010-09-26 12:53:00,False
14270,1,492.65000000000003,2011-01-12 09:33:00,2011-01-12 09:33:00,False
14271,2,219.13,2010-10-26 17:01:00,2011-04-28 12:47:00,True
14272,4,920.8100000000001,2010-05-06 14:01:00,2011-09-27 10:08:00,True
14273,4,559.97,2011-04-11 13:24:00,2011-10-19 13:20:00,True
14274,1,256.6,2010-01-22 12:51:00,2010-01-22 12:51:00,False
14275,6,1189.3799999999999,2010-04-11 12:32:00,2010-11-09 09:06:00,True
14276,7,2102.68,2010-02-17 13:10:00,2011-09-02 09:45:00,True
14277,9,17225.809999999998,2009-12-13 15:43:00,2011-11-24 15:01:00,True
14278,1,205.83,2010-10-26 12:07:00,2010-10-26 12:07:00,False
14279,2,191.86,2010-01-27 16:34:00,2010-07-07 08:42:00,True
14280,1,134.04,2011-05-27 10:37:00,2011-05-27 10:37:00,False
14281,1,245.15,2010-10-27 14:45:00,2010-10-27 14:45:00,False
14282,25,7849.66,2010-02-15 11:22:00,2011-12-06 17:04:00,True
14283,4,628.44,2010-05-19 12:22:00,2010-09-02 14:46:00,True
14284,3,1299.65,2010-02-24 12:06:00,2011-11-09 08:11:00,True
14285,8,3284.42,2009-12-08 14:13:00,2011-11-18 14:50:00,True
14286,7,8479.76,2009-12-04 08:40:00,2011-11-16 10:34:00,True
14287,3,176.63,2011-05-25 11:41:00,2011-12-01 13:25:00,True
14288,1,426.6,2011-05-10 13:22:00,2011-05-10 13:22:00,False
14289,6,911.26,2011-02-23 12:33:00,2011-12-01 11:44:00,True
14290,8,4516.56,2009-12-08 11:44:00,2011-11-28 14:02:00,True
14291,23,7904.1,2009-12-09 10:46:00,2011-12-08 10:26:00,True
14292,16,9226.25,2010-03-19 11:10:00,2011-12-02 11:50:00,True
14293,9,3267.9300000000003,2009-12-10 10:57:00,2011-12-06 15:17:00,True
14294,1,375.34,2010-10-28 16:25:00,2010-10-28 16:25:00,False
14295,5,2362.91,2009-12-08 09:49:00,2011-10-30 15:50:00,True
14296,2,456.4,2010-05-14 14:34:00,2010-10-14 14:14:00,True
14297,4,1305.33,2011-03-10 08:31:00,2011-11-22 09:06:00,True
14298,82,91194.49,2009-12-11 13:49:00,2011-12-01 13:12:00,True
14299,27,14499.49,2009-12-02 10:58:00,2011-12-01 16:05:00,True
14300,1,43.2,2011-11-21 08:57:00,2011-11-21 08:57:00,False
14301,4,1992.18,2010-02-11 13:07:00,2011-08-14 15:33:00,True
14302,3,742.9000000000001,2009-12-02 08:16:00,2010-10-05 08:10:00,True
14303,2,277.94,2010-10-01 10:31:00,2010-10-28 15:37:00,True
14304,3,1725.01,2010-05-18 10:50:00,2011-05-01 11:50:00,True
14305,3,1858.96,2011-07-27 14:14:00,2011-09-29 15:29:00,True
14306,6,3151.4,2010-01-31 13:42:00,2011-10-19 13:23:00,True
14307,10,5071.03,2009-12-07 13:06:00,2011-09-12 09:38:00,True
14308,2,1147.02,2010-06-08 16:39:00,2010-06-08 16:48:00,True
14309,11,3780.81,2010-06-07 10:24:00,2011-12-01 13:33:00,True
14310,1,492.1,2010-10-03 12:34:00,2010-10-03 12:34:00,False
14311,2,516.45,2010-05-21 10:28:00,2011-04-11 10:14:00,True
14312,11,3090.29,2010-07-23 15:05:00,2011-10-24 09:46:00,True
14314,2,229.8,2010-10-05 08:00:00,2011-08-25 10:39:00,True
14315,8,3197.8199999999997,2010-03-15 12:49:00,2011-10-26 12:06:00,True
14316,5,1370.34,2010-03-19 15:18:00,2010-10-13 16:31:00,True
14317,1,508.58000000000004,2011-10-06 10:44:00,2011-10-06 10:44:00,False
14318,1,158.02,2010-09-05 15:32:00,2010-09-05 15:32:00,False
14319,1,494.85,2010-10-11 13:38:00,2010-10-11 13:38:00,False
14320,5,1346.75,2010-01-21 11:44:00,2011-05-17 09:24:00,True
14321,7,2218.06,2010-08-23 12:56:00,2011-11-29 09:47:00,True
14322,4,474.1,2010-02-18 08:49:00,2010-10-06 15:17:00,True
14323,2,605.06,2011-04-15 11:44:00,2011-08-17 11:37:00,True
14324,2,701.61,2010-01-15 13:31:00,2010-10-26 11:44:00,True
14325,1,245.48000000000002,2010-05-19 09:20:00,2010-05-19 09:20:00,False
14326,3,940.98,2010-06-25 12:10:00,2011-04-11 15:04:00,True
14327,6,1894.9299999999998,2010-01-08 14:04:00,2011-06-29 13:58:00,True
14328,1,445.05,2010-09-27 16:01:00,2010-09-27 16:01:00,False
14329,15,9927.22,2009-12-16 15:31:00,2011-11-22 15:50:00,True
14330,1,200.63,2010-03-26 09:10:00,2010-03-26 09:10:00,False
14331,2,462.66,2011-07-27 15:14:00,2011-08-07 13:17:00,True
14332,5,1943.5100000000002,2010-10-19 13:01:00,2011-11-17 11:54:00,True
14333,1,415.2,2011-10-03 10:38:00,2011-10-03 10:38:00,False
14334,12,4318.48,2010-05-20 10:04:00,2011-11-23 10:01:00,True
14335,2,468.26,2011-09-04 13:07:00,2011-11-23 13:41:00,True
14336,4,1614.91,2011-03-08 16:48:00,2011-11-23 11:40:00,True
14338,3,928.1,2010-06-21 10:32:00,2011-07-01 14:08:00,True
14339,2,620.27,2010-10-07 08:50:00,2011-04-11 11:06:00,True
14340,1,134.7,2011-05-05 09:44:00,2011-05-05 09:44:00,False
14341,18,4467.32,2009-12-01 12:20:00,2011-10-25 15:48:00,True
14342,6,918.44,2010-08-24 13:03:00,2011-11-18 13:21:00,True
14343,4,1088.91,2010-01-18 16:47:00,2010-10-14 13:05:00,True
14344,20,3333.7000000000003,2010-03-23 15:47:00,2011-08-04 13:51:00,True
14345,1,108.97999999999999,2011-11-01 09:51:00,2011-11-01 09:51:00,False
14346,5,2315.75,2010-07-30 10:44:00,2011-08-11 09:47:00,True
14347,1,82.6,2009-12-03 10:49:00,2009-12-03 10:49:00,False
14348,1,409.57,2011-03-24 16:23:00,2011-03-24 16:23:00,False
14349,1,133.5,2011-11-29 15:39:00,2011-11-29 15:39:00,False
14350,3,972.03,2010-10-05 15:52:00,2011-03-10 14:14:00,True
14351,1,51.0,2011-06-28 11:56:00,2011-06-28 11:56:00,False
14352,4,1078.96,2011-03-11 14:58:00,2011-07-05 15:41:00,True
14353,3,376.5,2010-10-04 12:38:00,2011-05-08 16:06:00,True
14354,2,163.62,2011-11-09 15:36:00,2011-12-04 11:32:00,True
14355,3,1014.45,2010-03-22 15:08:00,2010-12-09 12:16:00,True
14356,2,701.23,2011-09-19 14:43:00,2011-09-21 09:18:00,True
14357,1,225.77,2011-10-27 16:23:00,2011-10-27 16:23:00,False
14358,2,400.05999999999995,2010-10-07 17:26:00,2010-11-15 15:51:00,True
14359,3,912.1800000000001,2011-09-13 09:03:00,2011-11-20 13:17:00,True
14360,4,2128.23,2011-09-06 11:58:00,2011-11-08 09:12:00,True
14361,1,214.70999999999998,2010-05-10 12:29:00,2010-05-10 12:29:00,False
14362,1,161.2,2011-11-17 15:08:00,2011-11-17 15:08:00,False
14363,2,227.47,2010-09-14 14:39:00,2010-11-02 17:01:00,True
14364,8,3717.35,2011-05-12 12:56:00,2011-08-23 11:01:00,True
14365,2,634.6800000000001,2010-01-27 09:44:00,2010-11-10 09:52:00,True
14366,1,136.0,2010-07-02 17:23:00,2010-07-02 17:23:00,False
14367,16,9261.52,2011-03-08 14:12:00,2011-12-01 13:19:00,True
14368,1,155.0,2011-01-24 09:52:00,2011-01-24 09:52:00,False
14369,2,469.13,2010-02-16 10:28:00,2010-03-07 15:47:00,True
14370,6,1175.78,2010-02-01 08:35:00,2010-09-15 10:53:00,True
14371,1,100.5,2011-02-17 16:35:00,2011-02-17 16:35:00,False
14372,2,860.08,2010-04-19 15:57:00,2010-09-22 16:17:00,True
14373,1,76.55,2010-12-16 15:40:00,2010-12-16 15:40:00,False
14374,1,108.0,2010-06-16 14:25:00,2010-06-16 14:25:00,False
14375,3,1132.99,2010-06-16 14:34:00,2011-06-07 13:44:00,True
14376,1,215.46,2010-01-25 15:36:00,2010-01-25 15:36:00,False
14377,2,617.05,2011-03-22 13:38:00,2011-06-01 13:32:00,True
14378,1,131.25,2010-03-28 12:22:00,2010-03-28 12:22:00,False
14379,4,1268.9099999999999,2010-08-16 15:31:00,2011-10-26 16:43:00,True
14380,1,48.96,2010-01-26 17:11:00,2010-01-26 17:11:00,False
14381,2,631.3399999999999,2010-09-14 16:15:00,2011-10-18 17:10:00,True
14382,2,1246.8,2010-11-14 16:32:00,2011-11-13 16:18:00,True
14383,3,1247.69,2011-06-29 10:18:00,2011-11-01 15:53:00,True
14384,1,58.5,2010-07-27 09:53:00,2010-07-27 09:53:00,False
14385,3,202.10999999999999,2011-11-16 11:55:00,2011-11-30 15:36:00,True
14386,1,142.4,2011-02-16 09:45:00,2011-02-16 09:45:00,False
14387,3,1770.56,2011-08-22 14:13:00,2011-11-07 12:29:00,True
14388,16,6701.0,2010-01-20 11:54:00,2011-11-29 13:32:00,True
14389,5,1898.01,2010-04-28 14:57:00,2011-10-05 15:17:00,True
14390,13,6399.83,2010-10-10 14:30:00,2011-11-29 13:49:00,True
14391,1,135.6,2010-05-12 09:42:00,2010-05-12 09:42:00,False
14392,1,266.4,2010-10-03 12:56:00,2010-10-03 12:56:00,False
14393,1,67.95,2011-05-05 18:16:00,2011-05-05 18:16:00,False
14394,1,93.8,2010-05-24 10:43:00,2010-05-24 10:43:00,False
14395,20,8208.01,2010-04-18 13:12:00,2011-12-07 14:34:00,True
14396,7,2121.9300000000003,2009-12-02 14:21:00,2011-10-05 16:09:00,True
14397,19,2612.96,2011-05-10 12:25:00,2011-12-07 09:22:00,True
14398,2,707.79,2010-06-30 11:57:00,2010-11-03 13:46:00,True
14399,8,2113.16,2010-02-03 13:09:00,2010-11-10 13:23:00,True
14400,3,1732.47,2010-03-18 12:11:00,2011-07-13 15:50:00,True
14401,22,6795.9,2009-12-14 13:22:00,2011-12-05 13:30:00,True
14402,1,285.6,2010-02-25 13:20:00,2010-02-25 13:20:00,False
14403,6,1880.51,2010-03-10 14:00:00,2011-08-01 12:57:00,True
14404,13,2899.11,2009-12-20 14:40:00,2011-11-06 12:30:00,True
14405,1,195.0,2010-11-18 11:40:00,2010-11-18 11:40:00,False
14406,1,156.75,2011-08-12 16:54:00,2011-08-12 16:54:00,False
14407,6,2157.73,2011-03-08 11:59:00,2011-08-24 14:02:00,True
14408,11,4109.77,2009-12-07 12:18:00,2011-11-29 11:41:00,True
14409,9,3756.09,2010-05-21 16:45:00,2011-09-29 18:18:00,True
14410,11,2651.1400000000003,2010-09-28 15:46:00,2011-09-08 15:08:00,True
14411,1,1063.0,2011-02-02 10:56:00,2011-02-02 10:56:00,False
14412,3,1426.19,2010-10-11 12:33:00,2011-10-28 10:45:00,True
14413,4,770.37,2010-01-19 14:27:00,2010-12-12 13:37:00,True
14414,8,2399.33,2010-11-30 10:12:00,2011-09-09 12:09:00,True
14415,23,12091.6,2009-12-16 14:08:00,2011-12-08 14:38:00,True
14416,2,490.22,2011-10-28 15:10:00,2011-11-17 15:22:00,True
14417,1,604.2,2010-11-17 10:55:00,2010-11-17 10:55:00,False
14418,3,1937.25,2011-08-23 17:18:00,2011-12-06 11:39:00,True
14419,7,1260.91,2010-11-22 11:09:00,2011-11-29 11:22:00,True
14420,4,1639.17,2010-01-17 12:41:00,2011-09-01 18:07:00,True
14421,6,2469.37,2010-01-17 11:30:00,2011-10-13 13:24:00,True
14422,19,10271.52,2009-12-17 12:12:00,2011-12-09 11:26:00,True
14423,3,916.6099999999999,2010-01-14 11:49:00,2011-05-05 15:12:00,True
14424,1,322.08,2011-11-22 11:48:00,2011-11-22 11:48:00,False
14425,3,661.39,2009-12-02 11:31:00,2010-10-01 10:24:00,True
14426,17,11727.94,2010-03-04 14:36:00,2011-11-16 12:25:00,True
14427,4,1263.52,2010-03-18 09:49:00,2011-10-20 14:23:00,True
14428,5,1244.83,2011-01-18 16:39:00,2011-12-02 13:17:00,True
14429,1,516.28,2010-11-01 10:08:00,2010-11-01 10:08:00,False
14430,3,1220.9,2010-04-11 15:59:00,2010-07-16 11:35:00,True
14431,4,2614.2,2010-01-21 10:49:00,2011-02-10 10:40:00,True
14432,6,2255.51,2011-09-11 14:09:00,2011-11-30 08:04:00,True
14433,1,289.6,2010-08-31 12:35:00,2010-08-31 12:35:00,False
14434,6,1372.8,2011-09-28 15:31:00,2011-11-18 08:56:00,True
14435,1,90.42,2010-07-26 12:33:00,2010-07-26 12:33:00,False
14436,2,271.70000000000005,2010-06-04 11:32:00,2011-09-02 10:13:00,True
14437,5,958.84,2010-05-05 12:20:00,2010-12-09 09:27:00,True
14438,1,131.9,2011-02-06 14:56:00,2011-02-06 14:56:00,False
14439,5,9443.039999999999,2010-01-21 14:01:00,2011-01-24 11:39:00,True
14440,13,6638.7300000000005,2009-12-02 12:13:00,2011-12-01 15:42:00,True
14441,11,4611.69,2010-01-18 10:40:00,2011-12-09 09:07:00,True
14442,7,5367.0199999999995,2010-01-18 12:59:00,2011-05-19 11:36:00,True
14443,5,2386.47,2010-11-25 14:18:00,2011-10-17 10:10:00,True
14444,1,132.04,2010-09-09 18:56:00,2010-09-09 18:56:00,False
14445,1,221.65,2010-09-10 11:09:00,2010-09-10 11:09:00,False
14446,5,1241.31,2010-11-18 12:08:00,2011-12-09 11:34:00,True
14447,6,1711.73,2010-11-04 13:32:00,2011-11-21 08:28:00,True
14448,2,375.35,2010-12-10 17:26:00,2011-11-30 13:50:00,True
14449,8,2482.7999999999997,2010-09-29 13:15:00,2011-11-21 12:06:00,True
14450,7,1128.44,2010-04-08 12:09:00,2011-06-12 10:46:00,True
14451,12,3308.77,2010-01-17 10:35:00,2011-10-10 13:38:00,True
14452,4,665.59,2010-07-06 13:13:00,2011-11-29 12:06:00,True
14453,1,119.93,2011-06-02 14:15:00,2011-06-02 14:15:00,False
14454,5,977.3,2009-12-06 12:56:00,2010-11-28 13:26:00,True
14455,4,628.21,2010-08-01 13:26:00,2010-10-03 15:48:00,True
14456,9,3062.3999999999996,2011-07-20 13:06:00,2011-12-04 13:59:00,True
14457,1,113.64,2011-02-02 09:39:00,2011-02-02 09:39:00,False
14458,1,237.42,2010-11-24 12:43:00,2010-11-24 12:43:00,False
14459,2,5375.741,2010-02-26 13:26:00,2011-07-07 13:35:00,True
14460,9,1093.5,2009-12-15 19:06:00,2011-08-21 14:19:00,True
14461,13,6713.5,2010-01-18 12:48:00,2011-07-14 17:11:00,True
14462,12,2270.01,2010-10-03 14:13:00,2011-10-04 15:55:00,True
14463,4,786.5699999999999,2010-07-28 11:35:00,2011-09-02 15:20:00,True
14464,2,111.0,2010-03-22 15:20:00,2010-05-20 18:00:00,True
14465,11,3946.03,2010-01-07 15:03:00,2011-04-07 12:38:00,True
14466,13,4646.9,2009-12-13 15:44:00,2011-11-10 14:07:00,True
14467,12,2220.99,2009-12-02 12:44:00,2011-11-22 12:48:00,True
14468,1,204.24,2009-12-06 12:21:00,2009-12-06 12:21:00,False
14469,4,2112.21,2010-01-29 11:12:00,2010-10-19 14:30:00,True
14470,3,712.04,2010-10-05 12:39:00,2011-11-28 10:31:00,True
14471,2,400.95,2009-12-07 12:26:00,2010-04-27 17:12:00,True
14472,9,2228.22,2010-01-19 13:09:00,2011-08-28 11:01:00,True
14473,2,234.34000000000003,2011-03-02 13:56:00,2011-09-26 15:10:00,True
14474,2,1278.08,2010-05-09 12:12:00,2011-10-24 13:26:00,True
14475,4,1151.15,2010-10-27 09:20:00,2011-09-29 10:46:00,True
14476,1,215.7,2011-03-27 15:39:00,2011-03-27 15:39:00,False
14477,7,1969.6,2010-01-04 15:41:00,2011-11-20 11:11:00,True
14478,4,1276.6599999999999,2009-12-01 13:20:00,2010-11-22 15:29:00,True
14479,4,1299.11,2009-12-06 13:48:00,2011-03-31 09:07:00,True
14480,4,1299.52,2009-12-21 16:32:00,2011-11-28 16:35:00,True
14481,5,2311.49,2010-01-31 12:43:00,2011-06-28 10:38:00,True
14482,12,4357.91,2010-08-26 14:13:00,2011-11-21 13:14:00,True
14483,2,257.1,2009-12-03 10:16:00,2011-03-03 10:26:00,True
14484,4,1070.98,2009-12-17 10:57:00,2011-10-20 14:11:00,True
14485,1,165.75,2011-11-01 12:25:00,2011-11-01 12:25:00,False
14486,2,175.5,2010-06-04 10:30:00,2010-07-16 09:42:00,True
14487,7,1453.61,2010-11-25 13:36:00,2011-11-13 12:17:00,True
14488,1,1064.28,2011-10-03 09:30:00,2011-10-03 09:30:00,False
14489,4,1574.93,2010-04-06 09:52:00,2011-05-16 14:51:00,True
14490,2,1273.47,2010-10-07 11:36:00,2010-10-29 15:04:00,True
14491,2,468.13,2010-12-02 12:10:00,2011-06-17 15:22:00,True
14492,7,1921.91,2010-03-30 14:23:00,2010-10-05 13:21:00,True
14493,10,5130.15,2010-03-08 08:33:00,2011-12-02 16:14:00,True
14494,3,401.46000000000004,2009-12-08 13:25:00,2011-11-14 09:21:00,True
14495,3,174.8,2010-02-18 08:49:00,2011-10-20 12:28:00,True
14496,7,2668.23,2010-03-16 13:15:00,2011-02-01 09:01:00,True
14497,2,697.06,2010-02-04 09:59:00,2011-02-03 17:01:00,True
14498,10,3911.27,2010-06-07 16:05:00,2011-10-28 12:09:00,True
14499,7,2138.9700000000003,2010-08-27 11:57:00,2011-11-13 13:01:00,True
14500,3,356.85,2011-06-03 10:08:00,2011-09-12 16:45:00,True
14501,2,251.21,2011-01-24 10:43:00,2011-06-09 12:02:00,True
14502,11,2470.67,2011-01-30 15:52:00,2011-11-20 11:50:00,True
14503,6,3543.26,2011-06-14 10:00:00,2011-12-06 13:30:00,True
14504,4,673.26,2011-03-06 14:38:00,2011-10-23 16:00:00,True
14505,19,12001.84,2009-12-09 14:48:00,2011-11-22 15:45:00,True
14506,7,3290.67,2010-04-19 08:27:00,2011-11-22 13:02:00,True
14507,11,3284.4300000000003,2009-12-10 17:04:00,2011-11-16 12:21:00,True
14508,5,874.94,2010-06-17 13:02:00,2011-11-17 19:48:00,True
14509,1,110.95,2010-06-23 13:21:00,2010-06-23 13:21:00,False
14510,3,1007.28,2010-09-29 13:35:00,2010-11-29 12:46:00,True
14511,5,1314.81,2011-07-29 12:13:00,2011-11-28 17:05:00,True
14512,7,1223.47,2009-12-07 13:49:00,2011-06-05 12:39:00,True
14513,6,788.01,2010-05-20 17:57:00,2011-08-31 11:25:00,True
14514,9,4598.98,2009-12-13 13:21:00,2011-10-09 16:05:00,True
14515,12,3749.26,2010-06-07 12:37:00,2011-11-22 11:37:00,True
14516,1,163.92,2010-07-11 14:07:00,2010-07-11 14:07:00,False
14517,2,330.45,2011-07-21 11:42:00,2011-11-06 14:20:00,True
14518,1,174.37,2011-10-06 14:43:00,2011-10-06 14:43:00,False
14519,2,206.08999999999997,2009-12-11 10:40:00,2010-01-25 11:18:00,True
14520,2,270.6,2011-02-22 09:15:00,2011-12-08 09:46:00,True
14521,1,199.45000000000002,2010-08-05 16:35:00,2010-08-05 16:35:00,False
14522,8,1758.6200000000001,2010-01-24 13:55:00,2011-11-15 13:24:00,True
14523,1,241.09,2011-08-23 13:13:00,2011-08-23 13:13:00,False
14524,13,2933.71,2010-10-19 11:44:00,2011-11-08 12:29:00,True
14525,17,8240.64,2009-12-13 14:01:00,2011-11-20 11:37:00,True
14526,1,262.4,2010-11-15 13:32:00,2010-11-15 13:32:00,False
14527,122,27792.3,2009-12-02 12:06:00,2011-12-07 12:19:00,True
14528,1,364.21999999999997,2011-11-02 17:09:00,2011-11-02 17:09:00,False
14529,3,620.04,2011-08-21 14:10:00,2011-10-10 15:27:00,True
14530,16,6197.4,2010-01-21 11:25:00,2011-11-14 10:38:00,True
14531,1,376.34,2010-08-17 10:16:00,2010-08-17 10:16:00,False
14532,11,3859.18,2010-01-10 11:47:00,2011-04-17 13:05:00,True
14533,11,3466.37,2010-04-08 12:13:00,2011-11-15 12:05:00,True
14534,26,6271.11,2010-03-15 14:16:00,2011-12-07 12:19:00,True
14535,9,6030.73,2010-02-24 15:03:00,2011-10-10 15:39:00,True
14536,1,171.8,2011-03-25 12:21:00,2011-03-25 12:21:00,False
14537,2,641.4000000000001,2010-03-26 13:44:00,2011-10-13 10:54:00,True
14538,5,1370.8400000000001,2010-01-25 15:42:00,2011-10-06 10:31:00,True
14539,2,537.48,2011-10-26 12:03:00,2011-11-24 09:50:00,True
14540,11,3795.34,2009-12-07 13:00:00,2011-11-30 10:15:00,True
14541,14,2499.68,2010-01-07 11:59:00,2011-10-12 10:08:00,True
14542,1,103.25,2011-06-07 08:19:00,2011-06-07 08:19:00,False
14543,39,14906.77,2009-12-01 13:47:00,2011-11-11 12:45:00,True
14544,3,2982.4300000000003,2010-08-26 16:00:00,2011-11-15 15:06:00,True
14545,1,349.25,2010-02-03 15:23:00,2010-02-03 15:23:00,False
14546,11,5197.9,2009-12-06 13:10:00,2011-12-04 13:00:00,True
14547,8,4007.54,2011-10-16 14:35:00,2011-12-06 11:06:00,True
14548,9,2627.49,2009-12-06 14:00:00,2011-07-12 12:19:00,True
14549,4,916.5500000000001,2009-12-02 14:06:00,2011-02-01 13:47:00,True
14550,4,1353.31,2010-08-13 12:05:00,2011-11-29 12:12:00,True
14551,7,880.04,2010-01-27 12:06:00,2011-11-21 13:36:00,True
14552,3,511.28,2010-04-26 13:44:00,2011-07-11 12:49:00,True
14553,9,1841.54,2010-07-18 12:07:00,2011-11-20 13:20:00,True
14554,4,2381.04,2011-10-18 13:04:00,2011-11-29 16:44:00,True
14555,6,2315.63,2009-12-18 11:39:00,2011-10-13 16:24:00,True
14556,3,835.3399999999999,2010-01-20 11:49:00,2010-04-22 14:57:00,True
14557,1,788.38,2011-09-15 15:48:00,2011-09-15 15:48:00,False
14558,3,655.5,2009-12-08 10:41:00,2010-02-23 12:51:00,True
14559,1,75.6,2010-11-14 16:05:00,2010-11-14 16:05:00,False
14560,44,6114.03,2009-12-02 10:15:00,2011-12-02 15:22:00,True
14561,3,1080.76,2011-06-08 13:26:00,2011-09-25 12:39:00,True
14562,26,6729.4,2010-02-07 14:10:00,2011-12-06 11:05:00,True
14563,2,679.4399999999999,2010-04-26 12:51:00,2010-07-18 12:01:00,True
14564,2,2605.62,2009-12-04 09:27:00,2010-10-01 09:02:00,True
14565,5,3859.2200000000003,2010-08-23 09:48:00,2011-09-05 09:07:00,True
14566,4,4092.0,2010-06-24 10:34:00,2011-08-21 11:05:00,True
14567,2,1530.3600000000001,2011-08-01 13:48:00,2011-10-14 10:21:00,True
14568,1,919.7,2010-09-30 17:15:00,2010-09-30 17:15:00,False
14569,4,598.98,2010-04-15 11:49:00,2011-12-08 14:58:00,True
14570,3,613.75,2010-09-22 13:07:00,2011-03-04 10:58:00,True
14571,1,161.65,2010-10-10 15:06:00,2010-10-10 15:06:00,False
14572,11,5615.18,2010-03-28 13:47:00,2011-12-06 14:40:00,True
14573,13,2621.42,2010-01-08 16:34:00,2011-06-13 11:15:00,True
14574,1,143.70000000000002,2009-12-07 12:42:00,2009-12-07 12:42:00,False
14575,1,460.71,2010-08-08 14:51:00,2010-08-08 14:51:00,False
14576,1,70.80000000000001,2010-12-02 17:51:00,2010-12-02 17:51:00,False
14577,7,1374.25,2009-12-11 12:09:00,2011-11-27 12:47:00,True
14578,1,168.63,2011-12-06 17:18:00,2011-12-06 17:18:00,False
14579,1,105.56,2010-10-03 14:36:00,2010-10-03 14:36:00,False
14580,1,14.850000000000001,2010-07-09 15:20:00,2010-07-09 15:20:00,False
14581,2,433.79999999999995,2010-06-13 15:48:00,2011-11-23 12:39:00,True
14582,1,114.11,2011-10-30 11:56:00,2011-10-30 11:56:00,False
14583,8,1781.03,2010-03-28 15:16:00,2011-12-04 12:32:00,True
14584,8,1747.91,2010-02-17 14:01:00,2011-06-23 18:33:00,True
14585,5,1143.27,2010-10-19 12:17:00,2011-10-20 14:33:00,True
14586,1,237.36,2011-03-08 10:04:00,2011-03-08 10:04:00,False
14587,9,1601.1399999999999,2011-01-12 13:16:00,2011-11-21 11:34:00,True
14588,1,135.39,2010-05-10 15:08:00,2010-05-10 15:08:00,False
14589,1,79.5,2010-12-03 11:42:00,2010-12-03 11:42:00,False
14590,20,3006.62,2009-12-07 14:10:00,2010-10-11 12:06:00,True
14591,4,1447.14,2011-05-10 14:09:00,2011-11-24 13:57:00,True
14592,3,570.46,2011-10-06 18:08:00,2011-11-04 16:35:00,True
14593,12,3712.0099999999998,2009-12-09 12:57:00,2011-11-18 12:48:00,True
14594,2,634.83,2010-12-01 13:54:00,2011-12-02 13:28:00,True
14595,8,2164.4500000000003,2010-01-20 13:59:00,2011-11-20 12:12:00,True
14596,1,229.47,2010-03-23 12:13:00,2010-03-23 12:13:00,False
14597,6,2201.54,2010-09-28 13:17:00,2011-11-28 13:13:00,True
14598,2,384.03999999999996,2010-05-19 13:07:00,2011-10-26 13:19:00,True
14599,2,474.53999999999996,2010-07-18 15:54:00,2010-11-14 14:49:00,True
14600,2,865.1700000000001,2010-11-11 15:56:00,2011-02-07 09:48:00,True
14601,1,213.96,2011-11-29 09:48:00,2011-11-29 09:48:00,False
14602,1,205.35999999999999,2010-02-21 15:47:00,2010-02-21 15:47:00,False
14603,1,660.0,2011-03-10 10:27:00,2011-03-10 10:27:00,False
14604,1,143.85999999999999,2010-03-16 13:00:00,2010-03-16 13:00:00,False
14605,4,937.1600000000001,2009-12-08 13:59:00,2010-11-30 14:07:00,True
14606,192,30861.06,2009-12-03 12:40:00,2011-12-08 19:28:00,True
14607,22,24137.63,2009-12-15 11:25:00,2011-11-24 10:35:00,True
14608,11,3352.94,2009-12-06 12:34:00,2011-12-05 16:52:00,True
14609,10,1486.2,2010-02-09 09:48:00,2011-09-28 12:54:00,True
14610,2,24.35,2010-07-13 16:06:00,2010-11-09 10:58:00,True
14611,2,604.3299999999999,2010-04-20 10:19:00,2010-09-22 09:19:00,True
14612,1,877.7,2010-10-20 16:01:00,2010-10-20 16:01:00,False
14613,1,76.32000000000001,2010-01-28 13:02:00,2010-01-28 13:02:00,False
14614,1,295.13,2010-11-18 13:04:00,2010-11-18 13:04:00,False
14615,5,951.76,2010-06-09 13:59:00,2010-11-10 13:36:00,True
14616,5,527.78,2010-06-09 09:42:00,2011-04-11 09:54:00,True
14617,2,190.47000000000003,2010-10-20 10:40:00,2010-11-02 11:41:00,True
14618,7,1342.3200000000002,2010-06-11 10:11:00,2011-11-30 13:45:00,True
14619,2,1291.24,2010-06-16 14:41:00,2011-04-08 07:37:00,True
14620,2,412.78,2011-03-01 08:30:00,2011-05-18 11:58:00,True
14621,9,3000.57,2010-01-25 09:08:00,2011-12-08 16:22:00,True
14622,1,320.58000000000004,2011-06-08 12:42:00,2011-06-08 12:42:00,False
14623,10,2059.58,2010-04-16 17:12:00,2011-11-07 13:56:00,True
14624,6,814.07,2010-04-14 10:44:00,2011-10-13 13:44:00,True
14625,11,4497.88,2009-12-16 13:23:00,2011-05-27 15:32:00,True
14626,11,5410.92,2009-12-10 14:57:00,2011-11-16 10:37:00,True
14627,1,462.75,2010-11-25 16:32:00,2010-11-25 16:32:00,False
14628,5,1998.0,2010-01-25 14:40:00,2011-09-09 14:58:00,True
14629,2,959.01,2011-10-23 16:13:00,2011-12-05 16:55:00,True
14630,1,338.65,2010-08-12 16:38:00,2010-08-12 16:38:00,False
14631,6,2025.69,2010-08-09 14:45:00,2011-10-20 11:17:00,True
14632,1,114.56,2011-03-22 08:49:00,2011-03-22 08:49:00,False
14633,1,344.90000000000003,2011-03-18 17:07:00,2011-03-18 17:07:00,False
14634,4,2124.46,2010-06-16 09:48:00,2010-09-28 10:40:00,True
14635,1,215.22,2010-09-12 10:47:00,2010-09-12 10:47:00,False
14636,2,609.85,2011-03-16 09:52:00,2011-11-03 16:12:00,True
14637,1,106.67999999999999,2010-01-31 15:52:00,2010-01-31 15:52:00,False
14638,1,443.6,2011-10-20 10:10:00,2011-10-20 10:10:00,False
14639,9,4978.96,2010-02-16 12:35:00,2011-10-18 15:06:00,True
14640,10,3667.06,2010-01-22 15:44:00,2011-11-15 13:07:00,True
14641,1,110.46,2011-11-18 10:42:00,2011-11-18 10:42:00,False
14642,1,96.12,2011-10-12 11:08:00,2011-10-12 11:08:00,False
14643,5,1679.89,2009-12-11 11:52:00,2011-06-22 14:41:00,True
14644,7,2247.7200000000003,2009-12-03 16:24:00,2011-10-03 08:30:00,True
14645,3,876.8900000000001,2010-03-15 11:33:00,2011-07-06 09:15:00,True
14646,151,528602.52,2009-12-02 16:52:00,2011-12-08 12:12:00,True
14647,2,519.97,2010-07-04 13:27:00,2011-05-22 13:40:00,True
14648,15,4546.86,2009-12-10 13:59:00,2010-10-19 13:12:00,True
14649,9,3775.31,2010-01-20 13:10:00,2011-12-05 12:30:00,True
14650,1,62.5,2010-04-29 20:27:00,2010-04-29 20:27:00,False
14651,9,2034.1200000000001,2010-03-18 11:39:00,2011-10-03 15:52:00,True
14652,1,114.18,2011-09-23 14:21:00,2011-09-23 14:21:00,False
14653,12,3614.54,2009-12-02 11:51:00,2011-12-08 13:45:00,True
14654,1,246.86,2009-12-01 12:57:00,2009-12-01 12:57:00,False
14655,7,3878.51,2010-04-22 14:29:00,2011-12-01 16:28:00,True
14656,5,814.65,2010-04-15 12:10:00,2011-06-23 13:51:00,True
14657,6,1460.8700000000001,2010-09-30 19:57:00,2011-11-22 12:47:00,True
14658,2,247.15,2011-08-14 15:42:00,2011-12-04 15:35:00,True
14659,9,2529.93,2011-01-28 12:43:00,2011-12-01 12:17:00,True
14660,2,285.74,2011-08-31 10:40:00,2011-09-14 11:34:00,True
14661,1,107.95,2011-11-13 11:51:00,2011-11-13 11:51:00,False
14662,7,1416.33,2009-12-03 16:47:00,2011-11-11 12:13:00,True
14663,2,490.6,2010-10-05 13:12:00,2010-10-05 13:21:00,True
14664,2,637.89,2011-11-06 14:56:00,2011-11-20 10:59:00,True
14665,7,2749.65,2010-04-26 11:17:00,2011-10-10 09:14:00,True
14666,1,195.25,2011-11-15 12:57:00,2011-11-15 12:57:00,False
14667,54,21927.14,2009-12-02 12:38:00,2011-11-29 11:30:00,True
14668,1,111.63,2010-09-20 15:03:00,2010-09-20 15:03:00,False
14669,7,3243.9300000000003,2009-12-02 13:06:00,2011-04-12 11:43:00,True
14670,3,602.0,2009-12-07 13:59:00,2011-03-04 14:13:00,True
14671,2,1127.45,2010-05-20 18:21:00,2010-06-08 13:39:00,True
14672,4,1113.1399999999999,2010-01-28 11:33:00,2011-04-19 10:19:00,True
14673,7,3410.81,2010-10-26 10:14:00,2011-12-06 14:31:00,True
14674,1,173.66,2010-07-18 14:25:00,2010-07-18 14:25:00,False
14675,2,1066.9,2010-11-16 12:22:00,2011-11-23 12:58:00,True
14676,12,8356.789999999999,2010-03-10 09:30:00,2011-11-08 13:29:00,True
14677,1,184.91,2010-04-26 09:48:00,2010-04-26 09:48:00,False
14678,1,403.39,2010-05-09 14:32:00,2010-05-09 14:32:00,False
14679,3,1289.44,2009-12-08 17:13:00,2010-11-23 11:51:00,True
14680,58,57412.77,2009-12-04 12:36:00,2011-11-14 16:59:00,True
14681,6,875.1500000000001,2010-02-24 08:54:00,2011-09-29 15:52:00,True
14682,6,1514.81,2010-02-05 14:47:00,2011-06-05 12:12:00,True
14683,1,146.56,2010-04-30 17:18:00,2010-04-30 17:18:00,False
14684,6,1468.55,2010-11-14 14:07:00,2011-11-14 11:33:00,True
14685,8,4619.79,2009-12-13 11:32:00,2010-05-12 13:08:00,True
14686,5,885.8299999999999,2010-02-18 18:29:00,2010-10-21 18:31:00,True
14687,3,1402.06,2010-06-06 10:36:00,2011-08-25 11:59:00,True
14688,28,7713.570000000001,2010-09-09 12:35:00,2011-12-02 12:26:00,True
14689,1,112.8,2011-05-15 11:22:00,2011-05-15 11:22:00,False
14690,4,794.33,2010-10-25 12:20:00,2011-10-26 15:39:00,True
14691,5,2114.33,2011-05-11 09:55:00,2011-11-09 12:30:00,True
14692,12,1745.0900000000001,2010-04-01 14:04:00,2011-07-25 15:08:00,True
14693,7,1165.3600000000001,2010-07-02 08:28:00,2011-03-20 12:50:00,True
14694,1,244.31,2010-04-01 19:46:00,2010-04-01 19:46:00,False
14695,3,1620.0700000000002,2009-12-07 11:05:00,2010-07-08 14:18:00,True
14696,8,2767.9,2010-10-14 11:43:00,2011-12-05 13:43:00,True
14697,2,188.60999999999999,2011-05-05 15:29:00,2011-05-05 15:39:00,True
14698,5,1250.76,2011-10-19 12:54:00,2011-12-08 12:26:00,True
14699,4,702.6,2010-07-02 12:04:00,2011-05-09 14:54:00,True
14700,5,3116.2599999999998,2010-08-11 12:19:00,2011-11-07 14:40:00,True
14701,15,4562.09,2010-01-24 12:15:00,2011-11-29 12:38:00,True
14702,29,6754.22,2009-12-10 20:22:00,2011-12-08 19:29:00,True
14703,1,318.17,2011-11-25 09:23:00,2011-11-25 09:23:00,False
14704,11,1813.5700000000002,2010-03-25 17:21:00,2011-11-28 12:51:00,True
14705,1,179.0,2011-05-25 12:39:00,2011-05-25 12:39:00,False
14706,1,390.69,2010-03-31 11:09:00,2010-03-31 11:09:00,False
14707,2,139.2,2010-05-12 11:07:00,2010-09-30 11:37:00,True
14708,5,2212.28,2010-09-10 10:26:00,2011-12-07 08:21:00,True
14709,25,8886.33,2009-12-05 15:26:00,2011-11-24 15:41:00,True
14710,13,1922.5900000000001,2009-12-03 17:12:00,2011-11-25 14:53:00,True
14711,11,2868.8,2011-03-22 13:32:00,2011-11-29 14:58:00,True
14712,4,1328.0700000000002,2010-10-17 14:49:00,2011-11-10 12:59:00,True
14713,21,5418.87,2009-12-03 19:22:00,2011-11-30 16:26:00,True
14714,4,906.24,2010-01-21 11:51:00,2011-11-15 13:07:00,True
14715,8,1840.45,2010-01-19 12:18:00,2011-11-15 12:10:00,True
14716,3,565.45,2010-09-21 12:07:00,2011-10-27 17:29:00,True
14717,1,81.3,2009-12-06 13:05:00,2009-12-06 13:05:00,False
14718,1,226.42,2010-10-25 13:07:00,2010-10-25 13:07:00,False
14719,5,1602.13,2011-04-04 14:17:00,2011-12-08 12:43:00,True
14720,3,663.8100000000001,2011-08-05 12:06:00,2011-12-04 12:02:00,True
14721,1,115.77,2010-11-25 13:08:00,2010-11-25 13:08:00,False
14722,3,513.37,2010-08-10 13:28:00,2011-07-15 14:58:00,True
14723,11,2093.06,2009-12-04 11:22:00,2011-11-29 15:23:00,True
14724,1,345.25,2010-04-28 13:26:00,2010-04-28 13:26:00,False
14725,4,1315.24,2010-06-23 11:34:00,2011-11-15 12:42:00,True
14726,1,124.75,2010-02-23 12:35:00,2010-02-23 12:35:00,False
14727,3,467.92999999999995,2010-06-11 13:23:00,2011-03-10 14:45:00,True
14728,1,190.58,2010-10-22 15:57:00,2010-10-22 15:57:00,False
14729,3,907.3800000000001,2010-03-24 13:30:00,2010-12-01 12:43:00,True
14730,8,2005.06,2011-03-08 12:49:00,2011-12-08 14:39:00,True
14731,3,380.02,2011-05-11 13:06:00,2011-10-23 15:54:00,True
14732,19,5517.07,2009-12-09 10:48:00,2011-12-01 14:34:00,True
14733,15,16184.97,2010-11-02 15:42:00,2011-11-23 15:39:00,True
14734,4,1056.42,2010-06-06 15:15:00,2010-10-10 12:04:00,True
14735,56,12240.16,2009-12-04 11:32:00,2011-12-06 12:09:00,True
14736,2,401.08,2010-08-11 15:13:00,2010-08-11 15:21:00,True
14737,4,3554.17,2010-11-04 11:29:00,2011-12-06 10:16:00,True
14738,9,1821.9,2009-12-07 10:21:00,2011-10-28 08:56:00,True
14739,25,12287.5,2009-12-02 13:23:00,2011-12-05 16:54:00,True
14740,11,4161.06,2010-02-25 11:40:00,2011-05-26 18:17:00,True
14741,7,1897.5900000000001,2010-10-18 09:33:00,2011-11-28 08:48:00,True
14742,1,579.85,2010-09-30 14:07:00,2010-09-30 14:07:00,False
14743,1,50.48,2010-04-26 10:26:00,2010-04-26 10:26:00,False
14744,14,3885.08,2010-05-18 14:06:00,2011-11-23 12:51:00,True
14745,12,2571.81,2010-03-12 10:33:00,2011-08-19 10:05:00,True
14746,4,593.5,2010-10-12 11:06:00,2010-10-29 14:44:00,True
14747,1,328.2,2011-04-04 14:09:00,2011-04-04 14:09:00,False
14748,10,3152.32,2010-03-04 17:08:00,2011-11-10 18:33:00,True
14749,1,310.15,2010-08-17 12:36:00,2010-08-17 12:36:00,False
14750,1,112.03,2009-12-03 17:57:00,2009-12-03 17:57:00,False
14751,2,126.45,2009-12-13 14:08:00,2010-01-24 13:37:00,True
14752,1,389.64,2011-10-27 11:55:00,2011-10-27 11:55:00,False
14753,2,869.51,2010-09-05 11:04:00,2011-09-13 14:50:00,True
14754,6,1550.48,2010-01-18 11:04:00,2011-10-26 12:01:00,True
14755,25,9972.55,2009-12-03 16:51:00,2011-11-30 11:24:00,True
14756,3,2653.76,2010-10-11 11:50:00,2011-11-24 18:13:00,True
14757,1,420.5,2011-09-25 14:36:00,2011-09-25 14:36:00,False
14758,7,2864.97,2010-04-08 08:27:00,2011-07-18 08:21:00,True
14759,3,1625.97,2011-04-21 10:55:00,2011-12-05 12:03:00,True
14760,1,89.2,2011-02-15 16:27:00,2011-02-15 16:27:00,False
14761,3,447.92,2010-09-21 14:22:00,2011-10-12 12:10:00,True
14762,2,417.57,2010-03-23 15:36:00,2011-03-21 08:20:00,True
14764,1,278.3,2011-10-24 11:54:00,2011-10-24 11:54:00,False
14765,3,254.11,2011-06-16 19:49:00,2011-11-10 19:53:00,True
14766,11,6556.13,2010-06-06 11:11:00,2011-12-01 16:05:00,True
14767,1,382.81,2010-08-22 14:54:00,2010-08-22 14:54:00,False
14768,2,192.60000000000002,2011-08-04 13:25:00,2011-11-22 12:54:00,True
14769,17,15771.880000000001,2009-12-16 09:17:00,2011-12-07 10:24:00,True
14770,8,3637.64,2010-02-25 18:58:00,2011-04-21 14:21:00,True
14771,2,594.62,2009-12-03 09:44:00,2010-03-28 12:52:00,True
14772,1,139.26,2011-08-19 15:04:00,2011-08-19 15:04:00,False
14773,1,140.55,2010-04-26 10:29:00,2010-04-26 10:29:00,False
14774,1,241.45,2010-06-29 12:26:00,2010-06-29 12:26:00,False
14775,3,1418.46,2010-12-02 16:38:00,2011-10-12 15:27:00,True
14776,15,3708.3,2010-09-19 14:12:00,2011-10-19 15:34:00,True
14777,1,307.56,2010-11-01 12:50:00,2010-11-01 12:50:00,False
14778,2,730.86,2011-02-04 11:43:00,2011-08-04 15:23:00,True
14779,3,386.15,2011-01-20 12:04:00,2011-03-04 12:42:00,True
14780,2,447.68,2011-09-21 15:15:00,2011-10-16 12:46:00,True
14782,1,200.10000000000002,2011-01-24 11:12:00,2011-01-24 11:12:00,False
14783,1,307.3,2010-02-18 16:16:00,2010-02-18 16:16:00,False
14784,3,449.93,2010-11-15 09:49:00,2011-11-13 13:30:00,True
14785,2,77.4,2011-11-24 13:40:00,2011-11-29 13:21:00,True
14786,1,90.96,2010-06-07 13:42:00,2010-06-07 13:42:00,False
14787,1,110.65,2010-08-25 14:38:00,2010-08-25 14:38:00,False
14788,3,1156.32,2010-04-22 18:16:00,2011-12-02 17:06:00,True
14789,1,197.64,2011-11-11 08:59:00,2011-11-11 08:59:00,False
14790,10,2526.62,2009-12-11 14:37:00,2011-11-23 09:28:00,True
14791,1,303.63,2010-04-12 10:24:00,2010-04-12 10:24:00,False
14792,1,6.2,2011-10-07 09:19:00,2011-10-07 09:19:00,False
14793,2,625.9000000000001,2010-06-22 16:54:00,2011-11-18 14:50:00,True
14794,10,1953.9,2010-08-09 15:44:00,2011-12-07 10:11:00,True
14795,1,131.45000000000002,2011-06-26 13:04:00,2011-06-26 13:04:00,False
14796,27,10889.64,2009-12-14 15:06:00,2011-12-08 15:31:00,True
14797,1,300.31,2010-07-20 14:07:00,2010-07-20 14:07:00,False
14798,8,724.3100000000001,2010-03-01 08:38:00,2011-10-18 10:58:00,True
14799,2,338.15,2009-12-02 11:18:00,2011-10-19 16:16:00,True
14800,17,7774.32,2010-09-30 14:38:00,2011-10-23 12:46:00,True
14801,1,193.14,2011-10-09 15:24:00,2011-10-09 15:24:00,False
14802,2,1502.98,2010-09-27 16:32:00,2010-09-27 16:34:00,True
14803,3,845.55,2011-02-20 13:21:00,2011-06-30 13:58:00,True
14804,1,353.27,2011-12-01 11:20:00,2011-12-01 11:20:00,False
14805,7,1104.6399999999999,2010-03-28 12:34:00,2011-11-24 16:20:00,True
14806,2,303.43,2010-09-26 15:50:00,2011-09-25 15:32:00,True
14807,2,519.29,2010-02-28 11:33:00,2010-11-14 12:47:00,True
14808,8,2741.17,2011-06-20 12:53:00,2011-10-31 12:21:00,True
14809,2,686.76,2010-03-28 15:42:00,2010-03-28 15:44:00,True
14810,13,2537.02,2010-10-06 13:12:00,2011-10-30 11:19:00,True
14811,1,170.5,2010-11-17 13:09:00,2010-11-17 13:09:00,False
14812,1,185.8,2010-04-20 12:13:00,2010-04-20 12:13:00,False
14813,4,1090.87,2010-04-08 11:49:00,2010-12-05 11:57:00,True
14814,1,160.46,2010-05-07 14:10:00,2010-05-07 14:10:00,False
14815,2,778.5,2011-10-03 11:36:00,2011-11-03 11:36:00,True
14816,1,271.85,2011-05-26 13:16:00,2011-05-26 13:16:00,False
14817,7,3959.86,2010-03-22 12:10:00,2011-05-23 13:35:00,True
14818,6,1170.41,2010-03-02 12:48:00,2011-09-27 11:01:00,True
14819,4,470.15999999999997,2009-12-21 15:54:00,2011-10-06 13:41:00,True
14820,9,1274.76,2010-01-31 12:49:00,2011-11-18 15:41:00,True
14821,7,1286.4499999999998,2010-02-01 13:33:00,2010-12-08 08:43:00,True
14822,1,157.70000000000002,2010-08-11 12:52:00,2010-08-11 12:52:00,False
14823,3,321.43,2011-05-29 12:48:00,2011-06-12 13:12:00,True
14824,10,4022.9100000000003,2010-03-12 13:07:00,2011-11-29 14:20:00,True
14825,24,4925.08,2010-04-06 14:14:00,2011-12-06 11:38:00,True
14826,2,385.20000000000005,2010-01-13 13:08:00,2010-05-07 09:00:00,True
14828,13,9839.46,2009-12-07 11:19:00,2011-05-27 10:16:00,True
14829,7,1692.84,2010-09-29 13:14:00,2011-11-10 16:16:00,True
14830,1,197.13,2011-10-17 14:29:00,2011-10-17 14:29:00,False
14831,3,1676.5700000000002,2009-12-02 09:21:00,2010-01-28 14:31:00,True
14832,1,322.69,2010-03-19 15:14:00,2010-03-19 15:14:00,False
14833,1,94.8,2010-07-29 10:06:00,2010-07-29 10:06:00,False
14834,7,2206.16,2010-10-28 17:37:00,2011-11-22 10:30:00,True
14835,2,297.0,2010-04-01 19:34:00,2010-06-29 10:08:00,True
14836,3,102.44999999999999,2011-11-09 13:26:00,2011-11-29 16:45:00,True
14837,9,3460.32,2010-01-24 10:20:00,2011-09-11 10:58:00,True
14838,2,773.6700000000001,2009-12-03 09:52:00,2010-10-12 15:46:00,True
14839,3,915.28,2010-01-04 16:29:00,2010-10-17 13:01:00,True
14840,2,362.71000000000004,2010-06-18 15:42:00,2011-03-17 12:00:00,True
14841,14,7163.0,2009-12-02 16:49:00,2011-10-17 15:03:00,True
14842,4,2824.69,2011-02-04 15:32:00,2011-10-27 12:37:00,True
14843,1,211.79999999999998,2010-09-29 12:39:00,2010-09-29 12:39:00,False
14844,10,6702.43,2010-04-12 12:50:00,2011-10-07 10:41:00,True
14845,1,150.0,2010-04-19 10:19:00,2010-04-19 10:19:00,False
14846,1,437.4,2010-10-08 17:07:00,2010-10-08 17:07:00,False
14847,3,1348.9499999999998,2010-05-24 12:29:00,2011-07-14 10:52:00,True
14848,1,310.56,2010-10-31 12:22:00,2010-10-31 12:22:00,False
14849,43,15763.45,2010-01-10 11:40:00,2011-11-18 10:58:00,True
14850,7,1794.0100000000002,2010-05-20 13:28:00,2011-02-01 11:21:00,True
14851,3,829.4100000000001,2010-03-19 11:52:00,2011-11-16 14:20:00,True
14852,18,6147.18,2010-03-05 14:51:00,2011-10-12 13:20:00,True
14853,5,1376.8700000000001,2010-04-13 09:26:00,2011-11-15 16:56:00,True
14854,11,4322.86,2010-01-22 09:48:00,2011-09-22 17:00:00,True
14855,7,6520.3,2010-04-08 10:30:00,2011-08-12 14:02:00,True
14856,3,1311.3799999999999,2011-10-14 09:35:00,2011-11-03 14:53:00,True
14857,7,3651.851,2010-03-15 11:00:00,2011-10-11 09:23:00,True
14858,1,180.75,2010-07-22 10:51:00,2010-07-22 10:51:00,False
14859,5,1705.64,2010-06-03 10:26:00,2011-11-27 11:18:00,True
14860,1,170.32,2011-11-20 14:17:00,2011-11-20 14:17:00,False
14861,10,1380.73,2009-12-08 12:12:00,2011-10-18 12:54:00,True
14862,2,841.2,2011-07-14 11:20:00,2011-11-14 10:01:00,True
14863,1,266.76,2011-11-10 15:04:00,2011-11-10 15:04:00,False
14865,4,129.72000000000003,2009-12-01 16:05:00,2011-12-02 16:25:00,True
14866,19,20850.22,2010-08-26 11:54:00,2011-11-29 11:45:00,True
14867,16,2952.06,2009-12-05 15:47:00,2011-06-07 11:39:00,True
14868,12,4184.01,2010-10-15 14:52:00,2011-12-06 14:49:00,True
14869,6,2804.24,2009-12-16 11:43:00,2011-12-01 12:36:00,True
14870,6,1838.95,2010-01-25 09:05:00,2011-03-23 10:51:00,True
14871,9,1258.97,2009-12-01 11:57:00,2011-12-06 13:42:00,True
14872,3,816.6,2010-03-16 14:41:00,2010-08-13 12:34:00,True
14873,2,854.1299999999999,2010-03-16 10:51:00,2011-05-13 13:52:00,True
14874,1,116.18,2010-06-22 14:58:00,2010-06-22 14:58:00,False
14875,3,2862.3999999999996,2010-09-24 10:28:00,2011-08-24 12:20:00,True
14876,2,256.7,2010-05-27 13:49:00,2010-07-06 14:57:00,True
14877,2,437.0,2010-03-07 12:25:00,2010-10-17 13:09:00,True
14878,25,4105.24,2010-02-21 11:14:00,2011-11-27 11:15:00,True
14879,1,185.06,2010-01-24 11:35:00,2010-01-24 11:35:00,False
14880,3,706.19,2011-02-24 12:27:00,2011-09-23 13:42:00,True
14881,1,255.4,2011-11-20 11:06:00,2011-11-20 11:06:00,False
14882,14,3628.15,2010-03-30 15:02:00,2011-11-13 12:47:00,True
14883,6,761.59,2011-05-12 09:49:00,2011-11-21 10:23:00,True
14884,1,120.6,2010-02-08 12:56:00,2010-02-08 12:56:00,False
14885,3,1598.12,2010-08-31 10:11:00,2011-07-31 12:05:00,True
14886,1,364.8,2011-04-01 08:56:00,2011-04-01 08:56:00,False
14887,1,1862.0,2011-09-21 15:32:00,2011-09-21 15:32:00,False
14888,1,369.2,2011-05-16 14:58:00,2011-05-16 14:58:00,False
14889,1,135.9,2011-01-07 15:19:00,2011-01-07 15:19:00,False
14890,3,817.25,2010-02-18 09:00:00,2011-03-31 11:57:00,True
14891,4,1106.73,2010-09-29 12:41:00,2011-07-14 18:08:00,True
14892,1,202.35000000000002,2010-01-18 08:58:00,2010-01-18 08:58:00,False
14893,3,1809.6100000000001,2010-04-01 09:03:00,2011-11-30 12:31:00,True
14894,3,1492.81,2009-12-02 10:42:00,2011-09-15 13:51:00,True
14895,38,25119.54,2009-12-10 14:22:00,2011-12-02 09:23:00,True
14896,8,2092.42,2009-12-06 12:42:00,2011-05-19 10:20:00,True
14897,8,3140.54,2009-12-15 17:05:00,2011-12-02 10:32:00,True
14898,14,3507.81,2009-12-03 16:40:00,2011-11-16 14:54:00,True
14899,1,1384.88,2010-11-09 15:20:00,2010-11-09 15:20:00,False
14900,1,13.919999999999998,2010-07-05 15:09:00,2010-07-05 15:09:00,False
14901,12,2289.65,2010-07-29 11:11:00,2011-11-28 17:09:00,True
14902,3,1035.6200000000001,2010-06-04 12:35:00,2011-11-14 10:34:00,True
14903,5,2810.63,2011-03-06 11:50:00,2011-11-18 16:07:00,True
14904,4,1640.6399999999999,2010-10-08 12:48:00,2011-12-07 12:55:00,True
14905,8,1971.39,2009-12-03 14:36:00,2011-07-05 12:41:00,True
14906,1,68.44,2010-09-20 16:30:00,2010-09-20 16:30:00,False
14907,16,6165.79,2010-04-16 13:40:00,2011-12-06 14:14:00,True
14908,2,381.90000000000003,2010-09-02 16:39:00,2011-09-26 12:56:00,True
14909,3,1404.6799999999998,2010-02-14 15:47:00,2010-09-28 16:56:00,True
14910,4,434.35,2011-10-16 11:06:00,2011-12-07 10:06:00,True
14911,398,295972.63,2009-12-01 11:41:00,2011-12-08 15:54:00,True
14912,6,1889.25,2010-01-26 16:29:00,2011-11-23 09:20:00,True
14913,8,4073.13,2010-08-11 08:40:00,2011-11-04 08:29:00,True
14915,11,1811.25,2009-12-03 10:17:00,2011-09-09 13:34:00,True
14916,8,3042.9500000000003,2010-04-01 10:57:00,2011-09-30 09:20:00,True
14917,2,1123.75,2010-04-22 09:44:00,2010-04-22 11:28:00,True
14918,9,5955.81,2010-04-08 11:18:00,2011-08-16 11:50:00,True
14919,1,359.35,2010-06-18 13:06:00,2010-06-18 13:06:00,False
14920,3,1607.17,2010-05-23 15:25:00,2011-05-11 10:32:00,True
14921,2,1316.07,2011-05-22 12:51:00,2011-11-09 13:17:00,True
14922,2,843.74,2010-07-20 09:45:00,2010-11-11 11:14:00,True
14923,1,749.1,2011-10-20 11:51:00,2011-10-20 11:51:00,False
14924,3,931.01,2010-03-10 12:51:00,2011-04-08 09:25:00,True
14926,2,359.4,2010-04-20 09:59:00,2010-11-23 07:13:00,True
14927,1,308.2,2010-11-08 12:30:00,2010-11-08 12:30:00,False
14928,1,223.91000000000003,2010-03-22 09:14:00,2010-03-22 09:14:00,False
14929,2,836.69,2010-10-14 12:22:00,2011-11-07 17:21:00,True
14930,6,5246.63,2010-04-12 11:22:00,2011-08-23 10:31:00,True
14931,5,1257.68,2011-04-13 09:32:00,2011-12-05 10:19:00,True
14932,2,1029.6599999999999,2010-11-19 09:16:00,2010-12-09 11:48:00,True
14933,4,1770.0,2010-09-21 17:29:00,2010-09-22 10:47:00,True
14934,5,3503.5,2010-09-24 12:08:00,2011-09-19 10:10:00,True
14935,2,2849.83,2010-03-30 11:48:00,2011-02-15 14:44:00,True
14936,12,12410.81,2010-05-05 12:26:00,2011-11-06 10:30:00,True
14937,3,1621.8799999999999,2011-08-01 14:16:00,2011-10-14 12:29:00,True
14938,2,2322.43,2010-05-26 13:35:00,2010-05-26 13:38:00,True
14940,2,531.49,2009-12-06 15:46:00,2010-10-18 10:47:00,True
14941,1,182.1,2010-05-10 11:30:00,2010-05-10 11:30:00,False
14942,4,746.56,2009-12-10 10:32:00,2010-11-03 10:51:00,True
14943,1,107.62,2010-02-14 16:04:00,2010-02-14 16:04:00,False
14944,19,9784.67,2010-02-17 08:47:00,2011-11-10 09:10:00,True
14945,1,179.4,2010-10-22 11:26:00,2010-10-22 11:26:00,False
14946,1,100.9,2011-11-25 13:33:00,2011-11-25 13:33:00,False
14947,6,1049.79,2010-03-25 11:29:00,2011-09-28 15:48:00,True
14948,6,1101.9699999999998,2011-05-04 14:52:00,2011-11-16 17:16:00,True
14949,4,515.0,2009-12-18 15:28:00,2010-08-27 15:38:00,True
14950,1,371.2,2011-11-20 13:48:00,2011-11-20 13:48:00,False
14951,1,311.69,2011-09-21 15:15:00,2011-09-21 15:15:00,False
14952,32,17629.35,2009-12-03 15:34:00,2011-10-11 10:33:00,True
14953,4,1013.77,2010-09-30 12:16:00,2011-11-14 14:59:00,True
14954,2,503.44000000000005,2010-01-05 16:38:00,2011-11-27 14:30:00,True
14955,1,163.77,2009-12-07 11:35:00,2009-12-07 11:35:00,False
14956,1,1325.0,2010-10-14 16:40:00,2010-10-14 16:40:00,False
14957,2,333.29,2010-03-05 10:50:00,2011-03-31 17:59:00,True
14958,6,957.9399999999999,2009-12-03 16:02:00,2011-07-15 14:20:00,True
14959,4,695.42,2011-02-16 13:00:00,2011-10-06 18:23:00,True
14960,2,221.26999999999998,2011-06-21 13:38:00,2011-12-01 12:54:00,True
14961,22,16410.15,2009-12-04 11:32:00,2011-11-29 09:42:00,True
14962,4,366.91,2010-05-04 14:57:00,2011-03-14 09:42:00,True
14963,12,3164.48,2010-07-02 12:43:00,2011-11-30 12:16:00,True
14964,1,206.21,2011-04-06 14:13:00,2011-04-06 14:13:00,False
14965,2,599.0,2011-09-04 13:15:00,2011-09-04 13:20:00,True
14966,6,1115.84,2009-12-15 13:48:00,2011-11-25 12:20:00,True
14967,6,1982.6100000000001,2009-12-03 14:07:00,2011-10-21 11:06:00,True
14968,2,504.99,2010-09-07 13:28:00,2011-11-09 13:58:00,True
14969,1,906.23,2010-01-05 12:43:00,2010-01-05 12:43:00,False
14970,12,4919.35,2010-02-14 13:37:00,2011-10-02 13:44:00,True
14971,3,1116.57,2011-10-27 13:33:00,2011-11-04 17:07:00,True
14972,2,145.07,2010-11-23 16:17:00,2011-08-03 14:54:00,True
14973,3,1314.45,2011-04-28 12:22:00,2011-08-24 15:51:00,True
14974,1,114.39,2011-11-02 13:01:00,2011-11-02 13:01:00,False
14975,2,472.39,2010-10-14 14:11:00,2011-10-13 14:08:00,True
14976,7,790.86,2011-01-17 11:09:00,2011-10-13 16:37:00,True
14977,1,31.929999999999996,2009-12-14 10:37:00,2009-12-14 10:37:00,False
14978,10,3142.14,2010-04-28 10:50:00,2011-09-28 13:07:00,True
14979,1,439.46,2009-12-04 12:54:00,2009-12-04 12:54:00,False
14980,1,150.68,2009-12-02 14:09:00,2009-12-02 14:09:00,False
14981,2,372.92,2010-10-12 11:04:00,2011-04-07 13:45:00,True
14982,1,237.78,2010-05-16 15:52:00,2010-05-16 15:52:00,False
14983,1,183.20000000000002,2010-01-19 17:32:00,2010-01-19 17:32:00,False
14984,6,1271.41,2010-01-11 13:22:00,2011-11-20 14:28:00,True
14985,2,296.75,2010-12-16 19:51:00,2011-05-25 14:29:00,True
14986,2,566.9,2010-01-24 15:54:00,2010-11-28 15:25:00,True
14987,8,1713.85,2009-12-02 14:56:00,2011-11-24 09:59:00,True
14988,7,2066.6,2010-04-16 13:34:00,2011-05-12 12:05:00,True
14989,1,342.4,2010-02-16 10:40:00,2010-02-16 10:40:00,False
14990,2,305.41999999999996,2009-12-09 13:31:00,2010-04-06 13:54:00,True
14991,1,314.67,2010-10-05 13:01:00,2010-10-05 13:01:00,False
14992,1,210.5,2010-09-23 17:48:00,2010-09-23 17:48:00,False
14993,1,36.13,2010-05-25 12:47:00,2010-05-25 12:47:00,False
14994,5,960.63,2010-03-26 14:16:00,2010-11-22 12:59:00,True
14995,2,233.23000000000002,2011-03-04 13:14:00,2011-11-01 11:39:00,True
14996,2,442.29,2010-08-15 13:41:00,2010-08-15 13:44:00,True
14997,4,776.6,2010-02-22 12:11:00,2011-10-24 13:28:00,True
14998,4,770.73,2010-04-13 16:07:00,2011-06-22 17:30:00,True
14999,1,129.48000000000002,2010-04-26 10:47:00,2010-04-26 10:47:00,False
15000,1,490.52,2011-10-23 11:42:00,2011-10-23 11:42:00,False
15001,2,230.85999999999999,2010-11-10 13:31:00,2010-11-10 13:51:00,True
15002,9,4817.28,2010-01-12 11:40:00,2011-08-16 10:44:00,True
15003,6,1060.7,2010-01-26 13:04:00,2010-08-23 15:44:00,True
15004,1,1246.32,2011-07-15 14:05:00,2011-07-15 14:05:00,False
15005,56,14106.2,2009-12-01 14:19:00,2011-11-24 12:25:00,True
15006,2,825.14,2010-09-12 13:03:00,2011-10-19 15:08:00,True
15007,1,156.91,2011-07-03 16:00:00,2011-07-03 16:00:00,False
15008,2,360.0,2010-03-12 11:13:00,2010-08-16 13:09:00,True
15009,3,1261.7800000000002,2011-11-14 17:40:00,2011-11-27 13:35:00,True
15010,1,308.94,2011-11-04 12:42:00,2011-11-04 12:42:00,False
15011,2,416.6,2010-10-19 12:05:00,2010-11-09 11:10:00,True
15012,3,860.62,2010-05-12 11:49:00,2011-10-17 12:22:00,True
15013,10,1641.3,2010-01-31 12:15:00,2010-08-09 12:05:00,True
15014,2,260.16999999999996,2011-06-16 19:40:00,2011-10-27 20:07:00,True
15015,13,2365.02,2009-12-14 14:46:00,2010-07-26 13:50:00,True
15016,5,630.3,2010-06-14 13:06:00,2011-06-20 12:06:00,True
15017,1,125.58,2011-11-06 10:33:00,2011-11-06 10:33:00,False
15018,3,607.46,2010-12-07 10:47:00,2011-11-01 12:47:00,True
15019,1,266.0,2011-03-18 12:35:00,2011-03-18 12:35:00,False
15020,1,203.42,2010-11-25 13:29:00,2010-11-25 13:29:00,False
15021,12,2783.83,2010-07-29 16:35:00,2011-12-01 11:53:00,True
15022,5,1186.0900000000001,2010-01-31 16:02:00,2011-11-28 12:35:00,True
15023,20,12170.68,2010-02-03 15:45:00,2011-12-06 17:23:00,True
15024,16,4075.5099999999998,2010-10-11 16:14:00,2011-11-30 12:06:00,True
15025,2,1013.09,2010-05-20 13:28:00,2011-11-06 15:20:00,True
15026,5,1061.6100000000001,2010-09-17 13:52:00,2011-09-20 13:52:00,True
15027,10,3195.6,2010-03-25 14:39:00,2011-11-09 10:16:00,True
15028,6,1157.71,2010-11-10 14:32:00,2011-12-01 14:06:00,True
15029,1,365.1,2010-03-30 12:16:00,2010-03-30 12:16:00,False
15030,8,1979.91,2010-03-04 17:10:00,2011-09-29 10:50:00,True
15031,14,3156.58,2009-12-08 13:38:00,2011-12-05 14:19:00,True
15032,8,13780.65,2009-12-10 15:27:00,2011-03-28 15:03:00,True
15033,10,2586.67,2011-01-14 13:28:00,2011-12-05 12:40:00,True
15034,14,8313.4,2010-05-11 13:30:00,2011-11-24 12:11:00,True
15035,1,252.73000000000002,2011-09-11 11:08:00,2011-09-11 11:08:00,False
15036,3,465.54999999999995,2011-06-13 12:19:00,2011-09-28 15:42:00,True
15037,2,402.51,2010-11-28 12:14:00,2010-11-28 13:05:00,True
15038,9,1309.86,2010-10-10 14:35:00,2011-10-12 11:33:00,True
15039,93,40031.43,2009-12-10 11:39:00,2011-11-30 11:31:00,True
15040,1,7.49,2010-06-16 11:40:00,2010-06-16 11:40:00,False
15041,2,294.02,2010-09-21 13:16:00,2011-06-22 16:16:00,True
15042,2,315.45000000000005,2010-04-23 14:01:00,2011-05-24 16:25:00,True
15043,6,2873.7999999999997,2010-06-24 15:50:00,2011-11-08 14:26:00,True
15044,35,16204.330000000002,2009-12-16 15:13:00,2011-11-20 13:20:00,True
15045,2,735.66,2011-03-27 11:44:00,2011-07-11 11:33:00,True
15046,25,7812.39,2010-01-14 14:29:00,2011-11-30 15:50:00,True
15047,1,343.62,2011-03-15 10:49:00,2011-03-15 10:49:00,False
15048,4,482.75,2010-12-06 12:15:00,2011-10-05 14:55:00,True
15049,1,121.17000000000002,2011-03-11 12:13:00,2011-03-11 12:13:00,False
15050,5,4193.79,2010-08-16 12:00:00,2011-11-14 16:17:00,True
15051,9,3935.16,2009-12-01 13:29:00,2011-11-16 15:38:00,True
15052,1,215.78,2011-01-24 15:52:00,2011-01-24 15:52:00,False
15053,3,697.79,2011-03-03 12:06:00,2011-12-05 12:08:00,True
15054,2,302.1,2011-10-30 14:33:00,2011-11-27 15:02:00,True
15055,3,560.0699999999999,2009-12-16 15:48:00,2010-08-22 11:06:00,True
15056,1,133.45,2010-07-07 15:58:00,2010-07-07 15:58:00,False
15057,5,3255.96,2009-12-05 15:27:00,2011-03-09 15:17:00,True
15058,16,3410.03,2010-02-24 14:07:00,2011-11-14 14:57:00,True
15059,19,3523.5699999999997,2009-12-06 12:17:00,2011-10-30 11:35:00,True
15060,4,303.09,2011-11-30 14:03:00,2011-12-01 13:47:00,True
15061,127,137818.52,2009-12-01 12:18:00,2011-12-06 12:06:00,True
15062,8,2585.62,2010-04-08 15:41:00,2011-09-29 16:51:00,True
15063,1,370.79999999999995,2011-05-10 13:25:00,2011-05-10 13:25:00,False
15064,4,1254.41,2009-12-22 16:17:00,2010-10-25 14:32:00,True
15065,5,3326.86,2010-10-25 09:13:00,2011-11-02 09:45:00,True
15066,1,893.59,2011-10-17 13:25:00,2011-10-17 13:25:00,False
15067,5,3877.8799999999997,2010-04-11 15:54:00,2011-09-22 13:20:00,True
15068,4,1176.85,2010-03-28 13:18:00,2011-10-24 14:47:00,True
15069,1,1109.53,2011-06-13 14:16:00,2011-06-13 14:16:00,False
15070,3,843.25,2009-12-15 13:49:00,2010-12-02 11:23:00,True
15071,4,1455.5600000000002,2010-05-18 12:45:00,2011-09-07 11:43:00,True
15072,1,187.51999999999998,2010-08-17 15:46:00,2010-08-17 15:46:00,False
15073,8,2788.02,2010-01-27 08:48:00,2011-11-30 10:44:00,True
15074,3,1566.33,2010-08-29 11:47:00,2011-08-26 14:45:00,True
15075,1,773.03,2011-09-23 12:27:00,2011-09-23 12:27:00,False
15076,3,1447.7400000000002,2010-07-05 14:11:00,2011-06-20 08:23:00,True
15077,2,2428.08,2009-12-09 17:10:00,2010-08-02 11:13:00,True
15078,53,17761.88,2009-12-04 12:03:00,2011-12-02 15:41:00,True
15079,11,3767.35,2009-12-08 11:22:00,2011-05-11 12:45:00,True
15080,2,546.25,2010-07-26 10:03:00,2010-10-08 11:52:00,True
15081,12,1965.72,2010-06-22 10:25:00,2011-11-17 17:08:00,True
15082,1,93.35000000000001,2010-02-09 10:23:00,2010-02-09 10:23:00,False
15083,1,88.2,2011-03-28 12:18:00,2011-03-28 12:18:00,False
15084,2,965.1999999999999,2010-03-04 10:45:00,2010-11-25 11:58:00,True
15085,1,347.54,2009-12-10 11:47:00,2009-12-10 11:47:00,False
15086,2,218.53,2010-03-24 13:56:00,2010-05-24 12:27:00,True
15087,1,306.94,2011-03-03 10:34:00,2011-03-03 10:34:00,False
15088,2,1160.0700000000002,2011-10-03 14:05:00,2011-11-18 13:14:00,True
15089,6,2420.84,2011-08-03 14:14:00,2011-11-29 16:31:00,True
15090,1,381.32,2011-02-04 14:03:00,2011-02-04 14:03:00,False
15091,3,1046.6100000000001,2010-02-03 11:46:00,2011-10-03 12:47:00,True
15092,3,776.46,2010-09-03 12:33:00,2011-05-08 14:10:00,True
15093,23,14326.11,2009-12-08 12:46:00,2011-11-21 13:09:00,True
15094,2,83.0,2010-03-05 12:56:00,2010-09-02 16:55:00,True
15095,10,3141.64,2010-01-21 09:37:00,2011-08-28 12:01:00,True
15096,1,219.39000000000001,2011-10-28 10:27:00,2011-10-28 10:27:00,False
15097,3,908.3499999999999,2010-05-05 14:22:00,2011-12-05 14:03:00,True
15098,3,39916.5,2011-06-10 15:22:00,2011-06-10 15:33:00,True
15099,1,410.48,2011-09-16 13:13:00,2011-09-16 13:13:00,False
15100,7,2894.7,2010-01-07 14:33:00,2011-01-10 10:35:00,True
15101,6,1477.94,2010-04-28 15:00:00,2011-12-01 10:18:00,True
15102,2,554.67,2010-06-11 10:16:00,2010-06-27 12:16:00,True
15103,2,703.36,2011-09-14 13:54:00,2011-11-08 14:53:00,True
15104,2,1027.44,2011-03-02 14:16:00,2011-05-27 12:29:00,True
15105,9,3094.91,2010-03-23 12:18:00,2011-11-21 16:54:00,True
15106,5,1422.52,2011-03-15 12:52:00,2011-11-22 09:16:00,True
15107,9,940.35,2010-09-14 10:47:00,2011-02-01 14:46:00,True
15108,4,1300.25,2011-04-26 10:54:00,2011-07-21 10:24:00,True
15109,3,983.0999999999999,2009-12-04 12:33:00,2011-04-08 09:58:00,True
15110,6,1505.8500000000001,2010-08-11 15:49:00,2011-11-16 11:16:00,True
15111,5,2730.87,2010-04-26 13:12:00,2011-11-10 16:58:00,True
15112,1,209.4,2010-04-07 14:17:00,2010-04-07 14:17:00,False
15113,3,3609.33,2011-10-16 15:27:00,2011-11-30 08:23:00,True
15114,12,3400.12,2010-10-14 16:44:00,2011-11-09 15:05:00,True
15115,2,531.85,2009-12-07 11:20:00,2011-11-21 14:59:00,True
15116,4,1352.75,2011-05-19 08:50:00,2011-11-22 12:25:00,True
15117,8,2485.9700000000003,2010-03-15 13:39:00,2011-11-25 08:12:00,True
15118,1,244.8,2011-07-28 14:54:00,2011-07-28 14:54:00,False
15119,1,266.4,2011-04-08 09:08:00,2011-04-08 09:08:00,False
15120,1,358.82,2011-07-29 09:48:00,2011-07-29 09:48:00,False
15121,2,457.71999999999997,2011-02-24 12:41:00,2011-10-20 14:51:00,True
15122,11,4497.47,2010-03-30 14:05:00,2011-08-17 16:48:00,True
15123,5,4656.17,2010-03-16 09:49:00,2011-12-02 13:12:00,True
15124,4,450.82,2010-02-26 10:49:00,2011-11-17 10:09:00,True
15125,24,17024.87,2010-03-31 13:29:00,2011-11-14 13:57:00,True
15126,2,449.49,2010-01-21 17:09:00,2010-06-21 12:31:00,True
15127,2,711.5,2010-07-08 10:07:00,2011-10-05 10:30:00,True
15128,5,1783.6799999999998,2010-10-05 16:46:00,2011-10-10 13:54:00,True
15129,23,6860.18,2010-04-08 17:15:00,2011-10-20 14:40:00,True
15130,1,330.11,2011-06-23 10:15:00,2011-06-23 10:15:00,False
15131,1,80.28,2010-11-10 12:07:00,2010-11-10 12:07:00,False
15132,5,977.9300000000001,2011-03-22 12:02:00,2011-11-21 17:10:00,True
15133,5,1806.9,2010-07-07 12:31:00,2011-08-04 10:44:00,True
15134,10,1596.29,2010-10-13 12:44:00,2011-11-25 08:55:00,True
15135,2,305.68,2010-06-01 13:33:00,2011-04-14 19:16:00,True
15136,4,1286.7,2011-09-04 16:05:00,2011-12-07 12:26:00,True
15137,2,823.4,2010-01-28 15:45:00,2010-07-07 09:41:00,True
15138,1,502.52,2010-11-11 09:16:00,2010-11-11 09:16:00,False
15139,2,178.96,2011-01-07 12:44:00,2011-04-14 11:39:00,True
15140,8,3243.69,2010-09-23 13:07:00,2011-10-18 14:07:00,True
15141,7,1388.47,2010-03-28 15:58:00,2010-09-08 11:33:00,True
15142,6,2619.92,2010-07-27 09:05:00,2011-10-24 12:51:00,True
15143,2,563.63,2010-10-03 13:58:00,2011-04-28 12:03:00,True
15144,29,12160.31,2009-12-13 11:35:00,2011-12-01 15:12:00,True
15145,4,1194.73,2011-04-05 15:20:00,2011-12-05 17:21:00,True
15146,2,1327.16,2011-02-21 13:07:00,2011-06-28 12:09:00,True
15147,1,623.5,2011-04-13 15:57:00,2011-04-13 15:57:00,False
15148,1,301.29,2011-11-29 08:21:00,2011-11-29 08:21:00,False
15149,5,1554.6100000000001,2010-02-28 11:13:00,2011-07-29 10:58:00,True
15150,13,9001.08,2010-06-14 12:01:00,2011-11-22 12:52:00,True
15151,2,2085.61,2010-07-18 12:19:00,2010-10-12 16:37:00,True
15152,14,5263.83,2010-01-07 15:15:00,2011-11-30 12:32:00,True
15153,1,329.25,2011-11-08 17:09:00,2011-11-08 17:09:00,False
15154,3,1388.41,2010-08-18 17:41:00,2011-09-25 16:05:00,True
15155,1,383.96999999999997,2010-11-21 12:59:00,2010-11-21 12:59:00,False
15156,3,961.49,2011-11-06 12:41:00,2011-12-08 18:22:00,True
15157,5,2654.11,2009-12-10 14:44:00,2011-12-06 11:28:00,True
15158,2,606.02,2010-11-03 13:46:00,2011-10-25 13:53:00,True
15159,34,22116.73,2010-10-04 09:31:00,2011-12-08 12:05:00,True
15160,4,589.27,2010-10-14 15:26:00,2010-12-17 14:15:00,True
15161,1,119.92,2010-11-16 16:08:00,2010-11-16 16:08:00,False
15162,1,312.9,2009-12-08 13:14:00,2009-12-08 13:14:00,False
15163,2,304.47,2011-05-31 15:22:00,2011-11-21 13:10:00,True
15164,9,2068.92,2010-01-18 13:34:00,2011-10-02 12:05:00,True
15165,1,975.5,2010-12-01 14:03:00,2010-12-01 14:03:00,False
15166,1,167.16,2010-08-29 12:31:00,2010-08-29 12:31:00,False
15167,5,1659.67,2010-02-04 14:13:00,2011-01-23 12:41:00,True
15168,1,106.56,2011-11-14 11:26:00,2011-11-14 11:26:00,False
15169,2,569.22,2009-12-13 11:16:00,2010-11-22 13:04:00,True
15170,1,81.15,2010-10-29 10:34:00,2010-10-29 10:34:00,False
15171,1,1289.5,2011-01-12 15:36:00,2011-01-12 15:36:00,False
15172,5,1624.05,2011-04-17 11:56:00,2011-12-01 11:51:00,True
15173,7,1494.6,2010-04-01 12:26:00,2010-11-24 10:21:00,True
15174,2,481.46,2010-10-25 09:40:00,2011-01-21 09:06:00,True
15175,1,224.14,2011-09-29 11:31:00,2011-09-29 11:31:00,False
15176,1,988.04,2010-02-10 10:36:00,2010-02-10 10:36:00,False
15177,1,948.93,2010-10-10 12:48:00,2010-10-10 12:48:00,False
15178,1,40.5,2011-03-24 15:12:00,2011-03-24 15:12:00,False
15179,13,7491.92,2009-12-03 12:27:00,2011-11-21 12:53:00,True
15180,3,904.4300000000001,2010-04-29 15:27:00,2010-12-07 14:57:00,True
15181,5,1200.2,2009-12-08 19:02:00,2011-10-04 13:58:00,True
15182,11,2998.952,2010-02-21 12:03:00,2011-07-08 13:37:00,True
15183,3,639.9300000000001,2010-05-04 11:31:00,2010-06-10 10:43:00,True
15184,4,689.95,2009-12-16 12:06:00,2011-11-10 13:41:00,True
15185,1,310.62,2011-09-30 14:06:00,2011-09-30 14:06:00,False
15186,5,1403.2,2010-01-12 10:14:00,2011-11-25 14:58:00,True
15187,16,4777.18,2011-05-11 13:49:00,2011-12-08 11:56:00,True
15188,1,310.43,2009-12-14 13:30:00,2009-12-14 13:30:00,False
15189,46,17524.38,2010-07-18 13:37:00,2011-12-08 13:22:00,True
15190,1,834.4399999999999,2010-10-01 13:09:00,2010-10-01 13:09:00,False
15191,3,588.05,2010-01-20 12:35:00,2010-09-02 15:37:00,True
15192,5,1981.39,2010-01-29 10:13:00,2011-08-12 11:41:00,True
15193,1,499.32,2011-10-10 08:23:00,2011-10-10 08:23:00,False
15194,28,12427.69,2009-12-03 10:37:00,2011-12-06 15:10:00,True
15195,1,3861.0,2011-12-07 12:20:00,2011-12-07 12:20:00,False
15196,2,316.25,2009-12-13 11:14:00,2010-10-03 10:50:00,True
15197,6,1877.5100000000002,2009-12-11 12:56:00,2011-11-29 10:00:00,True
15198,5,571.35,2010-01-19 10:01:00,2011-09-08 14:42:00,True
15199,10,3122.4,2010-05-13 10:14:00,2011-10-11 15:12:00,True
15200,1,549.05,2010-08-02 09:38:00,2010-08-02 09:38:00,False
15201,7,1842.95,2010-04-07 14:50:00,2011-09-13 14:53:00,True
15202,3,6001.49,2010-10-15 12:39:00,2010-10-15 13:05:00,True
15203,15,4400.18,2009-12-08 18:06:00,2011-11-14 08:16:00,True
15204,1,316.58,2010-12-17 13:49:00,2010-12-17 13:49:00,False
15205,2,653.24,2011-08-04 16:07:00,2011-09-15 19:36:00,True
15206,4,420.3,2011-03-09 08:59:00,2011-11-29 13:41:00,True
15207,3,683.92,2010-06-10 17:29:00,2010-10-19 13:29:00,True
15208,6,970.52,2010-10-12 12:17:00,2011-12-08 17:24:00,True
15209,1,178.98000000000002,2009-12-09 17:26:00,2009-12-09 17:26:00,False
15210,3,1176.19,2010-05-13 14:42:00,2011-04-28 16:11:00,True
15211,2,1277.48,2010-12-09 16:08:00,2011-10-10 13:31:00,True
15212,2,208.27999999999997,2010-11-28 10:45:00,2011-04-12 13:45:00,True
15213,2,328.34999999999997,2011-01-14 11:05:00,2011-01-25 12:21:00,True
15214,8,1661.44,2011-04-11 09:46:00,2011-12-08 12:07:00,True
15215,7,2422.43,2010-04-06 11:21:00,2011-10-24 11:41:00,True
15216,2,486.09000000000003,2010-03-31 09:52:00,2011-09-13 11:41:00,True
15217,1,426.24,2010-05-25 13:51:00,2010-05-25 13:51:00,False
15218,22,11516.57,2010-01-26 11:33:00,2011-11-29 11:48:00,True
15219,2,685.45,2010-03-01 11:33:00,2011-06-16 16:57:00,True
15220,6,1778.96,2011-03-04 10:24:00,2011-10-19 12:39:00,True
15221,4,2465.45,2010-03-12 10:40:00,2010-12-08 13:08:00,True
15222,11,3550.91,2009-12-16 13:49:00,2011-01-25 08:03:00,True
15223,5,1417.95,2009-12-05 11:19:00,2011-04-28 11:31:00,True
15224,5,871.36,2010-01-15 16:14:00,2010-12-16 15:02:00,True
15225,1,409.40000000000003,2011-04-19 14:51:00,2011-04-19 14:51:00,False
15226,1,154.41,2011-02-02 11:41:00,2011-02-02 11:41:00,False
15227,9,2488.4900000000002,2010-03-16 08:23:00,2011-11-03 11:59:00,True
15228,6,5580.27,2010-07-28 10:21:00,2011-10-04 13:56:00,True
15229,1,160.5,2010-05-02 13:50:00,2010-05-02 13:50:00,False
15230,2,429.6,2011-04-13 11:04:00,2011-04-14 14:39:00,True
15231,1,250.26,2010-03-28 15:12:00,2010-03-28 15:12:00,False
15232,2,612.06,2011-07-22 12:21:00,2011-08-18 16:27:00,True
15233,1,59.400000000000006,2010-11-03 13:36:00,2010-11-03 13:36:00,False
15234,1,197.0,2011-03-08 08:53:00,2011-03-08 08:53:00,False
15235,16,2937.81,2010-11-16 12:48:00,2011-05-06 09:44:00,True
15236,1,321.05,2011-02-14 10:52:00,2011-02-14 10:52:00,False
15237,4,1412.3200000000002,2011-04-26 15:04:00,2011-12-08 09:46:00,True
15238,3,1071.99,2011-06-08 16:00:00,2011-11-10 14:28:00,True
15239,2,780.59,2011-09-22 09:53:00,2011-11-29 14:14:00,True
15240,12,4459.98,2009-12-05 14:57:00,2011-10-26 09:50:00,True
15241,11,3050.16,2010-02-23 13:59:00,2011-10-04 09:05:00,True
15242,1,302.04,2010-10-13 15:33:00,2010-10-13 15:33:00,False
15243,2,927.28,2010-09-30 17:28:00,2011-09-26 14:12:00,True
15244,3,912.0799999999999,2010-02-11 14:48:00,2011-10-05 13:19:00,True
15245,8,4610.84,2010-04-23 14:23:00,2011-07-28 18:56:00,True
15246,3,780.4000000000001,2010-06-02 11:28:00,2011-04-15 14:45:00,True
15247,3,976.06,2010-06-20 14:08:00,2011-08-09 12:52:00,True
15248,3,1893.93,2010-06-23 14:34:00,2010-10-24 13:09:00,True
15249,18,9266.0,2010-03-26 14:51:00,2011-11-08 11:45:00,True
15250,1,60.0,2010-03-09 07:35:00,2010-03-09 07:35:00,False
15251,21,20324.54,2010-01-29 12:42:00,2011-11-30 15:02:00,True
15252,5,2103.41,2010-04-07 10:24:00,2011-11-03 13:30:00,True
15253,8,2055.0899999999997,2010-05-02 11:17:00,2011-11-23 16:22:00,True
15254,3,1088.35,2010-05-28 10:08:00,2011-08-04 15:04:00,True
15255,9,3729.42,2009-12-03 09:10:00,2011-10-04 12:43:00,True
15256,2,170.4,2010-05-27 11:41:00,2011-07-14 11:47:00,True
15257,2,685.9,2010-10-21 14:03:00,2011-03-01 12:58:00,True
15258,2,623.1600000000001,2011-05-06 14:16:00,2011-06-24 12:30:00,True
15259,4,1182.3799999999999,2010-01-26 09:41:00,2010-07-15 08:47:00,True
15260,25,9188.23,2009-12-06 11:45:00,2011-08-31 13:55:00,True
15261,4,1508.0,2010-10-01 11:59:00,2011-07-27 15:20:00,True
15262,3,418.82,2010-08-08 15:55:00,2011-01-20 12:16:00,True
15263,1,156.51,2011-08-25 10:26:00,2011-08-25 10:26:00,False
15264,2,848.4000000000001,2010-06-27 13:29:00,2011-10-06 13:49:00,True
15265,4,3345.64,2009-12-01 17:08:00,2011-07-11 14:46:00,True
15266,5,852.21,2010-01-07 12:19:00,2011-01-05 13:40:00,True
15267,5,1717.36,2011-06-10 10:24:00,2011-11-17 15:59:00,True
15268,3,961.9000000000001,2010-04-13 11:27:00,2010-08-18 10:33:00,True
15269,3,1225.3600000000001,2010-11-14 12:58:00,2011-11-16 09:32:00,True
15270,21,8524.86,2009-12-17 15:02:00,2011-11-24 09:24:00,True
15271,24,4709.54,2010-08-05 14:57:00,2011-12-02 14:11:00,True
15272,6,2085.48,2010-02-14 13:39:00,2011-10-13 12:59:00,True
15273,1,228.96,2010-04-19 11:31:00,2010-04-19 11:31:00,False
15274,2,716.57,2011-11-21 14:17:00,2011-12-05 16:57:00,True
15275,1,615.14,2011-11-02 11:20:00,2011-11-02 11:20:00,False
15276,4,649.53,2010-10-01 12:24:00,2011-10-04 16:39:00,True
15277,2,476.34,2010-10-10 16:02:00,2011-10-24 10:08:00,True
15278,4,496.15999999999997,2010-02-12 14:53:00,2010-05-27 10:03:00,True
15279,5,1580.54,2010-02-02 10:15:00,2010-12-20 10:48:00,True
15280,3,406.22,2010-05-17 14:17:00,2011-06-20 17:14:00,True
15281,16,8543.57,2010-10-08 12:14:00,2011-10-12 09:10:00,True
15282,1,348.59,2010-05-18 16:27:00,2010-05-18 16:27:00,False
15283,3,148.33,2010-07-09 15:46:00,2010-11-14 14:54:00,True
15284,1,24.75,2010-07-27 13:25:00,2010-07-27 13:25:00,False
15285,1,94.92,2010-10-28 09:46:00,2010-10-28 09:46:00,False
15286,1,240.55,2011-10-21 11:08:00,2011-10-21 11:08:00,False
15287,5,856.0300000000001,2009-12-02 12:13:00,2011-11-17 15:34:00,True
15288,10,3883.13,2010-02-12 15:27:00,2011-10-27 16:58:00,True
15289,5,1593.0900000000001,2010-03-28 11:45:00,2011-11-10 13:49:00,True
15290,26,10496.28,2010-02-24 10:15:00,2011-12-05 11:39:00,True
15291,40,13846.56,2009-12-03 11:09:00,2011-11-14 11:02:00,True
15292,1,180.94,2011-05-22 15:00:00,2011-05-22 15:00:00,False
15293,1,247.5,2010-02-12 11:54:00,2010-02-12 11:54:00,False
15294,1,233.35,2010-10-25 11:45:00,2010-10-25 11:45:00,False
15295,1,217.23999999999998,2010-02-23 13:03:00,2010-02-23 13:03:00,False
15296,12,10342.83,2010-01-21 13:48:00,2011-10-20 11:47:00,True
15297,3,641.94,2011-10-07 09:42:00,2011-11-29 16:32:00,True
15298,23,9459.37,2009-12-08 17:04:00,2011-12-07 17:17:00,True
15299,10,7991.54,2010-01-12 11:34:00,2011-10-03 14:19:00,True
15300,1,496.44,2011-10-06 17:08:00,2011-10-06 17:08:00,False
15301,17,7603.4400000000005,2010-09-15 15:41:00,2011-10-20 09:57:00,True
15302,1,308.0,2009-12-09 13:11:00,2009-12-09 13:11:00,False
15303,3,1224.1799999999998,2010-01-25 09:42:00,2011-02-22 13:59:00,True
15304,9,919.5500000000001,2010-10-14 10:24:00,2011-10-10 10:23:00,True
15305,1,93.6,2010-06-02 13:50:00,2010-06-02 13:50:00,False
15306,9,3484.73,2010-02-18 17:12:00,2011-10-06 12:56:00,True
15307,1,205.3,2011-09-05 11:38:00,2011-09-05 11:38:00,False
15308,1,310.47,2011-03-10 13:08:00,2011-03-10 13:08:00,False
15309,4,797.96,2009-12-04 13:01:00,2010-04-08 11:11:00,True
15310,1,1634.64,2010-08-18 11:38:00,2010-08-18 11:38:00,False
15311,208,116771.16,2009-12-01 11:21:00,2011-12-09 12:00:00,True
15312,12,2930.19,2009-12-16 09:23:00,2011-09-25 13:10:00,True
15313,1,52.0,2011-08-21 16:02:00,2011-08-21 16:02:00,False
15314,3,820.45,2010-10-07 15:41:00,2011-05-24 14:39:00,True
15315,2,570.5,2011-08-15 15:17:00,2011-10-06 12:51:00,True
15316,1,165.0,2011-01-17 11:34:00,2011-01-17 11:34:00,False
15317,1,129.75,2010-01-31 15:55:00,2010-01-31 15:55:00,False
15318,1,312.62,2011-12-06 11:30:00,2011-12-06 11:30:00,False
15319,1,204.5,2011-03-01 12:48:00,2011-03-01 12:48:00,False
15320,1,267.13,2011-10-26 13:27:00,2011-10-26 13:27:00,False
15321,12,6709.7300000000005,2010-02-03 09:47:00,2011-09-30 09:40:00,True
15322,2,1390.86,2010-08-20 13:10:00,2011-09-15 09:34:00,True
15323,3,434.6,2010-02-16 09:21:00,2010-05-26 10:01:00,True
15324,1,140.22000000000003,2010-01-07 14:37:00,2010-01-07 14:37:00,False
15325,8,1602.01,2010-02-16 13:30:00,2011-08-28 11:55:00,True
15326,5,1700.52,2009-12-01 13:19:00,2011-01-10 11:38:00,True
15327,1,208.75,2011-10-18 11:55:00,2011-10-18 11:55:00,False
15328,1,107.24,2010-10-28 09:05:00,2010-10-28 09:05:00,False
15329,11,2984.33,2009-12-14 12:18:00,2011-10-31 15:36:00,True
15330,2,714.96,2011-10-10 12:30:00,2011-11-07 17:50:00,True
15331,3,767.9100000000001,2010-04-09 14:26:00,2010-07-28 09:42:00,True
15332,6,6553.74,2010-07-14 13:01:00,2010-12-08 14:43:00,True
15333,1,1028.56,2011-05-15 13:27:00,2011-05-15 13:27:00,False
15334,3,351.67,2011-06-19 13:51:00,2011-07-06 11:22:00,True
15335,1,173.97,2011-10-17 12:50:00,2011-10-17 12:50:00,False
15336,1,240.5,2010-11-03 12:39:00,2010-11-03 12:39:00,False
15337,1,373.02,2010-10-24 15:29:00,2010-10-24 15:29:00,False
15338,1,283.43,2010-01-31 14:25:00,2010-01-31 14:25:00,False
15339,7,1827.84,2010-02-08 13:38:00,2011-10-04 12:51:00,True
15340,1,105.5,2010-05-27 10:27:00,2010-05-27 10:27:00,False
15341,2,2402.72,2010-09-16 16:41:00,2011-09-20 09:40:00,True
15342,1,406.09,2011-08-02 10:19:00,2011-08-02 10:19:00,False
15343,1,364.5,2011-09-13 13:55:00,2011-09-13 13:55:00,False
15344,3,563.9399999999999,2011-09-26 14:48:00,2011-12-09 10:45:00,True
15345,1,393.54,2011-10-25 11:28:00,2011-10-25 11:28:00,False
15346,3,596.12,2010-10-04 15:11:00,2011-01-11 11:18:00,True
15347,4,1363.6000000000001,2010-09-28 12:50:00,2010-12-08 15:25:00,True
15348,1,158.04,2011-09-28 13:17:00,2011-09-28 13:17:00,False
15349,2,473.81,2011-06-05 15:46:00,2011-07-04 16:06:00,True
15350,2,663.25,2010-11-21 15:14:00,2010-12-01 13:33:00,True
15351,10,3738.29,2010-10-03 12:18:00,2011-11-27 12:52:00,True
15352,1,114.95,2010-06-09 11:28:00,2010-06-09 11:28:00,False
15353,7,3175.95,2009-12-02 11:33:00,2011-03-30 12:15:00,True
15354,3,284.4,2010-04-15 16:17:00,2010-04-15 16:24:00,True
15355,2,277.05,2011-10-17 15:22:00,2011-11-10 13:44:00,True
15356,13,3464.95,2010-10-13 13:12:00,2011-11-08 13:11:00,True
15358,42,17050.41,2009-12-07 12:19:00,2011-12-05 09:04:00,True
15359,8,181.35,2010-01-15 11:30:00,2010-02-15 10:47:00,True
15360,1,427.93,2011-10-31 09:35:00,2011-10-31 09:35:00,False
15361,4,689.07,2010-06-14 13:27:00,2010-12-13 09:52:00,True
15362,2,613.0799999999999,2009-12-01 09:08:00,2010-09-17 10:37:00,True
15363,2,1004.11,2010-08-04 08:41:00,2010-12-02 12:28:00,True
15364,2,913.19,2011-03-30 13:39:00,2011-09-05 09:46:00,True
15365,13,4557.13,2010-02-04 16:43:00,2011-11-14 08:29:00,True
15366,7,2389.08,2010-02-26 10:10:00,2011-09-25 15:01:00,True
15367,11,5081.33,2009-12-10 14:20:00,2011-10-13 14:13:00,True
15368,2,722.74,2010-11-10 15:52:00,2011-11-18 14:42:00,True
15369,11,6251.259999999999,2009-12-08 07:43:00,2010-08-04 13:54:00,True
15370,8,3739.01,2010-10-25 12:08:00,2011-10-30 10:58:00,True
15371,1,59.400000000000006,2010-02-15 13:14:00,2010-02-15 13:14:00,False
15372,8,6017.0599999999995,2010-02-14 11:24:00,2011-07-25 16:39:00,True
15373,17,3421.3900000000003,2010-05-02 11:57:00,2011-12-01 15:05:00,True
15374,2,307.32,2010-03-25 12:03:00,2011-08-03 09:59:00,True
15375,1,60.959999999999994,2010-01-18 15:38:00,2010-01-18 15:38:00,False
15376,3,1233.36,2011-05-01 13:45:00,2011-10-30 15:04:00,True
15377,4,1211.75,2010-10-20 11:42:00,2010-11-22 08:55:00,True
15378,2,246.5,2010-07-26 08:47:00,2010-09-03 11:30:00,True
15379,8,4877.84,2010-11-04 11:59:00,2011-06-23 13:13:00,True
15380,11,3479.0600000000004,2009-12-01 13:50:00,2011-12-01 12:13:00,True
15381,5,1890.57,2010-05-05 14:35:00,2011-05-10 11:55:00,True
15382,12,13733.55,2009-12-04 14:13:00,2011-11-25 10:58:00,True
15384,4,2027.79,2010-04-26 12:38:00,2011-06-23 10:57:00,True
15385,3,942.0799999999999,2010-01-31 13:02:00,2011-10-30 15:11:00,True
15386,1,394.14,2011-06-06 13:47:00,2011-06-06 13:47:00,False
15387,1,468.65,2010-08-04 16:05:00,2010-08-04 16:05:00,False
15388,1,140.54,2011-03-14 13:53:00,2011-03-14 13:53:00,False
15389,5,2733.8,2010-01-27 12:44:00,2011-06-20 16:18:00,True
15390,2,1216.66,2010-10-26 17:23:00,2010-11-08 15:19:00,True
15391,1,289.87,2010-05-04 15:04:00,2010-05-04 15:04:00,False
15392,7,2911.62,2010-10-04 12:50:00,2011-12-05 11:01:00,True
15393,5,891.34,2009-12-15 17:56:00,2011-11-23 16:48:00,True
15394,11,5286.8,2009-12-15 19:05:00,2011-11-30 11:49:00,True
15395,1,107.45,2011-01-18 12:40:00,2011-01-18 12:40:00,False
15396,2,796.3800000000001,2010-05-05 09:04:00,2011-08-19 10:56:00,True
15397,1,94.0,2011-02-23 09:25:00,2011-02-23 09:25:00,False
15398,2,1345.5300000000002,2011-09-22 14:56:00,2011-11-23 16:47:00,True
15399,3,815.77,2011-09-21 15:57:00,2011-12-08 13:04:00,True
15400,8,1302.3,2010-05-28 08:33:00,2011-09-08 13:57:00,True
15401,2,216.95000000000002,2010-05-20 10:56:00,2010-09-13 13:42:00,True
15402,6,1830.54,2010-04-27 12:12:00,2011-07-14 12:17:00,True
15403,2,170.88,2009-12-09 12:45:00,2010-08-05 12:21:00,True
15404,1,257.06,2010-11-29 11:03:00,2010-11-29 11:03:00,False
15405,2,659.84,2010-05-12 15:56:00,2011-06-03 14:44:00,True
15406,4,975.87,2010-09-12 13:06:00,2011-11-08 13:22:00,True
15407,4,1056.44,2011-02-07 13:18:00,2011-11-06 11:55:00,True
15408,1,267.18,2011-03-20 15:02:00,2011-03-20 15:02:00,False
15409,1,131.25,2009-12-18 15:35:00,2009-12-18 15:35:00,False
15410,10,4685.72,2010-04-19 08:57:00,2011-09-16 14:47:00,True
15411,4,1358.88,2011-06-10 12:30:00,2011-11-13 15:19:00,True
15412,1,190.53,2011-06-21 15:24:00,2011-06-21 15:24:00,False
15413,5,6798.72,2009-12-01 10:18:00,2010-01-17 11:33:00,True
15414,3,774.9000000000001,2011-04-11 13:45:00,2011-11-30 09:50:00,True
15415,1,572.8100000000001,2011-01-30 14:13:00,2011-01-30 14:13:00,False
15416,7,4572.82,2010-02-01 11:55:00,2011-10-06 09:38:00,True
15417,1,508.8,2011-09-15 15:26:00,2011-09-15 15:26:00,False
15418,2,452.32000000000005,2010-05-02 11:31:00,2010-10-10 13:38:00,True
15419,1,135.86,2011-11-15 09:23:00,2011-11-15 09:23:00,False
15420,6,743.0,2009-12-05 13:29:00,2010-10-01 15:46:00,True
15421,10,3805.34,2009-12-07 15:10:00,2011-10-12 09:20:00,True
15422,7,1619.97,2010-02-07 11:52:00,2011-01-20 16:17:00,True
15423,3,266.89,2010-03-28 13:42:00,2011-11-01 14:01:00,True
15424,3,597.78,2010-09-02 17:17:00,2011-03-30 13:02:00,True
15425,4,1944.5700000000002,2010-02-14 12:36:00,2010-11-04 18:13:00,True
15426,9,2615.39,2010-05-02 15:10:00,2011-11-20 15:36:00,True
15427,3,1483.1399999999999,2011-10-23 14:47:00,2011-11-06 14:29:00,True
15428,4,762.75,2009-12-17 17:46:00,2011-11-24 16:54:00,True
15429,2,397.35,2011-09-25 13:42:00,2011-11-13 12:28:00,True
15430,2,954.75,2010-06-29 15:04:00,2010-08-29 10:42:00,True
15431,1,153.24,2010-07-25 12:44:00,2010-07-25 12:44:00,False
15432,2,320.76,2010-06-16 14:34:00,2011-11-16 16:30:00,True
15433,2,533.3,2011-03-17 14:12:00,2011-05-10 10:45:00,True
15434,11,2567.06,2010-01-24 15:35:00,2011-12-01 13:33:00,True
15435,1,149.29,2011-11-17 16:39:00,2011-11-17 16:39:00,False
15436,3,1122.53,2011-04-19 16:52:00,2011-11-27 16:05:00,True
15437,2,393.45000000000005,2010-03-09 10:45:00,2011-03-22 13:11:00,True
15438,1,156.57999999999998,2011-07-31 14:19:00,2011-07-31 14:19:00,False
15439,4,1269.0500000000002,2010-02-24 12:05:00,2010-10-31 10:38:00,True
15440,3,383.68,2011-05-15 11:30:00,2011-10-16 12:16:00,True
15441,3,1254.21,2009-12-09 14:55:00,2010-11-08 15:50:00,True
15442,1,594.0,2011-04-05 12:24:00,2011-04-05 12:24:00,False
15443,14,5175.93,2010-03-07 12:10:00,2011-12-08 10:40:00,True
15444,2,1418.2599999999998,2011-10-30 16:12:00,2011-11-30 17:37:00,True
15445,2,284.5,2010-04-28 15:00:00,2011-03-20 15:06:00,True
15446,3,406.95000000000005,2009-12-13 13:53:00,2010-11-28 11:59:00,True
15447,5,492.88,2010-03-24 14:40:00,2011-01-13 11:26:00,True
15448,2,788.81,2010-02-03 13:29:00,2011-01-31 10:42:00,True
15449,3,974.52,2011-03-23 10:43:00,2011-11-13 15:02:00,True
15450,1,429.84,2011-11-09 17:11:00,2011-11-09 17:11:00,False
15451,2,233.21,2010-04-19 14:08:00,2010-10-01 13:40:00,True
15452,6,1799.1100000000001,2010-07-16 14:23:00,2011-11-10 12:13:00,True
15453,7,1388.37,2011-06-05 12:37:00,2011-12-08 10:59:00,True
15454,2,307.69,2010-03-31 13:15:00,2010-12-12 14:21:00,True
15455,1,38.25,2010-04-21 12:43:00,2010-04-21 12:43:00,False
15456,10,2119.27,2009-12-08 12:54:00,2011-03-01 13:51:00,True
15457,1,237.07,2011-03-22 15:31:00,2011-03-22 15:31:00,False
15458,2,370.43999999999994,2010-11-02 19:50:00,2011-11-14 13:08:00,True
15459,2,202.82999999999998,2010-07-30 14:31:00,2010-10-18 15:25:00,True
15460,1,216.76,2010-12-20 16:08:00,2010-12-20 16:08:00,False
15461,2,429.7,2010-03-18 12:40:00,2010-09-05 12:31:00,True
15462,4,737.05,2010-09-20 10:23:00,2011-09-06 13:11:00,True
15463,1,126.14,2011-11-10 12:57:00,2011-11-10 12:57:00,False
15464,1,1048.85,2011-01-05 15:56:00,2011-01-05 15:56:00,False
15465,32,12655.65,2009-12-10 09:42:00,2011-11-20 10:11:00,True
15466,4,1571.01,2009-12-03 12:28:00,2011-09-15 14:08:00,True
15467,3,524.88,2011-07-10 14:42:00,2011-11-30 14:17:00,True
15468,3,1430.48,2010-11-12 09:39:00,2011-10-19 13:49:00,True
15469,3,874.25,2010-09-27 10:09:00,2011-10-20 16:21:00,True
15470,1,63.419999999999995,2010-05-13 09:35:00,2010-05-13 09:35:00,False
15471,3,1316.56,2010-06-07 12:17:00,2011-12-07 14:12:00,True
15472,1,371.56,2011-08-18 15:17:00,2011-08-18 15:17:00,False
15473,8,2046.0,2010-09-21 09:14:00,2011-11-25 15:15:00,True
15474,1,163.1,2010-04-23 11:14:00,2010-04-23 11:14:00,False
15475,1,454.10999999999996,2011-09-23 15:20:00,2011-09-23 15:20:00,False
15476,4,2209.9799999999996,2010-09-23 14:00:00,2010-11-24 15:17:00,True
15477,1,368.4,2010-02-28 10:37:00,2010-02-28 10:37:00,False
15478,3,2024.98,2010-05-13 18:49:00,2011-10-30 14:19:00,True
15479,1,147.4,2009-12-06 15:08:00,2009-12-06 15:08:00,False
15480,5,6279.0,2010-02-01 14:52:00,2011-08-15 14:32:00,True
15481,1,1993.34,2010-11-03 14:52:00,2010-11-03 14:52:00,False
15482,19,14592.56,2009-12-02 16:59:00,2011-11-24 10:46:00,True
15483,10,862.1999999999999,2010-01-24 15:42:00,2011-07-01 13:07:00,True
15484,6,4656.0,2009-12-05 15:18:00,2011-12-08 15:03:00,True
15485,7,5771.51,2009-12-01 17:31:00,2011-11-09 14:31:00,True
15486,1,102.0,2010-06-30 13:15:00,2010-06-30 13:15:00,False
15487,1,231.32,2010-01-29 12:07:00,2010-01-29 12:07:00,False
15488,5,431.92,2010-05-05 13:03:00,2011-09-08 10:11:00,True
15489,8,2419.61,2010-01-15 16:58:00,2011-11-17 08:53:00,True
15490,1,217.6,2010-10-05 13:11:00,2010-10-05 13:11:00,False
15491,6,3100.09,2011-04-18 10:04:00,2011-09-05 15:56:00,True
15492,2,659.46,2011-09-26 14:02:00,2011-11-11 14:53:00,True
15493,9,4314.98,2010-02-23 11:14:00,2011-11-07 12:04:00,True
15494,5,3780.05,2009-12-10 20:16:00,2011-11-18 14:51:00,True
15495,1,246.5,2010-11-25 13:46:00,2010-11-25 13:46:00,False
15496,1,146.14000000000001,2010-03-18 13:16:00,2010-03-18 13:16:00,False
15497,9,8657.39,2009-12-18 15:08:00,2011-11-22 11:51:00,True
15498,44,26039.58,2009-12-16 17:27:00,2011-12-07 12:48:00,True
15499,1,161.6,2009-12-16 12:17:00,2009-12-16 12:17:00,False
15500,4,1131.56,2011-09-19 13:47:00,2011-12-01 13:47:00,True
15501,2,402.5,2010-10-20 12:47:00,2010-10-31 11:15:00,True
15502,14,13993.47,2010-06-03 11:12:00,2011-11-24 12:48:00,True
15503,2,267.15,2009-12-13 11:34:00,2010-12-12 10:57:00,True
15504,4,423.85,2010-02-12 12:34:00,2011-09-19 13:45:00,True
15505,5,3610.96,2011-07-07 13:33:00,2011-10-18 07:56:00,True
15506,6,2040.03,2010-08-19 12:38:00,2011-11-17 12:11:00,True
15507,1,492.36,2011-06-21 11:19:00,2011-06-21 11:19:00,False
15508,6,1000.27,2011-04-18 15:31:00,2011-06-03 15:43:00,True
15509,1,166.51,2010-11-24 14:48:00,2010-11-24 14:48:00,False
15510,1,250.0,2011-01-13 12:10:00,2011-01-13 12:10:00,False
15511,5,909.23,2011-09-15 15:05:00,2011-11-28 09:43:00,True
15512,4,331.58000000000004,2010-02-01 13:23:00,2011-07-07 10:20:00,True
15513,35,27750.55,2010-01-13 14:59:00,2011-11-06 14:36:00,True
15514,18,6598.55,2009-12-04 16:37:00,2011-11-27 14:40:00,True
15515,1,171.81,2010-11-17 13:39:00,2010-11-17 13:39:00,False
15516,3,62.43,2011-10-24 11:33:00,2011-10-26 10:51:00,True
15517,1,267.03,2011-04-20 14:02:00,2011-04-20 14:02:00,False
15518,15,4218.94,2009-12-20 12:21:00,2011-10-06 13:05:00,True
15519,2,344.61,2010-09-19 13:57:00,2010-11-21 14:35:00,True
15520,1,343.5,2011-12-08 10:58:00,2011-12-08 10:58:00,False
15521,16,7106.69,2010-01-05 10:19:00,2011-10-30 13:42:00,True
15522,2,398.84,2011-09-13 12:26:00,2011-11-07 11:26:00,True
15523,16,17359.99,2009-12-02 15:16:00,2011-09-16 16:29:00,True
15524,2,591.4,2010-04-12 09:19:00,2011-11-15 12:09:00,True
15525,4,1295.7,2010-11-22 12:10:00,2011-12-07 14:43:00,True
15526,2,148.44,2011-11-06 15:01:00,2011-11-06 15:04:00,True
15527,23,5575.64,2009-12-15 17:31:00,2011-11-21 12:17:00,True
15528,1,229.33,2011-03-30 16:14:00,2011-03-30 16:14:00,False
15529,12,5111.95,2010-11-10 14:26:00,2011-11-17 11:29:00,True
15530,5,1813.72,2010-07-15 11:10:00,2011-11-18 12:25:00,True
15531,2,2007.44,2011-11-09 17:47:00,2011-12-01 18:43:00,True
15532,10,3771.9,2010-06-08 14:52:00,2011-11-14 14:51:00,True
15533,3,807.5699999999999,2011-09-11 15:41:00,2011-11-20 15:35:00,True
15534,1,162.25,2009-12-14 12:48:00,2009-12-14 12:48:00,False
15535,6,1087.8200000000002,2010-09-16 20:04:00,2011-06-19 16:02:00,True
15536,1,259.09,2010-10-26 16:31:00,2010-10-26 16:31:00,False
15537,1,110.92,2011-06-29 13:10:00,2011-06-29 13:10:00,False
15538,6,3358.4,2010-02-14 12:38:00,2010-06-20 10:49:00,True
15539,1,538.46,2011-12-02 13:36:00,2011-12-02 13:36:00,False
15540,2,460.68,2010-11-29 11:10:00,2011-11-28 13:51:00,True
15541,1,85.13000000000001,2011-08-17 14:58:00,2011-08-17 14:58:00,False
15542,3,918.45,2009-12-02 11:53:00,2010-07-15 13:32:00,True
15543,2,242.84,2010-09-06 11:28:00,2011-02-24 15:26:00,True
15544,20,8162.43,2010-01-28 14:39:00,2011-11-30 16:43:00,True
15545,2,428.04999999999995,2010-12-03 17:28:00,2011-10-16 13:24:00,True
15546,2,1079.1000000000001,2010-04-12 11:45:00,2010-04-12 11:51:00,True
15547,26,10154.39,2009-12-06 13:40:00,2011-12-02 12:52:00,True
15548,1,158.09,2010-04-23 12:20:00,2010-04-23 12:20:00,False
15549,8,2345.96,2010-01-11 13:16:00,2011-09-23 16:22:00,True
15550,12,2218.8,2009-12-03 15:15:00,2011-12-05 15:38:00,True
15551,7,1710.08,2010-06-07 15:05:00,2011-11-03 12:37:00,True
15552,2,252.52,2010-03-26 16:17:00,2011-05-06 14:47:00,True
15553,1,437.23,2011-10-10 14:02:00,2011-10-10 14:02:00,False
15554,1,217.2,2011-03-07 09:00:00,2011-03-07 09:00:00,False
15555,36,12112.35,2009-12-06 11:58:00,2011-11-27 16:19:00,True
15556,1,279.77,2011-11-15 16:08:00,2011-11-15 16:08:00,False
15557,1,473.65000000000003,2011-11-11 12:46:00,2011-11-11 12:46:00,False
15558,1,214.13,2010-03-10 15:25:00,2010-03-10 15:25:00,False
15559,1,1109.4,2010-05-20 14:06:00,2010-05-20 14:06:00,False
15560,2,153.51999999999998,2010-11-07 10:14:00,2010-11-07 10:15:00,True
15561,8,1934.3899999999999,2010-02-14 12:22:00,2011-11-28 11:07:00,True
15562,3,673.3800000000001,2009-12-13 15:17:00,2010-12-23 09:55:00,True
15563,7,2867.0,2010-01-28 11:36:00,2011-11-17 14:50:00,True
15564,2,70.74000000000001,2010-02-01 15:58:00,2010-09-02 15:52:00,True
15565,2,173.16000000000003,2011-09-30 10:44:00,2011-10-20 14:33:00,True
15566,2,227.87,2009-12-15 14:53:00,2010-11-12 12:11:00,True
15567,1,186.01,2011-11-21 10:48:00,2011-11-21 10:48:00,False
15568,3,758.29,2011-09-27 14:37:00,2011-12-07 11:27:00,True
15569,10,3586.35,2010-02-28 10:55:00,2011-08-28 10:15:00,True
15570,25,9311.04,2010-03-28 14:04:00,2011-12-02 14:47:00,True
15571,14,4051.6299999999997,2009-12-06 12:10:00,2011-11-28 10:02:00,True
15572,10,4068.67,2010-04-14 14:38:00,2011-12-05 10:09:00,True
15573,5,1207.1799999999998,2009-12-10 14:19:00,2011-11-08 11:38:00,True
15574,6,1518.6999999999998,2010-09-01 14:37:00,2011-06-15 12:01:00,True
15575,1,30.1,2010-03-30 12:50:00,2010-03-30 12:50:00,False
15576,1,940.6700000000001,2011-11-02 12:03:00,2011-11-02 12:03:00,False
15577,5,397.98,2009-12-13 16:17:00,2011-07-11 17:03:00,True
15578,1,127.1,2011-06-30 13:03:00,2011-06-30 13:03:00,False
15579,5,1302.5,2010-10-03 14:37:00,2011-10-02 12:45:00,True
15580,8,1381.19,2010-02-07 11:21:00,2010-11-28 11:00:00,True
15581,38,7794.59,2009-12-02 12:19:00,2011-08-11 09:38:00,True
15582,3,682.9100000000001,2011-05-03 13:36:00,2011-11-15 09:55:00,True
15583,1,107.86,2010-11-28 15:04:00,2010-11-28 15:04:00,False
15584,6,1277.5,2010-02-07 12:16:00,2011-11-16 10:55:00,True
15585,1,455.3,2011-06-16 08:38:00,2011-06-16 08:38:00,False
15586,3,1139.1000000000001,2010-01-08 10:02:00,2010-04-26 11:00:00,True
15587,7,1522.08,2010-08-05 08:44:00,2011-10-20 13:37:00,True
15588,1,579.6,2010-01-31 12:19:00,2010-01-31 12:19:00,False
15589,3,478.53,2011-02-02 10:46:00,2011-03-29 09:54:00,True
15590,5,1496.6,2010-04-12 10:09:00,2010-11-22 14:49:00,True
15591,3,217.9,2010-02-04 09:20:00,2010-05-06 09:23:00,True
15592,1,388.58,2011-10-24 08:59:00,2011-10-24 08:59:00,False
15593,1,199.8,2011-09-30 11:46:00,2011-09-30 11:46:00,False
15594,5,1771.78,2011-04-19 10:08:00,2011-11-24 08:53:00,True
15595,1,357.6,2010-08-09 12:27:00,2010-08-09 12:27:00,False
15596,9,3130.04,2010-07-28 11:46:00,2011-08-31 10:55:00,True
15597,2,563.37,2010-05-13 13:10:00,2011-11-04 13:26:00,True
15598,2,548.02,2010-10-08 09:20:00,2011-10-17 16:04:00,True
15599,3,1250.06,2010-09-20 10:15:00,2011-11-13 11:44:00,True
15600,4,1199.31,2010-04-25 11:50:00,2010-10-07 14:30:00,True
15601,30,14960.12,2009-12-01 14:53:00,2011-11-28 15:15:00,True
15602,16,3230.51,2009-12-02 09:35:00,2011-12-01 14:14:00,True
15603,2,88.48,2010-03-01 16:02:00,2011-09-22 10:04:00,True
15604,1,216.39,2011-10-18 14:47:00,2011-10-18 14:47:00,False
15605,9,1936.8000000000002,2010-01-14 14:03:00,2011-11-03 14:17:00,True
15606,17,5230.99,2010-03-02 14:48:00,2011-10-09 15:47:00,True
15607,9,1708.97,2010-01-08 12:16:00,2011-01-07 12:44:00,True
15608,5,1785.98,2010-10-20 10:10:00,2011-11-11 13:20:00,True
15609,1,298.48,2011-06-08 13:00:00,2011-06-08 13:00:00,False
15610,1,112.46000000000001,2011-10-19 10:36:00,2011-10-19 10:36:00,False
15611,26,2997.28,2010-01-25 14:50:00,2011-11-30 12:36:00,True
15612,2,195.15,2011-10-09 12:49:00,2011-11-03 14:52:00,True
15613,1,433.71999999999997,2010-04-08 12:51:00,2010-04-08 12:51:00,False
15614,4,3147.36,2010-03-23 11:13:00,2010-09-28 10:46:00,True
15615,47,21373.97,2009-12-02 15:28:00,2011-11-29 14:42:00,True
15616,1,317.11,2010-09-27 13:10:00,2010-09-27 13:10:00,False
15617,3,828.55,2010-07-20 13:16:00,2010-11-08 16:07:00,True
15618,4,776.851,2011-07-26 10:13:00,2011-11-07 08:34:00,True
15619,1,336.40000000000003,2011-11-29 08:14:00,2011-11-29 08:14:00,False
15620,4,1942.36,2010-10-26 11:32:00,2011-10-14 12:41:00,True
15621,4,1293.03,2011-11-18 11:49:00,2011-12-05 14:01:00,True
15622,17,7852.61,2010-03-04 10:29:00,2011-10-27 16:44:00,True
15623,8,2437.05,2009-12-10 14:46:00,2011-07-21 17:26:00,True
15624,4,588.13,2011-03-28 13:32:00,2011-08-15 11:38:00,True
15625,9,3236.3999999999996,2010-06-15 15:23:00,2011-08-28 10:21:00,True
15626,3,1067.52,2010-10-14 17:16:00,2011-09-26 10:03:00,True
15627,2,566.9000000000001,2010-07-05 11:56:00,2010-09-08 14:14:00,True
15628,17,5652.26,2009-12-13 13:39:00,2011-12-05 10:24:00,True
15629,4,2240.9,2010-06-25 11:39:00,2010-09-15 13:46:00,True
15630,3,1481.4,2010-03-05 14:30:00,2011-10-25 15:36:00,True
15631,1,596.67,2010-03-07 14:52:00,2010-03-07 14:52:00,False
15632,8,3285.31,2011-03-10 08:29:00,2011-11-24 09:51:00,True
15633,13,4352.46,2009-12-08 17:51:00,2010-07-18 13:54:00,True
15634,2,554.6500000000001,2010-11-21 15:30:00,2011-11-22 16:28:00,True
15635,1,100.35,2010-11-09 08:58:00,2010-11-09 08:58:00,False
15636,4,1444.58,2010-05-19 11:37:00,2011-09-11 11:17:00,True
15637,5,797.59,2009-12-15 17:54:00,2011-10-18 08:28:00,True
15638,6,2265.2,2010-04-08 14:37:00,2010-11-26 11:52:00,True
15639,3,1065.08,2010-04-13 13:11:00,2011-07-28 14:30:00,True
15640,29,23957.58,2009-12-14 16:36:00,2011-12-05 14:35:00,True
15641,12,5345.55,2009-12-06 15:31:00,2011-08-26 14:04:00,True
15642,1,105.78000000000002,2009-12-10 11:51:00,2009-12-10 11:51:00,False
15643,3,664.0,2011-03-02 14:34:00,2011-06-01 07:38:00,True
15644,4,813.0,2011-03-23 15:37:00,2011-06-26 14:54:00,True
15645,3,1055.17,2010-10-10 12:51:00,2011-11-21 11:55:00,True
15646,5,974.61,2010-10-25 13:06:00,2011-07-05 09:53:00,True
15647,1,169.0,2010-10-20 15:09:00,2010-10-20 15:09:00,False
15648,2,657.35,2011-03-17 18:59:00,2011-05-19 15:53:00,True
15649,4,2170.35,2010-11-17 16:22:00,2011-01-07 13:34:00,True
15650,2,553.88,2010-03-21 11:46:00,2010-07-06 10:41:00,True
15651,5,1259.06,2010-04-22 13:26:00,2011-11-03 08:41:00,True
15652,5,1420.34,2010-08-11 16:58:00,2011-09-09 14:22:00,True
15653,2,877.4399999999999,2011-08-16 09:50:00,2011-09-08 10:49:00,True
15654,2,922.53,2011-11-13 15:15:00,2011-11-30 13:08:00,True
15655,1,560.67,2011-04-10 15:25:00,2011-04-10 15:25:00,False
15656,4,748.5,2011-02-28 15:32:00,2011-10-25 14:56:00,True
15657,1,30.0,2011-11-17 12:19:00,2011-11-17 12:19:00,False
15658,8,2423.47,2009-12-03 11:19:00,2011-06-02 15:22:00,True
15659,3,532.49,2010-02-24 13:32:00,2011-10-27 09:23:00,True
15660,15,2812.99,2010-02-05 16:01:00,2011-11-14 16:58:00,True
15661,8,1215.9499999999998,2010-05-10 07:59:00,2011-01-26 13:56:00,True
15662,2,283.73,2009-12-01 13:49:00,2010-02-16 16:47:00,True
15663,1,138.14,2011-08-25 15:50:00,2011-08-25 15:50:00,False
15664,4,1254.03,2010-02-28 12:50:00,2011-10-20 10:57:00,True
15665,5,4015.12,2010-03-14 15:07:00,2011-06-24 14:57:00,True
15666,2,632.94,2010-08-01 15:41:00,2010-08-24 16:14:00,True
15667,1,301.32,2011-10-31 10:56:00,2011-10-31 10:56:00,False
15668,1,76.32000000000001,2011-05-06 10:39:00,2011-05-06 10:39:00,False
15669,4,684.34,2011-03-21 09:13:00,2011-10-30 16:03:00,True
15670,2,325.20000000000005,2010-06-01 15:34:00,2011-02-16 10:50:00,True
15671,7,2657.13,2011-03-14 09:37:00,2011-11-21 12:43:00,True
15672,1,45.300000000000004,2009-12-14 16:52:00,2009-12-14 16:52:00,False
15673,9,6414.79,2010-02-22 14:28:00,2011-09-12 16:12:00,True
15674,13,6948.23,2009-12-08 17:08:00,2011-09-27 15:17:00,True
15675,4,542.04,2010-10-31 14:14:00,2011-09-19 13:48:00,True
15676,3,3435.76,2011-03-01 10:19:00,2011-11-21 12:40:00,True
15677,3,1305.63,2010-09-02 12:08:00,2011-10-21 15:36:00,True
15678,3,1893.89,2010-07-05 12:49:00,2011-10-18 09:25:00,True
15679,4,781.28,2011-06-10 08:24:00,2011-11-15 16:19:00,True
15680,10,4507.58,2009-12-02 12:15:00,2011-11-30 13:46:00,True
15681,14,2989.7,2010-05-24 14:18:00,2011-11-14 16:30:00,True
15682,2,318.24,2010-01-21 14:37:00,2010-04-19 15:30:00,True
15683,2,524.54,2010-08-23 12:01:00,2011-08-14 12:56:00,True
15684,3,173.95,2009-12-04 16:13:00,2010-06-10 18:51:00,True
15685,1,55.980000000000004,2010-09-15 13:43:00,2010-09-15 13:43:00,False
15686,1,90.0,2010-10-15 13:50:00,2010-10-15 13:50:00,False
15687,9,2993.1,2011-01-13 15:13:00,2011-12-01 08:33:00,True
15688,1,190.57,2010-10-17 12:06:00,2010-10-17 12:06:00,False
15689,3,521.03,2010-04-01 09:53:00,2011-08-12 09:37:00,True
15690,2,239.76,2011-08-31 11:40:00,2011-12-05 15:59:00,True
15691,4,571.3,2009-12-06 16:01:00,2011-04-01 15:13:00,True
15692,1,191.04,2011-11-11 14:12:00,2011-11-11 14:12:00,False
15693,1,37.5,2010-02-18 14:37:00,2010-02-18 14:37:00,False
15694,24,10810.81,2009-12-07 15:43:00,2011-12-09 09:44:00,True
15695,4,1131.04,2010-01-27 10:56:00,2011-03-18 08:32:00,True
15696,13,3906.5699999999997,2010-01-24 14:36:00,2011-11-06 14:02:00,True
15697,1,246.75,2010-01-19 09:10:00,2010-01-19 09:10:00,False
15698,1,46.2,2010-03-25 17:38:00,2010-03-25 17:38:00,False
15699,1,309.65,2011-11-22 08:26:00,2011-11-22 08:26:00,False
15700,2,696.68,2011-06-19 15:36:00,2011-06-20 16:53:00,True
15701,4,1542.1399999999999,2011-08-21 12:36:00,2011-12-07 14:39:00,True
15702,2,140.39000000000001,2010-01-26 17:23:00,2010-08-20 14:50:00,True
15703,1,211.5,2011-03-20 10:51:00,2011-03-20 10:51:00,False
15704,6,3817.96,2010-05-05 14:51:00,2011-07-22 13:35:00,True
15705,1,143.1,2011-05-22 15:37:00,2011-05-22 15:37:00,False
15706,4,1060.56,2011-08-15 14:32:00,2011-10-07 10:09:00,True
15707,4,945.5799999999999,2011-09-14 14:19:00,2011-11-04 14:35:00,True
15708,9,4378.72,2010-10-10 11:33:00,2011-10-30 10:54:00,True
15709,2,327.85,2010-04-29 18:31:00,2011-03-01 10:38:00,True
15710,1,898.87,2010-10-18 17:05:00,2010-10-18 17:05:00,False
15711,2,420.25,2010-01-24 12:13:00,2010-06-01 12:14:00,True
15712,12,3472.4100000000003,2009-12-01 11:17:00,2011-11-30 14:09:00,True
15713,4,1010.79,2009-12-16 09:41:00,2011-07-19 13:34:00,True
15714,5,784.8100000000001,2010-06-02 12:08:00,2011-11-28 11:26:00,True
15715,5,658.02,2010-03-30 12:17:00,2010-06-02 09:56:00,True
15716,11,3056.8100000000004,2009-12-07 12:42:00,2011-07-17 11:59:00,True
15717,5,607.0,2010-04-26 10:41:00,2011-04-19 13:21:00,True
15718,1,293.79,2010-06-17 16:20:00,2010-06-17 16:20:00,False
15719,31,10223.06,2009-12-01 12:47:00,2011-11-07 12:29:00,True
15720,2,741.9200000000001,2010-06-07 15:40:00,2011-11-15 14:48:00,True
15721,1,507.08,2011-11-28 12:14:00,2011-11-28 12:14:00,False
15722,11,5258.1,2010-03-09 15:05:00,2011-11-04 11:43:00,True
15723,4,947.65,2010-05-14 12:55:00,2010-12-10 11:12:00,True
15724,3,310.85,2010-11-04 10:22:00,2011-05-22 14:40:00,True
15725,1,415.25,2011-11-24 14:51:00,2011-11-24 14:51:00,False
15726,1,321.91,2010-11-14 16:12:00,2010-11-14 16:12:00,False
15727,15,9445.51,2010-01-24 12:12:00,2011-11-23 12:36:00,True
15728,2,544.6,2010-09-21 14:46:00,2010-11-25 10:39:00,True
15729,3,192.55,2010-11-01 13:44:00,2011-05-11 12:36:00,True
15730,5,1726.58,2010-10-04 14:15:00,2011-10-05 12:31:00,True
15731,1,125.3,2010-06-04 10:10:00,2010-06-04 10:10:00,False
15732,10,1682.07,2010-02-04 10:10:00,2011-05-11 14:24:00,True
15733,1,162.3,2011-03-02 09:05:00,2011-03-02 09:05:00,False
15734,4,2263.3,2010-06-10 14:25:00,2011-08-17 10:50:00,True
15735,1,327.68,2010-10-14 13:38:00,2010-10-14 13:38:00,False
15736,2,1815.72,2010-09-30 14:19:00,2010-09-30 14:20:00,True
15737,8,1205.1200000000001,2011-04-11 10:01:00,2011-11-25 11:21:00,True
15738,41,13372.970000000001,2009-12-10 15:52:00,2011-11-21 08:26:00,True
15739,1,449.12,2011-10-04 13:42:00,2011-10-04 13:42:00,False
15740,1,154.88,2011-10-21 14:29:00,2011-10-21 14:29:00,False
15741,2,208.62,2010-03-31 11:55:00,2010-09-07 16:21:00,True
15742,1,156.87,2010-03-30 15:25:00,2010-03-30 15:25:00,False
15743,4,784.46,2011-06-08 10:14:00,2011-11-23 17:19:00,True
15744,1,34.8,2011-09-23 09:52:00,2011-09-23 09:52:00,False
15745,4,1094.5900000000001,2011-04-17 13:04:00,2011-11-20 13:45:00,True
15746,1,196.88,2011-07-28 15:21:00,2011-07-28 15:21:00,False
15747,9,2562.61,2010-01-18 11:21:00,2011-11-27 12:26:00,True
15748,3,614.76,2010-09-16 16:52:00,2011-10-30 12:51:00,True
15749,3,44534.3,2011-01-11 12:55:00,2011-04-18 13:20:00,True
15750,18,6797.191,2009-12-01 17:19:00,2011-12-07 12:34:00,True
15751,11,1380.44,2009-12-06 13:08:00,2010-09-05 12:44:00,True
15752,9,4207.54,2010-09-08 11:56:00,2011-10-31 11:37:00,True
15753,1,79.2,2011-02-08 12:41:00,2011-02-08 12:41:00,False
15754,9,3037.61,2010-02-22 13:31:00,2011-10-19 14:40:00,True
15755,17,5993.12,2009-12-04 08:24:00,2011-11-29 14:57:00,True
15756,4,532.96,2011-04-04 14:00:00,2011-10-09 13:30:00,True
15757,6,2940.36,2010-06-10 13:47:00,2011-10-05 12:14:00,True
15758,1,205.25,2011-11-15 10:48:00,2011-11-15 10:48:00,False
15759,7,830.9300000000001,2009-12-02 10:08:00,2011-05-05 15:13:00,True
15760,2,13916.34,2010-03-19 11:35:00,2010-03-19 11:45:00,True
15761,1,143.05,2010-09-23 09:33:00,2010-09-23 09:33:00,False
15762,2,583.75,2011-09-23 15:17:00,2011-10-05 16:15:00,True
15763,2,1086.92,2011-09-23 12:10:00,2011-11-08 09:44:00,True
15764,8,4503.08,2010-08-18 13:58:00,2011-09-12 17:58:00,True
15765,1,370.63,2010-02-11 10:25:00,2010-02-11 10:25:00,False
15766,3,831.06,2010-01-26 15:55:00,2011-10-06 17:03:00,True
15768,34,15601.09,2009-12-03 12:10:00,2011-08-16 10:48:00,True
15769,46,88704.32,2009-12-11 09:58:00,2011-12-02 13:52:00,True
15770,1,321.45,2010-04-06 11:47:00,2010-04-06 11:47:00,False
15771,3,1006.54,2010-01-15 12:14:00,2010-04-14 13:56:00,True
15772,1,280.88,2010-10-17 13:33:00,2010-10-17 13:33:00,False
15773,2,774.5200000000001,2010-10-26 15:27:00,2011-12-04 12:48:00,True
15774,6,1329.94,2010-02-21 12:57:00,2011-10-02 12:04:00,True
15775,2,150.5,2010-03-18 07:32:00,2011-04-08 12:56:00,True
15776,1,241.62,2011-07-29 13:46:00,2011-07-29 13:46:00,False
15777,7,1762.61,2010-05-20 10:37:00,2011-04-12 16:43:00,True
15778,1,307.95,2010-10-04 15:10:00,2010-10-04 15:10:00,False
15779,2,124.08,2010-06-25 15:55:00,2010-09-02 16:40:00,True
15780,3,475.28000000000003,2010-12-17 11:43:00,2011-06-09 12:01:00,True
15781,3,345.46000000000004,2011-02-07 09:15:00,2011-11-14 14:57:00,True
15782,4,4014.1,2010-10-05 15:43:00,2011-11-30 10:49:00,True
15783,1,246.3,2011-11-29 09:50:00,2011-11-29 09:50:00,False
15784,2,848.3299999999999,2010-02-05 14:42:00,2010-08-29 10:38:00,True
15785,16,5969.93,2009-12-15 16:28:00,2011-11-07 11:33:00,True
15786,5,8514.82,2010-06-21 10:13:00,2011-10-24 14:13:00,True
15787,3,948.0500000000001,2011-10-09 13:11:00,2011-11-13 14:55:00,True
15788,1,221.82999999999998,2010-07-19 12:48:00,2010-07-19 12:48:00,False
15789,6,1962.01,2010-03-26 11:21:00,2010-12-16 14:35:00,True
15790,1,220.85,2011-11-29 14:53:00,2011-11-29 14:53:00,False
15791,5,3608.34,2010-03-08 09:41:00,2011-10-27 10:14:00,True
15792,2,933.84,2010-03-31 09:42:00,2010-11-05 08:21:00,True
15793,8,2399.57,2009-12-01 12:54:00,2011-11-25 09:31:00,True
15794,2,777.0,2009-12-02 15:10:00,2009-12-03 13:04:00,True
15795,8,1979.87,2010-01-18 11:31:00,2011-07-13 10:43:00,True
15796,17,5175.83,2010-03-31 13:10:00,2011-12-08 19:55:00,True
15797,6,2821.08,2010-01-27 13:12:00,2011-08-18 17:04:00,True
15798,3,1535.37,2010-01-27 11:55:00,2010-08-04 09:13:00,True
15799,4,1424.29,2010-10-17 14:26:00,2011-09-25 12:46:00,True
15800,7,1242.58,2010-03-31 13:17:00,2011-08-24 14:23:00,True
15801,3,1063.95,2011-08-22 09:53:00,2011-10-24 13:52:00,True
15802,1,451.42,2011-07-20 11:38:00,2011-07-20 11:38:00,False
15803,4,1929.6599999999999,2010-02-01 16:29:00,2011-10-19 14:56:00,True
15804,13,4206.39,2011-05-25 10:12:00,2011-12-09 12:31:00,True
15805,30,10189.23,2009-12-10 12:57:00,2011-11-16 16:32:00,True
15806,3,784.58,2011-03-08 09:24:00,2011-10-24 14:35:00,True
15807,5,1817.52,2010-02-11 15:32:00,2011-10-20 14:10:00,True
15808,21,18409.93,2009-12-01 16:30:00,2011-02-06 14:33:00,True
15809,7,1274.44,2010-06-22 14:23:00,2011-11-03 16:40:00,True
15810,8,2999.04,2010-02-04 18:18:00,2011-09-22 09:38:00,True
15811,7,3890.52,2010-11-16 16:46:00,2011-11-17 15:31:00,True
15812,12,5201.47,2009-12-15 13:40:00,2011-08-24 14:19:00,True
15813,2,1303.9099999999999,2011-04-14 09:09:00,2011-05-16 08:13:00,True
15814,6,2634.44,2010-04-15 14:31:00,2011-11-23 08:17:00,True
15815,5,2100.6,2011-03-25 08:43:00,2011-10-07 12:42:00,True
15816,2,144.14999999999998,2010-06-15 12:54:00,2010-06-15 13:36:00,True
15817,3,2766.3999999999996,2010-06-14 13:31:00,2010-10-15 11:07:00,True
15818,1,340.5,2010-04-30 12:58:00,2010-04-30 12:58:00,False
15819,10,3934.79,2010-03-18 11:08:00,2011-10-21 14:50:00,True
15820,1,206.98,2011-01-24 12:00:00,2011-01-24 12:00:00,False
15821,2,570.96,2011-10-09 13:28:00,2011-10-26 15:48:00,True
15822,6,1840.06,2009-12-06 15:12:00,2011-12-06 14:50:00,True
15823,3,3897.17,2009-12-08 15:12:00,2010-12-02 15:08:00,True
15824,2,890.94,2010-06-25 15:10:00,2010-09-12 13:20:00,True
15825,1,532.94,2011-06-20 13:27:00,2011-06-20 13:27:00,False
15826,4,2598.28,2010-05-20 17:00:00,2011-10-14 16:05:00,True
15827,28,3794.07,2010-01-08 11:25:00,2011-09-27 15:35:00,True
15828,1,1108.82,2010-11-29 16:41:00,2010-11-29 16:41:00,False
15829,2,636.14,2011-07-22 10:23:00,2011-09-01 16:45:00,True
15830,1,576.0,2011-11-02 10:40:00,2011-11-02 10:40:00,False
15831,3,801.76,2011-01-19 14:52:00,2011-10-12 13:14:00,True
15832,1,836.79,2011-03-30 15:29:00,2011-03-30 15:29:00,False
15833,1,80.4,2009-12-02 11:59:00,2009-12-02 11:59:00,False
15834,7,3772.99,2010-10-11 14:05:00,2011-09-30 14:41:00,True
15835,4,954.09,2011-01-13 10:35:00,2011-10-26 15:47:00,True
15836,1,137.37,2011-10-20 17:13:00,2011-10-20 17:13:00,False
15837,2,777.01,2010-08-11 10:16:00,2011-10-06 09:01:00,True
15838,34,74163.0,2009-12-15 09:51:00,2011-11-28 14:00:00,True
15839,3,1048.49,2011-07-14 16:35:00,2011-11-06 13:54:00,True
15840,2,355.56,2011-06-20 11:42:00,2011-10-12 09:08:00,True
15841,9,2742.4100000000003,2009-12-10 08:29:00,2011-09-28 12:15:00,True
15842,2,548.8,2010-06-30 09:06:00,2010-11-11 14:08:00,True
15843,1,118.95000000000002,2011-02-09 10:19:00,2011-02-09 10:19:00,False
15844,1,130.73999999999998,2011-10-24 15:19:00,2011-10-24 15:19:00,False
15845,11,4426.28,2010-01-26 14:44:00,2011-11-22 09:42:00,True
15846,1,107.01,2010-11-19 14:40:00,2010-11-19 14:40:00,False
15847,5,822.57,2010-03-08 08:47:00,2011-11-01 14:41:00,True
15848,1,139.94,2010-03-28 10:54:00,2010-03-28 10:54:00,False
15850,6,1058.72,2009-12-13 13:27:00,2011-11-20 14:14:00,True
15851,1,109.73,2010-07-01 12:34:00,2010-07-01 12:34:00,False
15852,3,257.26,2010-07-01 10:16:00,2011-06-06 11:22:00,True
15853,1,110.8,2011-10-19 10:38:00,2011-10-19 10:38:00,False
15854,21,5583.81,2009-12-10 12:08:00,2011-12-05 13:39:00,True
15855,6,1052.72,2010-08-20 17:15:00,2011-07-26 10:20:00,True
15856,52,34220.340000000004,2009-12-03 14:02:00,2011-12-05 17:09:00,True
15857,2,570.48,2010-10-05 16:43:00,2011-11-21 12:18:00,True
15858,13,3960.37,2009-12-10 11:42:00,2011-11-24 12:48:00,True
15859,1,438.46,2010-10-03 12:52:00,2010-10-03 12:52:00,False
15860,17,2505.21,2009-12-06 12:31:00,2011-10-30 11:25:00,True
15861,12,4401.79,2010-01-28 19:41:00,2011-11-27 15:59:00,True
15862,13,2928.29,2009-12-17 11:33:00,2011-12-01 13:28:00,True
15863,5,358.7,2009-12-17 10:20:00,2011-11-14 12:49:00,True
15864,7,2180.76,2010-11-23 15:02:00,2011-11-17 13:32:00,True
15865,5,2248.92,2010-01-05 13:58:00,2011-10-30 12:43:00,True
15866,1,230.53,2011-08-30 14:09:00,2011-08-30 14:09:00,False
15867,31,9063.95,2009-12-14 15:16:00,2011-12-04 13:32:00,True
15868,1,94.53,2010-05-05 14:11:00,2010-05-05 14:11:00,False
15869,3,323.65999999999997,2010-03-23 16:50:00,2011-03-07 17:23:00,True
15870,4,862.61,2010-09-19 16:22:00,2011-11-07 10:58:00,True
15871,1,33.099999999999994,2010-09-28 14:16:00,2010-09-28 14:16:00,False
15872,4,795.68,2010-06-07 14:53:00,2011-11-25 11:55:00,True
15873,4,313.92,2010-07-27 11:58:00,2010-07-28 12:41:00,True
15874,21,11284.76,2010-01-07 13:56:00,2011-10-07 12:31:00,True
15875,1,111.72,2010-03-03 16:51:00,2010-03-03 16:51:00,False
15876,2,1449.1399999999999,2010-09-17 15:26:00,2010-10-26 18:58:00,True
15877,2,493.28,2011-11-22 11:18:00,2011-12-08 11:53:00,True
15878,2,330.77,2009-12-06 12:28:00,2010-05-27 12:17:00,True
15879,4,1157.3,2009-12-17 19:54:00,2010-10-31 16:21:00,True
15880,1,686.5600000000001,2010-12-05 13:00:00,2010-12-05 13:00:00,False
15881,5,501.39000000000004,2010-12-10 13:32:00,2011-01-31 16:59:00,True
15882,8,1495.98,2009-12-10 15:33:00,2011-05-25 11:35:00,True
15883,2,396.48,2011-11-06 14:50:00,2011-12-07 17:05:00,True
15884,2,249.70000000000002,2009-12-03 18:23:00,2010-10-03 15:55:00,True
15885,15,1951.8200000000002,2010-01-21 12:47:00,2011-09-08 10:43:00,True
15886,4,1052.87,2010-04-20 15:03:00,2011-10-10 14:25:00,True
15887,3,1027.15,2010-06-02 11:53:00,2010-10-29 08:36:00,True
15888,3,429.15999999999997,2010-07-01 11:51:00,2011-09-20 12:30:00,True
15889,8,1806.28,2009-12-10 12:21:00,2011-07-06 11:10:00,True
15890,5,535.65,2010-04-14 08:43:00,2010-11-10 12:46:00,True
15891,1,524.52,2011-04-27 12:35:00,2011-04-27 12:35:00,False
15892,1,128.2,2010-02-08 16:23:00,2010-02-08 16:23:00,False
15893,1,305.28000000000003,2010-08-15 11:12:00,2010-08-15 11:12:00,False
15894,2,420.29,2010-12-05 14:06:00,2011-03-31 13:50:00,True
15895,1,179.17,2011-07-13 10:27:00,2011-07-13 10:27:00,False
15897,2,222.05,2011-05-29 13:32:00,2011-05-29 13:50:00,True
15898,25,5596.31,2009-12-11 16:11:00,2011-12-08 15:23:00,True
15899,1,112.5,2010-12-06 10:36:00,2010-12-06 10:36:00,False
15900,4,900.4000000000001,2010-05-26 11:27:00,2011-11-16 12:19:00,True
15901,7,703.22,2010-06-14 12:39:00,2011-11-23 12:43:00,True
15902,1,145.01,2010-11-24 16:57:00,2010-11-24 16:57:00,False
15903,12,8939.84,2010-01-14 10:57:00,2011-11-30 08:08:00,True
15904,1,164.68,2011-12-01 14:50:00,2011-12-01 14:50:00,False
15905,1,114.69,2010-06-14 16:00:00,2010-06-14 16:00:00,False
15906,10,2555.64,2010-09-15 12:17:00,2011-11-20 12:24:00,True
15907,3,967.45,2011-05-13 13:01:00,2011-12-06 12:21:00,True
15908,2,764.57,2010-07-15 19:21:00,2010-08-06 11:56:00,True
15909,1,191.94,2011-06-19 10:38:00,2011-06-19 10:38:00,False
15910,15,2681.8,2010-01-21 11:51:00,2011-12-09 10:51:00,True
15911,8,1702.34,2009-12-09 13:26:00,2010-03-26 12:06:00,True
15912,9,1074.7,2009-12-10 12:58:00,2011-06-14 14:29:00,True
15913,1,6.300000000000001,2010-06-23 16:31:00,2010-06-23 16:31:00,False
15914,2,205.98999999999998,2010-11-26 16:09:00,2010-11-26 16:10:00,True
15915,1,429.21,2010-11-03 11:13:00,2010-11-03 11:13:00,False
15916,13,3427.17,2009-12-10 16:21:00,2011-11-23 13:46:00,True
15917,5,560.63,2009-12-02 14:55:00,2011-04-06 10:40:00,True
15918,3,582.88,2010-03-18 11:40:00,2011-06-02 11:42:00,True
15919,2,910.6100000000001,2010-12-06 11:26:00,2011-11-20 11:28:00,True
15920,9,571.64,2009-12-14 13:09:00,2011-07-08 15:31:00,True
15921,4,802.11,2010-03-09 11:03:00,2011-06-20 11:03:00,True
15922,1,739.0,2010-12-01 13:51:00,2010-12-01 13:51:00,False
15923,1,254.16,2010-12-02 12:16:00,2010-12-02 12:16:00,False
15924,1,102.82,2009-12-08 15:00:00,2009-12-08 15:00:00,False
15925,1,207.15,2011-05-29 15:35:00,2011-05-29 15:35:00,False
15926,1,134.44,2010-06-15 15:23:00,2010-06-15 15:23:00,False
15927,1,123.39,2010-03-02 13:25:00,2010-03-02 13:25:00,False
15928,1,293.53,2010-02-21 15:16:00,2010-02-21 15:16:00,False
15929,1,594.0,2010-03-05 14:56:00,2010-03-05 14:56:00,False
15930,1,426.63,2011-10-03 14:52:00,2011-10-03 14:52:00,False
15931,1,239.9,2010-10-07 16:46:00,2010-10-07 16:46:00,False
15932,8,2495.87,2011-02-23 14:50:00,2011-12-05 17:13:00,True
15933,3,1107.46,2011-09-14 12:05:00,2011-11-18 13:14:00,True
15934,2,2190.66,2010-10-06 12:08:00,2010-10-18 10:13:00,True
15935,2,416.86,2011-04-12 09:35:00,2011-04-14 13:27:00,True
15936,2,282.79,2010-08-29 11:42:00,2010-11-25 16:39:00,True
15937,1,145.35,2011-10-06 15:48:00,2011-10-06 15:48:00,False
15938,9,734.81,2010-06-01 09:42:00,2011-08-19 12:56:00,True
15939,16,9060.39,2010-11-30 12:07:00,2011-09-11 11:30:00,True
15940,1,35.8,2011-02-01 16:18:00,2011-02-01 16:18:00,False
15941,1,405.0,2010-03-12 14:45:00,2010-03-12 14:45:00,False
15942,1,337.44,2011-07-29 09:01:00,2011-07-29 09:01:00,False
15943,2,271.28999999999996,2010-01-31 11:04:00,2010-02-28 12:49:00,True
15944,4,2164.24,2009-12-13 12:57:00,2011-03-08 10:33:00,True
15945,4,827.27,2009-12-01 13:47:00,2010-12-09 13:14:00,True
15946,3,2304.18,2010-03-16 10:49:00,2010-07-25 12:18:00,True
15947,1,1708.24,2011-09-18 10:46:00,2011-09-18 10:46:00,False
15948,3,1509.0900000000001,2010-10-11 12:16:00,2011-12-01 15:32:00,True
15949,2,364.72,2011-09-29 17:34:00,2011-11-23 09:09:00,True
15950,10,7180.71,2010-01-26 11:39:00,2011-11-08 11:09:00,True
15951,3,1013.17,2010-11-23 18:20:00,2011-12-01 08:34:00,True
15952,4,806.57,2011-04-28 12:55:00,2011-11-06 11:18:00,True
15953,18,3669.5499999999997,2009-12-03 14:00:00,2011-11-24 15:32:00,True
15954,1,190.75,2010-04-29 13:35:00,2010-04-29 13:35:00,False
15955,22,8658.36,2010-02-23 16:36:00,2011-11-15 14:15:00,True
15956,2,617.5999999999999,2009-12-13 11:16:00,2010-06-06 13:06:00,True
15957,3,930.0999999999999,2010-10-15 12:11:00,2011-11-08 12:14:00,True
15958,4,492.99,2010-06-07 10:59:00,2011-09-26 13:41:00,True
15959,3,579.49,2010-01-26 16:19:00,2010-01-26 16:38:00,True
15960,4,410.95000000000005,2010-09-30 15:50:00,2010-11-30 15:57:00,True
15961,1,451.28999999999996,2010-11-25 15:59:00,2010-11-25 15:59:00,False
15962,1,295.83,2010-09-16 13:48:00,2010-09-16 13:48:00,False
15963,2,470.76,2011-10-25 13:05:00,2011-11-20 11:33:00,True
15964,1,272.96000000000004,2010-02-14 15:30:00,2010-02-14 15:30:00,False
15965,13,3013.09,2009-12-03 11:45:00,2011-11-22 16:44:00,True
15966,1,426.53000000000003,2010-09-15 10:44:00,2010-09-15 10:44:00,False
15967,12,3041.6,2009-12-01 13:29:00,2011-11-16 15:41:00,True
15968,1,418.05,2010-11-16 13:04:00,2010-11-16 13:04:00,False
15969,5,1127.05,2010-07-05 13:10:00,2011-12-07 11:06:00,True
15970,2,1017.32,2010-04-20 11:30:00,2011-02-09 12:08:00,True
15971,18,5902.83,2009-12-08 09:46:00,2011-11-22 12:50:00,True
15972,5,1810.27,2010-04-18 14:06:00,2010-09-09 13:20:00,True
15973,3,988.44,2010-10-06 15:00:00,2010-12-08 11:42:00,True
15974,7,3442.15,2011-02-24 10:10:00,2011-10-31 13:13:00,True
15975,1,371.01,2011-09-16 13:33:00,2011-09-16 13:33:00,False
15976,6,1746.6399999999999,2010-06-06 14:01:00,2011-06-27 13:00:00,True
15977,2,1054.73,2011-10-31 16:24:00,2011-11-22 13:29:00,True
15978,3,3279.42,2010-03-05 14:39:00,2011-09-23 15:21:00,True
15979,1,329.22,2010-04-16 11:35:00,2010-04-16 11:35:00,False
15980,7,6593.68,2010-06-01 14:40:00,2011-09-12 09:41:00,True
15981,21,9362.77,2010-03-29 10:07:00,2011-11-15 08:00:00,True
15982,1,324.51,2010-04-13 15:47:00,2010-04-13 15:47:00,False
15983,8,3958.82,2009-12-06 12:52:00,2011-11-17 17:34:00,True
15984,30,8759.32,2009-12-01 13:38:00,2011-12-07 12:16:00,True
15985,7,2715.28,2010-05-27 15:51:00,2011-08-08 16:31:00,True
15986,2,354.42,2010-11-23 10:02:00,2011-11-09 15:17:00,True
15987,8,1682.13,2010-11-25 12:56:00,2011-11-27 15:38:00,True
15988,3,770.09,2010-02-21 11:36:00,2011-11-20 13:23:00,True
15989,2,372.51,2009-12-02 15:51:00,2010-11-29 12:03:00,True
15990,7,2010.0500000000002,2010-02-28 12:30:00,2011-10-26 15:58:00,True
15991,1,150.55,2010-06-23 15:50:00,2010-06-23 15:50:00,False
15992,3,896.6,2010-09-12 11:52:00,2011-12-06 11:00:00,True
15993,7,2797.57,2011-10-26 16:21:00,2011-12-01 10:45:00,True
15994,3,1202.18,2010-03-14 11:55:00,2011-10-16 12:28:00,True
15995,1,696.19,2010-10-21 13:57:00,2010-10-21 13:57:00,False
15996,7,1686.9,2010-11-07 15:49:00,2011-09-12 15:14:00,True
15998,16,8308.34,2009-12-01 11:45:00,2011-11-03 12:45:00,True
15999,1,20.4,2009-12-04 12:31:00,2009-12-04 12:31:00,False
16000,3,12393.7,2011-12-07 12:14:00,2011-12-07 12:17:00,True
16001,1,583.39,2010-11-23 17:10:00,2010-11-23 17:10:00,False
16002,1,169.21,2010-03-24 13:08:00,2010-03-24 13:08:00,False
16003,10,5613.83,2009-12-03 18:51:00,2011-11-10 09:57:00,True
16004,5,2146.39,2010-01-25 13:56:00,2010-08-22 11:48:00,True
16005,10,2436.2200000000003,2010-09-15 13:21:00,2011-11-27 13:47:00,True
16006,2,347.17,2010-11-17 12:03:00,2011-05-12 13:12:00,True
16007,7,3075.14,2010-06-14 13:18:00,2011-10-23 11:05:00,True
16008,15,5384.13,2010-03-19 11:07:00,2011-11-16 10:32:00,True
16009,4,992.71,2011-07-03 11:26:00,2011-11-17 16:51:00,True
16010,11,1724.06,2010-10-24 10:54:00,2011-04-08 10:14:00,True
16011,29,5880.46,2009-12-01 12:02:00,2011-12-01 16:31:00,True
16012,5,2989.79,2010-06-28 11:39:00,2011-11-04 13:25:00,True
16013,84,57446.44,2009-12-08 10:24:00,2011-12-06 10:36:00,True
16014,5,1130.27,2010-01-31 12:43:00,2011-11-02 12:04:00,True
16015,3,705.39,2011-10-21 12:56:00,2011-12-06 10:58:00,True
16016,11,2533.94,2010-11-02 13:27:00,2011-12-06 14:35:00,True
16017,5,1553.83,2010-01-05 12:06:00,2011-10-23 12:56:00,True
16018,4,698.13,2009-12-07 13:57:00,2011-10-31 14:13:00,True
16019,27,17465.85,2009-12-14 14:12:00,2011-10-24 11:51:00,True
16020,3,851.01,2011-10-05 13:54:00,2011-11-23 11:18:00,True
16021,2,532.25,2010-06-13 11:05:00,2010-11-09 14:48:00,True
16022,1,628.28,2011-03-24 13:16:00,2011-03-24 13:16:00,False
16023,3,719.8100000000001,2011-03-18 13:32:00,2011-10-24 16:34:00,True
16024,3,484.20000000000005,2010-10-24 11:40:00,2011-11-27 13:26:00,True
16025,1,439.65999999999997,2011-11-10 11:45:00,2011-11-10 11:45:00,False
16026,1,236.09,2011-10-27 13:53:00,2011-10-27 13:53:00,False
16027,15,2048.36,2010-01-08 13:21:00,2011-09-09 10:47:00,True
16028,1,82.2,2010-04-23 11:45:00,2010-04-23 11:45:00,False
16029,107,122209.14,2009-12-08 11:23:00,2011-11-01 10:27:00,True
16030,1,331.24,2011-02-03 11:28:00,2011-02-03 11:28:00,False
16031,2,548.94,2011-04-06 14:23:00,2011-09-08 13:07:00,True
16032,6,1970.45,2010-07-04 13:31:00,2010-09-09 18:00:00,True
16033,27,10836.130000000001,2010-08-11 16:44:00,2011-12-04 12:44:00,True
16034,6,928.72,2010-10-26 13:00:00,2011-05-27 16:17:00,True
16035,1,217.73,2010-05-28 15:09:00,2010-05-28 15:09:00,False
16036,4,2556.84,2010-03-29 14:47:00,2011-09-13 14:53:00,True
16037,5,1509.3400000000001,2010-03-01 12:31:00,2011-03-15 09:13:00,True
16038,3,471.78,2011-05-22 11:29:00,2011-12-02 12:40:00,True
16039,2,456.40000000000003,2010-03-21 15:17:00,2010-10-12 10:44:00,True
16040,7,2416.9,2010-04-09 10:12:00,2011-10-05 13:47:00,True
16041,3,3166.4,2011-07-21 16:27:00,2011-11-09 12:25:00,True
16042,8,2265.12,2010-09-12 12:00:00,2011-11-17 17:50:00,True
16043,8,1856.5900000000001,2010-08-15 11:26:00,2011-11-02 12:50:00,True
16044,1,340.84000000000003,2010-09-30 18:12:00,2010-09-30 18:12:00,False
16045,8,3434.9300000000003,2010-07-29 12:50:00,2011-08-12 12:41:00,True
16046,1,235.78,2010-05-26 13:18:00,2010-05-26 13:18:00,False
16047,1,107.14,2010-01-26 16:34:00,2010-01-26 16:34:00,False
16048,4,1075.23,2010-06-08 12:36:00,2010-12-01 15:28:00,True
16049,6,1899.68,2010-07-11 13:53:00,2011-10-30 13:19:00,True
16050,3,300.70000000000005,2010-11-03 15:55:00,2011-06-19 11:44:00,True
16051,1,188.44,2010-01-27 09:38:00,2010-01-27 09:38:00,False
16052,1,362.06,2011-10-16 15:13:00,2011-10-16 15:13:00,False
16053,6,3634.84,2010-04-08 11:11:00,2011-11-07 11:21:00,True
16054,4,2111.88,2010-04-01 18:37:00,2011-07-17 13:08:00,True
16055,1,134.8,2011-05-03 09:26:00,2011-05-03 09:26:00,False
16056,1,664.85,2011-10-25 15:19:00,2011-10-25 15:19:00,False
16057,10,3854.85,2010-01-07 17:11:00,2011-11-23 15:23:00,True
16058,1,62.7,2010-10-29 16:48:00,2010-10-29 16:48:00,False
16059,12,3217.77,2010-05-19 13:04:00,2011-10-05 09:56:00,True
16060,3,541.95,2010-08-02 15:26:00,2010-11-04 12:10:00,True
16061,1,89.65,2010-10-04 15:29:00,2010-10-04 15:29:00,False
16062,8,2863.45,2010-06-21 13:32:00,2011-11-30 12:15:00,True
16063,1,335.32,2011-03-24 14:55:00,2011-03-24 14:55:00,False
16064,1,111.0,2009-12-14 16:11:00,2009-12-14 16:11:00,False
16065,8,2382.62,2010-09-02 13:27:00,2010-12-09 13:03:00,True
16066,5,1521.87,2011-08-07 14:33:00,2011-11-23 11:54:00,True
16067,3,3395.29,2010-02-02 18:01:00,2010-05-26 12:33:00,True
16068,1,122.93,2010-04-25 11:52:00,2010-04-25 11:52:00,False
16069,1,457.7,2010-10-18 10:32:00,2010-10-18 10:32:00,False
16070,2,852.1500000000001,2011-11-07 16:36:00,2011-11-17 15:50:00,True
16071,4,1076.8000000000002,2010-02-22 14:48:00,2011-10-26 11:14:00,True
16072,4,4328.89,2010-06-08 16:47:00,2011-02-24 14:32:00,True
16073,1,122.39999999999999,2011-02-15 15:41:00,2011-02-15 15:41:00,False
16074,1,265.25,2010-11-14 13:19:00,2010-11-14 13:19:00,False
16075,2,736.9300000000001,2010-05-24 15:57:00,2010-07-25 11:31:00,True
16076,10,2234.73,2011-05-15 12:31:00,2011-12-06 14:59:00,True
16077,1,2300.4,2010-03-24 10:42:00,2010-03-24 10:42:00,False
16078,2,362.99,2010-02-08 13:29:00,2011-03-01 09:47:00,True
16079,3,1352.0,2011-10-30 13:06:00,2011-11-23 12:48:00,True
16080,4,602.5600000000001,2010-09-15 14:19:00,2011-09-19 10:42:00,True
16081,8,4460.18,2010-02-03 12:46:00,2011-10-14 13:06:00,True
16082,1,106.75,2010-02-07 15:16:00,2010-02-07 15:16:00,False
16083,4,2351.42,2010-11-16 11:53:00,2011-08-31 10:47:00,True
16084,1,436.18,2011-02-13 16:05:00,2011-02-13 16:05:00,False
16085,12,2343.53,2010-01-20 14:03:00,2011-11-16 13:24:00,True
16086,10,2864.99,2009-12-02 13:20:00,2011-10-11 13:09:00,True
16087,5,1739.92,2010-01-19 12:30:00,2010-11-15 16:44:00,True
16088,2,1437.4299999999998,2010-04-27 10:56:00,2010-05-13 10:16:00,True
16089,2,271.44,2010-07-18 15:51:00,2010-11-18 13:51:00,True
16090,1,205.91,2010-03-25 13:05:00,2010-03-25 13:05:00,False
16091,2,315.06,2011-05-25 09:18:00,2011-07-08 08:45:00,True
16092,6,1587.94,2010-05-09 16:10:00,2011-08-17 10:46:00,True
16093,1,17.0,2011-08-25 11:09:00,2011-08-25 11:09:00,False
16094,11,3695.56,2010-04-16 14:00:00,2011-11-28 12:45:00,True
16095,1,447.05,2010-09-09 16:54:00,2010-09-09 16:54:00,False
16096,4,1584.97,2010-03-04 15:44:00,2011-03-20 13:38:00,True
16097,1,185.04999999999998,2011-04-13 13:47:00,2011-04-13 13:47:00,False
16098,14,4448.1,2009-12-15 09:40:00,2011-09-13 09:59:00,True
16099,7,1573.2,2010-03-03 11:13:00,2011-10-20 13:13:00,True
16100,1,582.64,2010-09-03 11:39:00,2010-09-03 11:39:00,False
16101,4,3229.16,2010-05-27 12:50:00,2011-09-30 10:18:00,True
16102,3,1842.14,2011-08-03 12:50:00,2011-10-28 13:19:00,True
16103,22,6191.71,2010-01-08 12:08:00,2011-12-02 14:16:00,True
16104,9,2778.61,2009-12-06 10:41:00,2011-10-09 10:23:00,True
16105,5,2386.19,2010-04-14 13:27:00,2011-04-05 10:13:00,True
16106,1,108.38,2011-10-05 10:37:00,2011-10-05 10:37:00,False
16107,7,3204.1600000000003,2011-06-09 18:42:00,2011-11-22 09:40:00,True
16108,4,2235.92,2010-03-18 14:14:00,2011-09-16 11:48:00,True
16109,3,939.48,2010-01-10 10:37:00,2011-05-05 09:17:00,True
16110,4,1819.27,2010-07-05 13:04:00,2011-10-25 14:35:00,True
16111,1,562.48,2010-10-07 19:51:00,2010-10-07 19:51:00,False
16112,4,195.74,2011-01-05 11:47:00,2011-07-19 14:28:00,True
16113,1,161.38,2011-06-09 16:16:00,2011-06-09 16:16:00,False
16114,1,135.75000000000003,2011-06-22 10:13:00,2011-06-22 10:13:00,False
16115,12,2575.14,2010-05-14 11:59:00,2011-11-30 11:32:00,True
16116,1,612.78,2011-05-12 12:01:00,2011-05-12 12:01:00,False
16117,3,654.4,2010-04-27 11:50:00,2011-06-03 11:42:00,True
16118,1,4376.25,2010-02-25 09:40:00,2010-02-25 09:40:00,False
16119,8,1720.8100000000002,2009-12-16 11:56:00,2011-12-01 15:11:00,True
16120,6,3056.9100000000003,2010-10-13 15:07:00,2011-10-11 14:22:00,True
16121,5,1477.09,2010-05-23 10:52:00,2011-10-13 12:59:00,True
16122,6,1001.34,2010-10-10 15:26:00,2011-09-27 15:34:00,True
16123,1,307.78,2011-10-19 09:18:00,2011-10-19 09:18:00,False
16124,4,1772.49,2009-12-07 10:33:00,2011-01-26 14:45:00,True
16125,14,4587.65,2009-12-14 15:38:00,2010-12-07 15:48:00,True
16126,15,14646.800000000001,2009-12-02 13:34:00,2011-11-10 16:03:00,True
16127,2,801.31,2009-12-13 12:19:00,2011-10-31 13:58:00,True
16128,11,3801.05,2010-07-16 16:30:00,2011-11-22 11:14:00,True
16129,3,1396.05,2010-07-20 12:32:00,2010-10-28 14:29:00,True
16130,4,987.48,2010-04-01 13:58:00,2010-10-13 15:14:00,True
16131,12,9957.42,2009-12-02 10:09:00,2011-10-19 11:53:00,True
16132,2,664.2,2010-03-22 10:25:00,2010-06-13 13:49:00,True
16133,56,22992.260000000002,2010-03-31 12:21:00,2011-12-06 11:24:00,True
16134,5,2145.34,2010-06-17 09:48:00,2011-11-18 10:05:00,True
16135,2,819.4499999999999,2010-05-05 09:35:00,2011-03-22 12:30:00,True
16136,4,946.8,2010-02-14 12:49:00,2011-10-11 09:10:00,True
16137,1,422.7,2010-01-28 15:04:00,2010-01-28 15:04:00,False
16138,3,910.3500000000001,2010-04-28 09:51:00,2010-11-26 12:13:00,True
16139,5,1111.15,2009-12-03 13:51:00,2011-11-21 08:37:00,True
16140,3,1557.6,2010-09-24 12:03:00,2011-10-05 12:15:00,True
16141,2,955.94,2010-10-18 14:12:00,2011-09-12 13:11:00,True
16142,1,535.34,2011-04-04 10:16:00,2011-04-04 10:16:00,False
16143,12,4910.83,2009-12-10 09:44:00,2011-12-06 14:13:00,True
16144,1,175.2,2011-04-07 10:09:00,2011-04-07 10:09:00,False
16145,19,6805.4400000000005,2010-05-04 13:31:00,2011-12-01 10:33:00,True
16146,4,946.38,2010-09-17 10:46:00,2011-07-05 14:20:00,True
16147,5,2398.91,2010-02-05 12:26:00,2011-07-29 09:57:00,True
16148,2,386.62,2010-09-29 10:12:00,2011-02-16 14:01:00,True
16149,3,422.22,2010-10-06 15:54:00,2011-12-05 11:29:00,True
16150,10,4395.59,2009-12-17 15:33:00,2011-10-28 12:39:00,True
16152,1,1829.04,2011-03-16 09:47:00,2011-03-16 09:47:00,False
16153,11,5133.49,2010-05-26 12:41:00,2011-10-21 10:50:00,True
16155,5,796.9,2010-06-18 11:23:00,2010-11-23 12:03:00,True
16156,20,6218.18,2009-12-02 17:06:00,2011-12-01 12:42:00,True
16157,3,656.69,2011-09-28 11:48:00,2011-11-24 11:41:00,True
16158,9,628.32,2009-12-05 15:00:00,2010-07-05 13:55:00,True
16159,4,1232.79,2009-12-03 11:51:00,2011-03-03 12:27:00,True
16160,2,1025.44,2011-09-15 10:53:00,2011-10-05 14:19:00,True
16161,43,12831.800000000001,2010-02-08 11:06:00,2011-12-08 12:10:00,True
16162,1,37.4,2011-04-01 15:03:00,2011-04-01 15:03:00,False
16163,6,2849.5800000000004,2009-12-02 10:00:00,2011-04-21 15:15:00,True
16164,3,822.48,2011-10-28 09:12:00,2011-11-22 15:04:00,True
16165,1,79.9,2010-07-22 14:17:00,2010-07-22 14:17:00,False
16166,2,435.83000000000004,2010-01-17 14:16:00,2010-10-07 15:44:00,True
16167,5,1386.1200000000001,2009-12-01 10:46:00,2010-10-21 15:33:00,True
16168,66,10636.47,2009-12-03 12:38:00,2011-11-29 12:45:00,True
16169,4,1822.97,2011-09-25 11:33:00,2011-12-01 15:28:00,True
16170,20,6869.0,2010-02-18 13:50:00,2011-10-20 08:21:00,True
16171,1,73.2,2011-10-11 14:51:00,2011-10-11 14:51:00,False
16172,8,1884.55,2010-07-14 15:34:00,2011-09-05 13:22:00,True
16173,6,1418.3200000000002,2011-09-02 15:23:00,2011-11-24 10:53:00,True
16174,7,2246.75,2010-04-15 15:12:00,2011-08-05 13:26:00,True
16175,7,1836.4399999999998,2010-05-25 12:01:00,2011-09-06 14:32:00,True
16176,4,2052.69,2010-03-29 14:52:00,2010-10-14 13:54:00,True
16177,8,2247.31,2010-03-02 14:03:00,2011-10-20 12:57:00,True
16178,2,612.6,2010-11-03 14:46:00,2011-07-24 16:05:00,True
16179,1,215.83,2011-10-10 09:41:00,2011-10-10 09:41:00,False
16180,13,16249.87,2010-06-23 13:19:00,2011-08-31 16:28:00,True
16181,1,305.54,2011-09-27 13:38:00,2011-09-27 13:38:00,False
16182,9,9971.65,2010-03-09 09:34:00,2011-09-28 13:23:00,True
16183,4,1077.81,2010-10-28 14:43:00,2011-10-03 14:59:00,True
16184,6,1158.79,2011-05-12 13:33:00,2011-10-06 17:43:00,True
16185,3,644.72,2010-05-24 11:04:00,2011-11-23 09:41:00,True
16186,26,9026.11,2009-12-09 15:36:00,2011-11-17 12:43:00,True
16187,15,6911.4400000000005,2011-02-28 13:34:00,2011-11-08 09:50:00,True
16188,5,1087.66,2010-10-27 11:50:00,2011-10-26 12:19:00,True
16189,2,215.48,2011-09-15 15:21:00,2011-11-24 11:47:00,True
16190,8,2723.55,2009-12-14 11:59:00,2011-10-30 15:59:00,True
16191,24,15688.02,2009-12-11 12:24:00,2011-12-07 11:26:00,True
16192,1,351.3,2009-12-04 12:28:00,2009-12-04 12:28:00,False
16193,2,630.4300000000001,2010-10-25 10:25:00,2011-04-17 11:45:00,True
16194,1,308.59999999999997,2010-11-29 13:28:00,2010-11-29 13:28:00,False
16195,1,323.25,2009-12-16 14:09:00,2009-12-16 14:09:00,False
16196,1,93.3,2010-08-08 11:40:00,2010-08-08 11:40:00,False
16197,9,2016.71,2009-12-16 11:44:00,2010-08-27 12:56:00,True
16198,2,1030.0410000000002,2010-09-28 13:59:00,2011-09-25 14:58:00,True
16199,7,942.75,2010-03-18 18:47:00,2010-11-12 12:55:00,True
16200,12,5643.45,2009-12-02 15:04:00,2011-12-05 14:40:00,True
16201,5,2112.12,2010-10-20 12:00:00,2011-12-06 16:02:00,True
16202,9,2501.99,2009-12-02 10:48:00,2010-12-14 10:43:00,True
16203,6,1114.54,2010-07-23 13:09:00,2011-10-12 12:31:00,True
16204,3,944.24,2009-12-08 17:44:00,2011-11-16 13:40:00,True
16205,7,1830.6100000000001,2010-06-15 11:58:00,2011-11-09 09:32:00,True
16206,13,2602.32,2010-01-24 15:25:00,2011-10-16 10:41:00,True
16207,1,394.38,2011-11-14 13:51:00,2011-11-14 13:51:00,False
16208,10,3440.45,2010-02-24 14:24:00,2011-10-26 11:36:00,True
16209,9,4146.78,2010-06-11 11:58:00,2011-09-12 11:58:00,True
16210,35,38489.51,2009-12-02 12:54:00,2011-12-08 12:36:00,True
16211,3,1090.59,2010-09-27 15:24:00,2011-09-12 12:11:00,True
16212,4,1293.71,2010-02-07 15:26:00,2011-11-20 13:00:00,True
16213,1,159.0,2011-09-22 10:03:00,2011-09-22 10:03:00,False
16214,4,2038.25,2010-09-30 13:57:00,2011-06-22 11:30:00,True
16215,1,242.35,2011-09-20 10:18:00,2011-09-20 10:18:00,False
16216,1,914.9300000000001,2011-03-17 15:34:00,2011-03-17 15:34:00,False
16217,2,304.25,2011-03-02 15:28:00,2011-04-18 13:31:00,True
16218,13,4439.97,2010-05-27 16:09:00,2011-11-10 09:59:00,True
16219,1,40.8,2010-07-27 11:44:00,2010-07-27 11:44:00,False
16221,9,2235.51,2010-08-10 13:32:00,2011-11-03 11:43:00,True
16222,2,1345.22,2009-12-18 14:31:00,2011-01-25 13:38:00,True
16223,2,1102.35,2010-11-09 12:07:00,2010-11-30 11:50:00,True
16224,5,1616.54,2010-11-17 13:14:00,2011-10-13 17:51:00,True
16225,15,2867.4100000000003,2010-02-07 12:41:00,2011-10-26 08:30:00,True
16226,5,672.1700000000001,2010-10-22 11:19:00,2011-05-20 14:41:00,True
16227,3,1027.22,2010-06-22 13:28:00,2011-04-28 13:33:00,True
16228,3,890.8100000000001,2010-11-04 18:54:00,2010-11-19 14:20:00,True
16229,6,2867.8599999999997,2010-05-24 12:59:00,2011-09-13 17:16:00,True
16230,2,542.03,2011-05-03 15:12:00,2011-06-03 10:06:00,True
16231,4,1078.22,2010-04-21 12:06:00,2010-11-25 15:00:00,True
16232,7,2712.97,2010-06-07 14:04:00,2011-10-27 12:16:00,True
16233,9,1965.71,2009-12-02 13:23:00,2011-09-29 17:27:00,True
16234,3,333.18,2010-05-27 10:39:00,2010-08-20 14:33:00,True
16235,9,2053.71,2010-08-26 12:10:00,2011-10-30 10:56:00,True
16236,1,432.2,2011-09-22 14:10:00,2011-09-22 14:10:00,False
16237,1,136.65,2010-09-28 17:02:00,2010-09-28 17:02:00,False
16238,1,63.66,2010-10-13 12:36:00,2010-10-13 12:36:00,False
16239,6,1492.2,2010-09-02 19:17:00,2011-10-14 08:29:00,True
16240,2,3718.8,2011-09-23 13:44:00,2011-11-15 14:30:00,True
16241,16,4329.31,2010-10-25 13:40:00,2011-11-30 11:08:00,True
16242,14,7474.4,2010-03-15 16:02:00,2011-12-01 15:12:00,True
16243,2,409.1,2011-10-16 12:09:00,2011-11-06 12:32:00,True
16244,2,2579.38,2010-12-02 11:41:00,2011-05-12 10:18:00,True
16245,3,1413.66,2011-03-28 09:30:00,2011-11-16 10:14:00,True
16246,2,827.25,2010-02-08 12:32:00,2010-09-06 12:04:00,True
16247,1,114.56,2011-06-22 14:23:00,2011-06-22 14:23:00,False
16248,1,152.94,2011-10-09 11:32:00,2011-10-09 11:32:00,False
16249,5,1800.0700000000002,2011-04-14 13:50:00,2011-10-18 10:07:00,True
16250,3,791.38,2010-11-18 10:43:00,2011-03-23 15:07:00,True
16251,1,128.31,2010-07-15 14:55:00,2010-07-15 14:55:00,False
16252,1,295.09000000000003,2010-11-22 11:57:00,2010-11-22 11:57:00,False
16253,7,7310.15,2009-12-08 17:24:00,2011-10-04 09:09:00,True
16254,3,985.14,2010-03-17 15:43:00,2010-11-26 13:22:00,True
16255,15,4906.8,2010-01-24 12:21:00,2011-11-23 12:40:00,True
16256,3,1629.3700000000001,2010-04-21 10:34:00,2011-03-18 12:18:00,True
16257,1,46.95,2011-06-16 10:11:00,2011-06-16 10:11:00,False
16258,15,11942.52,2010-03-10 14:19:00,2011-10-25 13:30:00,True
16259,3,361.94000000000005,2010-04-13 16:57:00,2010-10-25 14:27:00,True
16260,1,1035.45,2011-10-20 09:40:00,2011-10-20 09:40:00,False
16261,6,1059.45,2010-09-23 16:40:00,2011-11-22 17:23:00,True
16262,1,755.15,2010-11-26 13:22:00,2010-11-26 13:22:00,False
16263,1,351.01,2010-10-12 14:52:00,2010-10-12 14:52:00,False
16264,2,837.53,2010-09-19 16:14:00,2010-09-27 15:00:00,True
16265,12,6935.17,2010-10-28 15:18:00,2011-11-30 16:41:00,True
16266,14,1757.95,2010-02-04 16:21:00,2011-09-27 12:08:00,True
16267,1,186.66,2010-04-27 14:10:00,2010-04-27 14:10:00,False
16268,2,667.65,2011-09-29 18:30:00,2011-09-29 18:30:00,True
16269,1,717.57,2010-09-28 11:50:00,2010-09-28 11:50:00,False
16270,1,1141.24,2010-12-21 14:26:00,2010-12-21 14:26:00,False
16271,10,3463.02,2010-03-07 12:03:00,2011-12-07 12:45:00,True
16272,1,411.7,2011-08-15 10:53:00,2011-08-15 10:53:00,False
16273,2,336.04,2010-02-21 16:02:00,2010-03-01 13:24:00,True
16274,1,715.9,2010-12-01 15:35:00,2010-12-01 15:35:00,False
16275,3,2151.11,2010-03-08 14:41:00,2011-05-27 12:41:00,True
16276,3,2629.3900000000003,2010-04-11 12:02:00,2011-06-16 09:34:00,True
16277,1,188.69,2009-12-06 11:27:00,2009-12-06 11:27:00,False
16278,3,1117.84,2010-07-28 15:40:00,2011-08-31 17:12:00,True
16279,9,5705.08,2010-04-22 14:09:00,2011-11-18 15:00:00,True
16280,1,238.05,2009-12-14 15:49:00,2009-12-14 15:49:00,False
16281,3,3424.02,2010-01-26 13:41:00,2011-09-28 14:57:00,True
16282,3,1307.58,2009-12-21 11:52:00,2011-01-04 11:42:00,True
16283,8,4403.820000000001,2010-02-28 14:12:00,2011-12-04 12:08:00,True
16284,3,1029.77,2010-11-11 13:27:00,2011-11-08 16:12:00,True
16285,1,176.9,2010-03-03 16:03:00,2010-03-03 16:03:00,False
16286,2,328.95,2010-03-26 09:58:00,2010-08-19 14:48:00,True
16287,5,1006.98,2010-01-19 09:46:00,2011-06-23 09:08:00,True
16288,1,129.85,2010-08-26 14:45:00,2010-08-26 14:45:00,False
16289,1,136.31,2010-09-03 14:02:00,2010-09-03 14:02:00,False
16290,4,2069.3,2010-05-23 11:46:00,2010-09-01 11:52:00,True
16291,1,117.72,2010-01-26 16:26:00,2010-01-26 16:26:00,False
16292,5,1253.76,2010-04-14 13:29:00,2011-08-10 12:24:00,True
16293,15,4657.950000000001,2009-12-11 09:58:00,2011-11-18 09:58:00,True
16294,1,126.05000000000001,2010-08-20 12:01:00,2010-08-20 12:01:00,False
16295,4,1328.55,2011-10-06 10:45:00,2011-11-30 08:17:00,True
16296,4,1313.67,2009-12-18 12:03:00,2010-03-23 13:11:00,True
16297,1,301.9,2011-03-16 08:29:00,2011-03-16 08:29:00,False
16298,7,1085.7,2010-09-23 15:23:00,2011-11-17 11:59:00,True
16299,1,193.65,2010-08-19 17:46:00,2010-08-19 17:46:00,False
16300,3,1392.43,2010-02-02 11:40:00,2010-10-05 13:14:00,True
16301,1,107.33,2009-12-03 10:20:00,2009-12-03 10:20:00,False
16302,1,233.22,2011-08-05 09:44:00,2011-08-05 09:44:00,False
16303,7,7928.27,2010-03-18 14:12:00,2011-11-14 10:49:00,True
16304,1,381.66,2010-01-14 08:30:00,2010-01-14 08:30:00,False
16305,1,361.21999999999997,2011-07-24 12:18:00,2011-07-24 12:18:00,False
16306,7,1192.82,2010-10-01 09:36:00,2011-05-10 12:12:00,True
16307,3,1194.92,2010-05-11 14:40:00,2010-10-06 14:31:00,True
16308,7,5120.0,2009-12-15 15:48:00,2011-11-02 11:24:00,True
16309,2,706.5699999999999,2011-04-13 11:46:00,2011-08-25 15:35:00,True
16310,2,460.08,2010-03-07 15:41:00,2010-10-21 14:47:00,True
16311,2,616.26,2011-10-21 13:13:00,2011-11-22 08:54:00,True
16312,1,171.15,2010-10-03 14:15:00,2010-10-03 14:15:00,False
16313,2,274.15,2011-10-21 09:04:00,2011-12-06 13:02:00,True
16314,3,1491.4,2010-08-24 11:52:00,2010-11-15 12:06:00,True
16315,2,402.71000000000004,2010-06-21 13:53:00,2011-01-13 11:57:00,True
16316,13,5744.91,2010-08-03 14:38:00,2011-10-06 13:48:00,True
16317,5,2192.51,2010-05-04 10:17:00,2011-08-12 12:46:00,True
16318,1,328.15,2011-11-04 13:05:00,2011-11-04 13:05:00,False
16319,1,404.40000000000003,2011-05-06 11:27:00,2011-05-06 11:27:00,False
16320,6,5628.99,2010-01-27 13:29:00,2011-06-20 15:25:00,True
16321,7,604.5500000000001,2009-12-01 10:36:00,2011-09-28 14:55:00,True
16322,2,326.75,2011-11-03 14:33:00,2011-12-08 15:41:00,True
16323,2,353.66,2010-05-11 09:48:00,2011-05-27 14:48:00,True
16324,3,428.68,2011-06-15 14:26:00,2011-08-03 12:58:00,True
16325,12,3597.5,2009-12-04 13:21:00,2011-10-24 08:48:00,True
16326,24,4826.99,2010-01-28 13:23:00,2011-12-04 10:11:00,True
16327,16,10731.34,2009-12-14 13:06:00,2011-11-25 13:23:00,True
16328,1,310.83,2010-05-25 14:02:00,2010-05-25 14:02:00,False
16329,4,1703.0700000000002,2009-12-01 11:34:00,2010-10-08 12:44:00,True
16330,7,634.3299999999999,2010-02-15 12:36:00,2011-11-22 12:24:00,True
16331,6,2037.7,2010-03-07 10:55:00,2010-10-03 13:47:00,True
16332,11,2010.41,2010-04-29 13:41:00,2011-11-11 14:22:00,True
16333,22,26626.8,2011-02-03 10:50:00,2011-12-02 12:19:00,True
16334,1,277.48,2010-08-04 16:38:00,2010-08-04 16:38:00,False
16335,7,2774.0,2009-12-04 10:18:00,2010-06-06 11:35:00,True
16336,4,3517.6899999999996,2010-03-18 08:05:00,2010-10-15 12:32:00,True
16337,1,151.05,2011-11-03 10:03:00,2011-11-03 10:03:00,False
16338,1,214.79999999999998,2011-07-05 13:56:00,2011-07-05 13:56:00,False
16339,1,109.95,2011-02-28 13:41:00,2011-02-28 13:41:00,False
16340,3,1526.06,2010-06-06 13:26:00,2011-08-24 14:53:00,True
16341,7,3850.79,2010-04-09 10:30:00,2011-11-15 09:12:00,True
16342,4,322.40999999999997,2011-06-13 10:10:00,2011-09-25 14:36:00,True
16343,3,687.0699999999999,2010-10-28 14:15:00,2011-11-23 17:45:00,True
16344,4,842.42,2010-02-09 12:16:00,2011-07-04 15:50:00,True
16345,2,1198.74,2010-08-13 17:13:00,2011-10-26 16:03:00,True
16346,1,224.51,2010-11-19 15:55:00,2010-11-19 15:55:00,False
16347,11,3509.41,2010-03-12 12:41:00,2011-11-28 13:14:00,True
16348,8,1798.22,2010-10-05 13:57:00,2011-11-07 15:44:00,True
16349,1,53.5,2011-02-22 12:40:00,2011-02-22 12:40:00,False
16350,9,2253.89,2010-10-07 16:33:00,2011-11-18 15:53:00,True
16351,13,3330.03,2009-12-04 16:12:00,2011-01-11 10:26:00,True
16352,2,494.44,2011-11-02 08:44:00,2011-11-22 10:32:00,True
16353,38,9999.460000000001,2009-12-07 13:55:00,2011-12-06 12:23:00,True
16354,5,1129.51,2010-04-27 13:33:00,2011-10-07 14:28:00,True
16355,1,416.35,2010-11-29 14:21:00,2010-11-29 14:21:00,False
16356,6,415.87,2010-06-06 11:26:00,2011-05-26 11:51:00,True
16357,4,868.37,2010-11-23 18:52:00,2011-11-06 16:04:00,True
16358,5,2919.6500000000005,2010-11-10 11:36:00,2011-12-08 15:09:00,True
16359,16,2697.75,2010-02-16 10:39:00,2011-12-02 17:04:00,True
16360,6,3512.53,2011-09-12 13:50:00,2011-12-05 12:16:00,True
16361,4,896.66,2011-09-29 13:13:00,2011-11-30 12:32:00,True
16362,6,946.9399999999999,2010-09-28 09:24:00,2011-11-07 13:01:00,True
16363,1,109.36000000000001,2011-10-17 14:14:00,2011-10-17 14:14:00,False
16364,2,707.04,2011-07-25 14:35:00,2011-11-28 11:27:00,True
16365,15,3307.2,2009-12-11 12:41:00,2011-11-22 11:24:00,True
16366,4,1548.13,2009-12-16 10:39:00,2011-11-21 08:19:00,True
16367,3,1362.4,2010-11-21 13:23:00,2011-11-02 13:13:00,True
16368,3,640.21,2010-09-30 11:30:00,2011-12-07 13:12:00,True
16369,7,2664.81,2010-04-07 16:52:00,2011-11-21 16:25:00,True
16370,4,1320.56,2011-04-28 16:40:00,2011-09-18 15:55:00,True
16371,1,157.2,2010-09-17 12:09:00,2010-09-17 12:09:00,False
16372,5,1328.61,2010-04-11 15:20:00,2011-11-06 13:08:00,True
16373,2,309.49,2010-10-24 13:10:00,2010-11-22 15:50:00,True
16374,5,1771.45,2010-04-30 13:10:00,2011-10-04 15:21:00,True
16375,2,104.0,2010-08-26 14:12:00,2010-08-26 14:25:00,True
16376,2,987.01,2011-11-22 16:47:00,2011-12-01 11:38:00,True
16377,2,1308.48,2010-04-01 10:36:00,2011-03-17 15:41:00,True
16378,3,362.95,2011-02-02 12:42:00,2011-04-06 15:07:00,True
16379,4,2157.4,2011-09-22 09:33:00,2011-12-05 15:38:00,True
16380,1,1780.59,2011-10-09 15:40:00,2011-10-09 15:40:00,False
16381,2,258.7,2010-10-17 13:06:00,2010-11-09 09:56:00,True
16382,2,353.1,2010-06-07 12:42:00,2010-10-27 16:23:00,True
16383,7,2974.84,2010-02-04 13:18:00,2011-09-26 12:45:00,True
16384,4,1358.95,2010-04-28 14:01:00,2011-09-11 11:19:00,True
16385,5,1030.6100000000001,2010-03-18 12:45:00,2011-10-10 13:12:00,True
16386,3,1102.5900000000001,2010-11-17 11:19:00,2011-11-11 12:28:00,True
16387,5,918.55,2010-03-11 12:22:00,2011-01-21 11:34:00,True
16388,1,186.05,2010-02-24 10:20:00,2010-02-24 10:20:00,False
16389,4,1382.07,2011-03-01 15:47:00,2011-10-17 14:41:00,True
16390,3,467.50000000000006,2010-01-29 15:25:00,2010-06-21 10:11:00,True
16391,4,1103.6100000000001,2010-05-27 11:27:00,2010-11-04 12:27:00,True
16392,3,763.05,2010-05-27 11:17:00,2011-03-15 12:11:00,True
16393,23,5561.66,2009-12-01 12:13:00,2011-12-07 12:51:00,True
16394,5,1555.34,2011-02-23 10:58:00,2011-10-14 09:48:00,True
16395,14,3537.85,2009-12-06 12:26:00,2011-10-10 12:50:00,True
16396,1,137.8,2010-08-20 14:17:00,2010-08-20 14:17:00,False
16397,1,127.88,2010-03-21 15:36:00,2010-03-21 15:36:00,False
16398,2,1705.8000000000002,2011-03-31 09:38:00,2011-07-08 15:16:00,True
16399,3,641.8199999999999,2010-11-15 15:03:00,2011-11-20 16:12:00,True
16400,9,3159.44,2009-12-08 12:38:00,2011-09-06 12:27:00,True
16401,23,6849.15,2010-06-02 13:13:00,2011-12-08 18:15:00,True
16402,2,511.40000000000003,2010-12-05 13:42:00,2011-03-20 12:25:00,True
16403,1,177.5,2011-01-31 13:39:00,2011-01-31 13:39:00,False
16404,1,443.05,2011-09-30 14:55:00,2011-09-30 14:55:00,False
16405,2,167.25,2011-02-02 17:08:00,2011-02-10 15:24:00,True
16406,3,552.68,2010-02-24 11:51:00,2011-11-21 11:57:00,True
16407,14,2821.65,2010-10-03 13:56:00,2011-11-27 11:05:00,True
16408,1,231.93,2010-04-27 14:08:00,2010-04-27 14:08:00,False
16409,12,5709.04,2009-12-13 15:38:00,2011-11-03 16:45:00,True
16410,1,130.32,2009-12-05 14:51:00,2009-12-05 14:51:00,False
16411,4,910.1899999999999,2010-10-07 15:09:00,2011-11-20 13:23:00,True
16412,5,647.23,2010-02-04 13:46:00,2011-10-17 12:35:00,True
16413,2,528.98,2010-11-29 12:49:00,2011-10-14 12:08:00,True
16414,5,559.71,2010-01-14 10:21:00,2011-11-18 09:42:00,True
16415,3,719.4399999999999,2010-02-01 12:30:00,2011-10-26 13:35:00,True
16416,9,2972.88,2010-02-23 12:00:00,2011-11-13 12:50:00,True
16417,1,35.7,2010-08-04 09:08:00,2010-08-04 09:08:00,False
16418,5,1101.94,2010-10-13 12:31:00,2011-10-26 12:39:00,True
16419,8,1487.42,2010-02-09 13:26:00,2011-08-19 12:33:00,True
16420,1,75.0,2010-11-08 15:15:00,2010-11-08 15:15:00,False
16421,3,526.27,2010-08-27 12:02:00,2010-11-28 13:31:00,True
16422,109,63651.47,2010-01-12 11:57:00,2011-11-22 14:00:00,True
16423,1,346.12,2011-11-15 09:21:00,2011-11-15 09:21:00,False
16424,2,443.06,2010-11-22 11:24:00,2011-06-01 13:40:00,True
16425,1,302.7,2011-02-10 14:30:00,2011-02-10 14:30:00,False
16426,10,1908.25,2011-03-08 15:45:00,2011-12-07 14:01:00,True
16427,2,241.06,2011-02-28 15:18:00,2011-03-21 17:10:00,True
16428,3,660.28,2010-07-30 12:10:00,2010-10-22 12:22:00,True
16429,1,284.55,2011-08-25 13:54:00,2011-08-25 13:54:00,False
16430,7,1117.94,2010-01-27 12:45:00,2011-10-13 14:47:00,True
16431,3,642.81,2011-02-15 14:02:00,2011-05-10 14:09:00,True
16432,1,287.4,2011-10-06 13:59:00,2011-10-06 13:59:00,False
16433,2,384.52,2010-10-27 12:26:00,2011-11-11 14:09:00,True
16434,12,2741.74,2010-01-17 14:51:00,2011-11-10 14:28:00,True
16435,3,1011.57,2010-07-13 13:29:00,2010-07-15 18:22:00,True
16436,3,329.34,2009-12-06 16:02:00,2010-02-09 13:19:00,True
16437,2,301.25,2010-10-06 12:34:00,2010-11-23 16:59:00,True
16438,5,798.35,2011-09-18 13:31:00,2011-12-04 10:51:00,True
16439,1,310.70000000000005,2009-12-17 14:22:00,2009-12-17 14:22:00,False
16440,6,3856.97,2010-08-03 11:32:00,2011-12-02 12:02:00,True
16441,5,1034.43,2010-03-22 18:00:00,2011-10-03 17:48:00,True
16442,5,899.47,2009-12-13 11:05:00,2011-12-08 11:43:00,True
16443,1,162.24,2010-07-07 11:57:00,2010-07-07 11:57:00,False
16444,17,3656.58,2010-03-24 14:06:00,2011-10-24 13:50:00,True
16445,4,602.73,2010-10-24 12:39:00,2011-11-06 12:32:00,True
16446,2,168472.5,2011-05-18 09:52:00,2011-12-09 09:15:00,True
16447,3,775.1400000000001,2010-02-17 14:09:00,2011-07-27 12:45:00,True
16448,2,367.87,2010-08-25 16:58:00,2011-05-25 16:28:00,True
16449,2,707.69,2011-03-04 12:15:00,2011-05-26 10:25:00,True
16450,3,1505.73,2010-02-21 15:46:00,2011-07-13 11:47:00,True
16451,3,1013.1500000000001,2009-12-04 15:11:00,2011-09-13 09:17:00,True
16452,2,332.17,2010-01-15 12:22:00,2010-03-19 12:39:00,True
16453,2,251.71,2010-06-09 13:15:00,2010-06-27 12:46:00,True
16454,4,30.950000000000003,2010-04-07 15:54:00,2011-10-26 11:40:00,True
16455,11,4384.37,2010-03-30 10:31:00,2011-10-07 12:17:00,True
16456,13,6862.91,2010-03-29 11:16:00,2011-09-01 13:50:00,True
16457,1,208.36,2011-05-05 13:19:00,2011-05-05 13:19:00,False
16458,30,5715.34,2010-05-26 14:38:00,2011-12-07 09:34:00,True
16459,1,71.78999999999999,2009-12-10 12:42:00,2009-12-10 12:42:00,False
16460,3,814.72,2011-09-19 10:15:00,2011-11-11 13:46:00,True
16461,3,1615.22,2010-03-03 13:57:00,2011-06-15 12:07:00,True
16462,3,136.0,2011-03-01 08:58:00,2011-09-27 10:24:00,True
16463,4,1422.4,2011-05-19 14:45:00,2011-11-18 14:01:00,True
16464,3,1314.68,2011-07-20 13:53:00,2011-11-20 12:11:00,True
16465,2,746.24,2010-09-21 10:46:00,2010-10-15 09:27:00,True
16466,15,3838.59,2010-03-07 14:31:00,2011-11-06 11:35:00,True
16467,7,2869.16,2009-12-02 11:59:00,2010-07-19 11:49:00,True
16468,3,787.52,2010-08-15 13:10:00,2011-09-26 14:13:00,True
16469,5,828.9100000000001,2010-07-13 13:17:00,2011-11-16 12:25:00,True
16470,11,2458.6,2009-12-11 12:21:00,2011-10-19 12:11:00,True
16471,4,1189.98,2010-02-25 10:07:00,2011-03-10 09:41:00,True
16472,2,789.5999999999999,2010-04-21 11:48:00,2010-10-01 13:56:00,True
16473,4,470.83,2010-11-30 16:29:00,2011-06-28 09:10:00,True
16474,7,1871.5,2011-07-17 14:51:00,2011-12-02 13:02:00,True
16475,4,544.3,2011-03-11 09:39:00,2011-09-12 14:37:00,True
16476,1,350.35,2010-10-04 10:29:00,2010-10-04 10:29:00,False
16477,11,4320.02,2010-08-12 09:43:00,2011-10-07 09:44:00,True
16478,3,331.0,2011-10-05 12:02:00,2011-11-14 15:51:00,True
16479,2,300.83000000000004,2011-11-29 13:04:00,2011-11-29 13:40:00,True
16480,1,769.29,2011-09-25 11:40:00,2011-09-25 11:40:00,False
16481,1,453.38,2010-01-26 13:09:00,2010-01-26 13:09:00,False
16482,1,220.62,2011-11-24 12:33:00,2011-11-24 12:33:00,False
16483,1,139.35,2011-05-31 13:08:00,2011-05-31 13:08:00,False
16484,2,404.3,2011-06-02 10:39:00,2011-06-19 12:06:00,True
16485,5,2294.68,2009-12-06 12:28:00,2011-09-23 15:50:00,True
16486,1,134.36,2010-06-20 12:16:00,2010-06-20 12:16:00,False
16487,2,209.4,2010-02-18 17:36:00,2010-05-11 13:38:00,True
16488,3,498.8,2011-07-14 11:46:00,2011-11-06 13:42:00,True
16489,2,303.7,2010-09-29 15:02:00,2010-11-24 14:40:00,True
16490,1,205.41000000000003,2010-09-29 16:30:00,2010-09-29 16:30:00,False
16491,2,1533.1599999999999,2010-10-22 15:42:00,2011-10-24 10:18:00,True
16492,1,385.56,2010-06-17 08:20:00,2010-06-17 08:20:00,False
16493,7,2132.09,2010-03-26 13:05:00,2011-09-21 11:10:00,True
16494,1,826.53,2011-02-16 12:49:00,2011-02-16 12:49:00,False
16495,3,684.41,2011-03-08 16:38:00,2011-12-06 13:20:00,True
16496,6,2330.77,2010-07-18 13:42:00,2011-12-01 10:31:00,True
16497,23,6695.280000000001,2009-12-03 14:11:00,2011-10-21 10:55:00,True
16498,2,100.97,2011-06-30 19:52:00,2011-07-01 15:07:00,True
16499,8,2578.34,2010-06-11 12:22:00,2010-12-14 13:31:00,True
16500,9,843.91,2010-06-14 14:54:00,2011-12-05 12:04:00,True
16501,1,1237.23,2010-11-21 14:10:00,2010-11-21 14:10:00,False
16502,2,266.5,2010-03-29 13:39:00,2010-03-29 13:44:00,True
16503,11,3614.34,2010-06-21 14:07:00,2011-08-25 11:46:00,True
16504,1,484.38,2011-11-14 15:18:00,2011-11-14 15:18:00,False
16505,1,777.6,2011-11-08 12:14:00,2011-11-08 12:14:00,False
16506,2,90.30000000000001,2011-10-30 15:50:00,2011-11-20 12:17:00,True
16507,1,152.76,2010-05-16 12:56:00,2010-05-16 12:56:00,False
16508,1,248.8,2010-03-19 13:41:00,2010-03-19 13:41:00,False
16509,1,363.7,2011-02-16 09:25:00,2011-02-16 09:25:00,False
16510,6,2100.0,2010-01-17 12:30:00,2010-12-02 13:39:00,True
16511,6,1819.02,2010-03-01 12:21:00,2011-11-18 10:41:00,True
16513,4,874.59,2011-10-27 14:56:00,2011-12-05 10:18:00,True
16515,10,3216.3,2010-06-17 12:17:00,2011-10-18 13:10:00,True
16516,1,101.69999999999999,2011-11-09 14:59:00,2011-11-09 14:59:00,False
16517,1,162.7,2011-03-07 13:50:00,2011-03-07 13:50:00,False
16518,4,959.37,2010-06-01 13:31:00,2011-10-09 15:04:00,True
16519,4,556.26,2010-03-01 13:51:00,2011-11-14 15:41:00,True
16520,6,2482.62,2010-03-02 16:50:00,2011-06-06 13:24:00,True
16521,3,1148.01,2010-03-01 13:22:00,2010-10-20 13:09:00,True
16522,2,433.36,2010-09-15 13:32:00,2010-09-30 10:54:00,True
16523,28,11916.33,2010-01-24 13:14:00,2011-12-08 09:06:00,True
16524,2,308.14,2010-01-17 13:16:00,2010-09-19 13:37:00,True
16525,48,24582.64,2009-12-02 13:53:00,2011-12-07 15:07:00,True
16526,2,717.21,2010-05-04 16:34:00,2011-06-21 12:02:00,True
16527,2,1272.44,2010-10-11 13:25:00,2011-09-19 16:21:00,True
16528,1,244.41,2011-12-06 12:45:00,2011-12-06 12:45:00,False
16529,4,2012.0,2010-06-27 13:29:00,2011-06-02 17:23:00,True
16530,1,48.349999999999994,2010-02-09 15:30:00,2010-02-09 15:30:00,False
16531,11,2298.33,2010-09-24 09:49:00,2011-11-17 16:29:00,True
16532,5,8756.64,2010-03-29 10:26:00,2011-11-22 11:08:00,True
16533,3,1095.56,2011-10-02 15:07:00,2011-11-20 13:08:00,True
16534,1,635.9,2010-03-07 15:47:00,2010-03-07 15:47:00,False
16535,3,1001.5899999999999,2010-01-28 15:26:00,2011-12-04 15:18:00,True
16536,1,548.97,2011-08-21 15:54:00,2011-08-21 15:54:00,False
16537,1,23.35,2010-03-08 13:41:00,2010-03-08 13:41:00,False
16538,3,399.62,2010-04-23 16:25:00,2010-06-16 16:59:00,True
16539,10,3732.0099999999998,2010-06-25 15:24:00,2011-12-07 08:41:00,True
16540,1,226.70000000000002,2010-10-21 17:22:00,2010-10-21 17:22:00,False
16541,1,424.03,2009-12-04 13:22:00,2009-12-04 13:22:00,False
16542,2,257.32,2010-11-03 14:44:00,2011-10-17 10:47:00,True
16543,1,292.21,2010-04-27 11:38:00,2010-04-27 11:38:00,False
16544,4,376.70000000000005,2010-02-15 13:20:00,2010-07-08 11:11:00,True
16545,2,689.8199999999999,2010-11-29 10:39:00,2011-06-28 10:37:00,True
16546,5,5606.47,2010-09-23 15:43:00,2011-02-22 11:20:00,True
16547,1,111.71,2010-06-11 13:02:00,2010-06-11 13:02:00,False
16548,1,30.15,2010-04-19 16:15:00,2010-04-19 16:15:00,False
16549,34,13182.189999999999,2010-03-28 15:45:00,2011-11-29 15:06:00,True
16550,18,9435.13,2009-12-02 11:24:00,2011-08-23 11:12:00,True
16551,7,2237.12,2009-12-13 16:12:00,2011-09-05 09:38:00,True
16552,2,475.0200000000001,2010-12-01 12:36:00,2011-04-11 10:04:00,True
16553,33,16644.010000000002,2010-02-11 18:46:00,2011-06-29 15:42:00,True
16554,8,2841.7200000000003,2009-12-15 09:42:00,2011-10-28 14:51:00,True
16555,6,1915.68,2010-07-22 13:39:00,2011-11-04 14:31:00,True
16556,17,8012.58,2009-12-07 10:51:00,2011-10-04 11:36:00,True
16557,2,281.85,2011-07-25 13:28:00,2011-11-15 14:04:00,True
16558,38,13873.51,2009-12-03 18:11:00,2011-12-09 10:20:00,True
16559,1,185.20000000000002,2010-11-07 13:52:00,2010-11-07 13:52:00,False
16560,8,3048.38,2009-12-08 12:05:00,2011-11-13 10:35:00,True
16561,2,511.12,2011-10-11 09:53:00,2011-12-04 11:50:00,True
16562,1,223.85999999999999,2010-08-20 11:45:00,2010-08-20 11:45:00,False
16563,6,4422.76,2009-12-01 18:35:00,2011-10-17 11:51:00,True
16564,1,87.8,2010-05-19 14:41:00,2010-05-19 14:41:00,False
16565,4,773.05,2010-06-02 12:47:00,2010-12-10 15:21:00,True
16566,5,614.66,2011-02-20 10:29:00,2011-11-24 16:34:00,True
16567,2,865.6,2011-01-07 09:31:00,2011-05-29 13:57:00,True
16568,2,1020.9000000000001,2010-03-08 14:51:00,2010-10-08 10:54:00,True
16569,5,1455.23,2009-12-16 15:05:00,2011-12-06 15:32:00,True
16570,20,7434.3099999999995,2010-03-30 09:32:00,2011-11-24 17:02:00,True
16571,10,4248.74,2010-03-18 09:12:00,2011-11-13 11:46:00,True
16572,3,1009.5999999999999,2011-03-09 12:04:00,2011-08-04 16:34:00,True
16573,2,663.61,2011-02-22 15:14:00,2011-09-16 09:13:00,True
16574,3,1301.78,2010-02-19 11:46:00,2011-09-29 13:39:00,True
16576,2,540.87,2010-07-06 10:42:00,2010-10-15 13:37:00,True
16577,1,380.0,2010-02-11 09:45:00,2010-02-11 09:45:00,False
16578,1,156.6,2010-03-23 15:11:00,2010-03-23 15:11:00,False
16579,1,295.05,2010-10-10 11:58:00,2010-10-10 11:58:00,False
16581,1,105.84,2011-06-10 10:05:00,2011-06-10 10:05:00,False
16582,1,313.62,2011-08-18 17:02:00,2011-08-18 17:02:00,False
16583,2,531.4,2010-02-04 12:18:00,2010-12-01 12:03:00,True
16584,5,3163.67,2010-02-16 10:41:00,2011-09-20 13:45:00,True
16585,2,341.59000000000003,2010-01-13 13:31:00,2010-04-25 10:34:00,True
16586,3,1462.78,2010-03-14 11:24:00,2011-04-05 09:32:00,True
16587,1,225.15,2011-04-21 15:51:00,2011-04-21 15:51:00,False
16588,4,1361.28,2010-05-14 13:43:00,2010-11-18 17:56:00,True
16589,4,612.36,2010-09-15 14:56:00,2011-09-29 14:50:00,True
16590,2,605.9,2010-10-21 12:09:00,2010-11-04 09:06:00,True
16591,1,213.5,2011-10-02 10:43:00,2011-10-02 10:43:00,False
16592,28,7807.91,2009-12-18 15:57:00,2011-12-05 13:49:00,True
16593,8,1071.14,2009-12-05 10:44:00,2011-10-20 12:41:00,True
16594,1,181.09,2011-09-25 14:08:00,2011-09-25 14:08:00,False
16595,5,1810.1799999999998,2010-01-17 12:12:00,2011-10-09 13:15:00,True
16596,4,579.63,2009-12-10 13:09:00,2011-11-24 10:02:00,True
16597,1,90.04,2011-12-05 15:44:00,2011-12-05 15:44:00,False
16598,1,145.04999999999998,2011-02-27 11:42:00,2011-02-27 11:42:00,False
16599,1,172.8,2010-11-19 12:45:00,2010-11-19 12:45:00,False
16600,13,2153.41,2009-12-18 12:59:00,2011-12-05 16:00:00,True
16601,3,684.25,2010-03-26 13:39:00,2011-10-30 11:09:00,True
16602,2,763.33,2010-11-16 09:13:00,2011-11-03 15:54:00,True
16603,2,482.47,2011-09-09 13:02:00,2011-09-26 10:06:00,True
16604,2,432.45,2010-05-20 16:34:00,2010-05-26 09:10:00,True
16605,1,60.48,2009-12-15 19:03:00,2009-12-15 19:03:00,False
16606,2,357.66,2010-10-01 13:21:00,2010-10-31 13:57:00,True
16607,25,5706.87,2010-04-29 14:01:00,2011-11-22 10:24:00,True
16608,2,1288.72,2010-02-14 11:57:00,2010-09-12 11:44:00,True
16609,7,5493.46,2011-04-01 10:11:00,2011-11-24 13:32:00,True
16610,1,75.66,2011-05-04 13:13:00,2011-05-04 13:13:00,False
16611,6,1785.13,2010-03-10 16:07:00,2011-06-06 15:46:00,True
16612,9,3245.4300000000003,2009-12-03 15:54:00,2011-11-07 07:38:00,True
16613,1,618.59,2011-09-30 15:52:00,2011-09-30 15:52:00,False
16614,3,1179.79,2010-05-10 15:18:00,2011-06-10 11:36:00,True
16615,1,291.5,2010-03-23 15:13:00,2010-03-23 15:13:00,False
16616,2,500.42,2011-07-05 13:38:00,2011-11-24 16:31:00,True
16617,1,151.85,2011-04-18 10:35:00,2011-04-18 10:35:00,False
16618,5,2647.59,2011-01-21 11:55:00,2011-11-08 13:52:00,True
16619,4,1938.33,2010-02-22 12:05:00,2011-03-21 08:18:00,True
16620,6,1758.93,2009-12-01 14:35:00,2011-12-06 12:19:00,True
16621,4,813.48,2011-03-07 11:32:00,2011-10-19 11:38:00,True
16622,1,225.4,2010-06-14 10:44:00,2010-06-14 10:44:00,False
16623,4,1015.24,2010-04-26 14:04:00,2011-04-08 10:09:00,True
16624,2,810.5699999999999,2011-05-26 14:20:00,2011-09-20 12:39:00,True
16625,5,1654.03,2010-06-14 11:56:00,2011-03-10 12:50:00,True
16626,17,4413.1,2011-03-18 12:27:00,2011-12-09 11:56:00,True
16627,1,322.8,2011-09-21 14:38:00,2011-09-21 14:38:00,False
16628,7,2318.1,2010-03-08 12:24:00,2011-11-10 12:45:00,True
16629,2,417.73,2011-09-04 16:12:00,2011-09-27 10:34:00,True
16630,1,106.80000000000001,2010-10-28 14:30:00,2010-10-28 14:30:00,False
16631,7,1892.52,2010-02-26 10:49:00,2010-08-15 11:20:00,True
16632,2,406.4,2010-05-07 16:46:00,2010-08-11 11:39:00,True
16633,6,2883.1,2011-04-19 14:36:00,2011-11-22 13:41:00,True
16634,6,1814.61,2010-01-21 09:30:00,2011-05-01 12:09:00,True
16635,1,473.0,2010-10-29 09:41:00,2010-10-29 09:41:00,False
16636,4,3802.04,2010-03-03 14:06:00,2010-09-27 13:13:00,True
16637,4,1154.47,2011-04-28 10:20:00,2011-11-07 13:17:00,True
16638,15,2430.53,2010-08-18 13:33:00,2011-11-17 11:09:00,True
16639,4,1747.98,2010-10-26 18:23:00,2011-11-08 13:20:00,True
16640,1,179.4,2010-11-07 10:48:00,2010-11-07 10:48:00,False
16641,2,554.5,2010-01-07 12:22:00,2011-08-26 12:49:00,True
16642,3,1077.45,2010-10-20 14:22:00,2011-12-05 11:31:00,True
16643,2,923.11,2010-10-13 09:47:00,2011-04-08 08:24:00,True
16644,2,833.78,2011-05-11 12:53:00,2011-06-15 12:39:00,True
16645,1,160.39,2009-12-04 09:49:00,2009-12-04 09:49:00,False
16646,1,678.8,2010-09-16 13:28:00,2010-09-16 13:28:00,False
16647,4,541.9,2010-06-13 15:52:00,2011-06-23 11:47:00,True
16648,3,672.8,2010-04-28 14:58:00,2011-10-28 08:58:00,True
16649,1,306.58000000000004,2010-07-07 15:41:00,2010-07-07 15:41:00,False
16650,7,1916.1100000000001,2010-07-08 14:18:00,2011-09-29 09:51:00,True
16651,1,136.2,2010-05-02 11:46:00,2010-05-02 11:46:00,False
16652,16,17550.39,2010-03-17 10:22:00,2011-10-12 09:38:00,True
16653,2,1212.6599999999999,2011-09-29 13:38:00,2011-11-23 14:51:00,True
16654,8,1711.47,2010-04-06 13:29:00,2011-07-21 15:23:00,True
16655,13,6548.37,2010-01-31 15:40:00,2011-11-22 11:25:00,True
16656,30,16833.17,2009-12-04 12:59:00,2011-11-17 14:43:00,True
16657,4,933.62,2011-03-30 12:02:00,2011-11-30 11:48:00,True
16658,6,814.07,2010-03-30 16:24:00,2010-12-06 13:47:00,True
16659,1,39.12,2011-06-03 15:03:00,2011-06-03 15:03:00,False
16660,7,1879.55,2010-01-14 11:09:00,2011-11-23 14:53:00,True
16661,4,986.6300000000001,2009-12-17 15:39:00,2010-06-17 15:24:00,True
16662,1,163.8,2010-11-10 16:56:00,2010-11-10 16:56:00,False
16663,1,165.0,2009-12-10 13:12:00,2009-12-10 13:12:00,False
16664,1,109.2,2010-05-19 17:11:00,2010-05-19 17:11:00,False
16665,1,135.39999999999998,2010-12-12 14:03:00,2010-12-12 14:03:00,False
16666,2,225.94,2010-03-28 15:13:00,2011-11-20 14:01:00,True
16667,2,570.13,2011-02-28 12:57:00,2011-10-02 15:26:00,True
16668,13,862.42,2010-03-18 18:25:00,2011-11-24 17:43:00,True
16669,3,1374.87,2011-09-22 14:13:00,2011-11-16 12:26:00,True
16670,20,8030.150000000001,2009-12-10 15:28:00,2011-11-23 09:34:00,True
16671,3,1692.2700000000002,2011-06-28 11:20:00,2011-11-11 13:40:00,True
16672,20,8134.9400000000005,2011-03-18 10:15:00,2011-12-07 16:29:00,True
16673,1,188.83,2010-01-29 14:22:00,2010-01-29 14:22:00,False
16674,2,319.61,2011-09-02 13:59:00,2011-10-16 11:31:00,True
16675,2,608.8599999999999,2010-08-18 13:11:00,2010-09-24 12:15:00,True
16676,6,2361.9,2010-10-17 13:07:00,2011-11-06 12:01:00,True
16677,2,880.62,2010-02-25 16:11:00,2010-10-24 14:53:00,True
16678,12,3109.9900000000002,2011-03-02 09:24:00,2011-12-07 12:17:00,True
16679,3,793.06,2010-06-10 18:35:00,2010-12-08 13:51:00,True
16680,3,821.45,2010-06-23 09:30:00,2011-10-27 17:35:00,True
16681,7,1921.84,2010-03-08 14:10:00,2011-09-28 11:11:00,True
16682,5,1028.0,2011-06-05 11:02:00,2011-12-05 12:13:00,True
16683,1,320.25,2010-06-24 10:36:00,2010-06-24 10:36:00,False
16684,55,147142.77,2009-12-07 12:56:00,2011-12-05 14:06:00,True
16685,2,324.24,2011-10-09 13:44:00,2011-10-09 13:58:00,True
16686,16,5070.92,2009-12-06 15:48:00,2011-10-23 13:49:00,True
16687,1,157.63,2010-11-14 11:46:00,2010-11-14 11:46:00,False
16688,4,1260.86,2011-10-10 12:23:00,2011-12-08 15:24:00,True
16689,2,422.6,2011-09-18 13:29:00,2011-09-25 11:39:00,True
16690,4,353.03,2010-09-14 15:00:00,2011-09-28 15:02:00,True
16691,2,178.82999999999998,2010-05-27 14:55:00,2010-10-17 15:03:00,True
16692,4,1914.6999999999998,2010-09-24 11:31:00,2011-03-28 14:46:00,True
16693,5,1199.46,2010-02-21 12:42:00,2011-10-02 11:10:00,True
16694,1,98.30000000000001,2009-12-16 15:45:00,2009-12-16 15:45:00,False
16695,2,193.15,2010-05-27 12:24:00,2010-05-27 12:36:00,True
16696,4,657.9000000000001,2011-04-05 15:20:00,2011-07-27 14:23:00,True
16697,1,112.75,2011-04-12 17:12:00,2011-04-12 17:12:00,False
16698,2,1998.0,2011-03-31 13:33:00,2011-04-27 10:52:00,True
16699,7,994.6,2009-12-04 13:31:00,2010-11-24 14:38:00,True
16700,25,9167.710000000001,2009-12-02 10:51:00,2011-12-01 11:00:00,True
16701,26,9916.73,2009-12-01 19:19:00,2011-12-01 11:10:00,True
16702,4,1110.83,2009-12-07 16:40:00,2010-10-20 14:10:00,True
16704,2,695.66,2010-02-05 14:14:00,2010-03-31 14:02:00,True
16705,42,43515.051,2009-12-09 13:34:00,2011-12-09 12:08:00,True
16706,3,531.3499999999999,2011-08-17 15:53:00,2011-11-02 13:50:00,True
16707,4,551.11,2010-03-09 15:16:00,2010-11-04 14:39:00,True
16708,1,656.63,2011-10-25 12:20:00,2011-10-25 12:20:00,False
16709,14,9087.46,2009-12-09 13:16:00,2011-09-16 10:56:00,True
16710,22,6349.09,2009-12-04 13:41:00,2011-11-20 14:50:00,True
16711,9,2868.48,2009-12-02 13:22:00,2011-12-06 16:32:00,True
16712,13,4266.99,2010-11-03 15:45:00,2011-11-30 13:48:00,True
16713,32,14560.69,2009-12-15 12:49:00,2011-11-21 12:36:00,True
16714,4,1529.8,2010-02-07 11:17:00,2011-05-05 11:09:00,True
16715,2,625.52,2010-05-26 12:35:00,2011-09-22 18:15:00,True
16716,3,2149.6800000000003,2010-03-19 11:05:00,2011-03-18 10:03:00,True
16717,14,6986.2300000000005,2009-12-07 15:55:00,2011-11-16 12:16:00,True
16718,5,3647.53,2009-12-06 13:07:00,2010-12-05 13:03:00,True
16719,14,3973.3,2009-12-13 10:59:00,2011-11-25 09:27:00,True
16720,3,795.48,2009-12-17 17:54:00,2011-11-13 16:22:00,True
16721,1,292.47,2011-03-22 16:08:00,2011-03-22 16:08:00,False
16722,22,8989.08,2009-12-03 19:23:00,2011-11-22 13:28:00,True
16723,4,1301.63,2009-12-04 13:23:00,2011-09-09 13:01:00,True
16724,1,147.35,2010-10-31 11:40:00,2010-10-31 11:40:00,False
16725,14,1882.1100000000001,2009-12-13 15:54:00,2011-02-10 16:52:00,True
16726,7,2088.41,2010-10-24 16:09:00,2011-11-13 14:53:00,True
16727,4,1437.42,2010-01-20 10:48:00,2010-12-10 13:48:00,True
16728,4,1054.67,2011-03-20 13:28:00,2011-10-24 14:36:00,True
16729,21,7239.92,2011-04-12 14:22:00,2011-11-01 14:29:00,True
16730,3,743.11,2011-01-24 14:01:00,2011-10-18 14:11:00,True
16731,1,174.05,2010-03-01 15:05:00,2010-03-01 15:05:00,False
16732,4,4387.64,2009-12-08 13:04:00,2011-11-08 09:54:00,True
16733,1,259.68,2010-06-28 10:12:00,2010-06-28 10:12:00,False
16734,3,650.51,2011-08-17 15:00:00,2011-10-18 13:44:00,True
16735,14,6270.56,2009-12-08 09:24:00,2011-09-22 11:49:00,True
16736,5,2956.56,2009-12-03 16:12:00,2010-07-22 10:09:00,True
16737,2,835.1999999999999,2010-05-11 09:53:00,2011-10-17 13:03:00,True
16738,1,3.75,2011-02-15 09:46:00,2011-02-15 09:46:00,False
16739,2,786.4300000000001,2010-06-21 09:38:00,2011-06-16 09:17:00,True
16740,1,236.81,2010-11-09 13:34:00,2010-11-09 13:34:00,False
16741,1,173.06,2010-03-24 15:15:00,2010-03-24 15:15:00,False
16742,14,2852.6099999999997,2009-12-16 17:22:00,2011-10-24 12:02:00,True
16743,14,4253.26,2010-04-22 13:21:00,2011-11-10 13:13:00,True
16744,7,1304.7599999999998,2011-06-19 15:13:00,2011-11-28 13:06:00,True
16745,17,7194.3,2011-02-01 11:31:00,2011-09-14 11:58:00,True
16746,42,18066.4,2009-12-04 13:00:00,2011-12-05 12:33:00,True
16747,2,836.06,2011-10-03 10:18:00,2011-11-02 11:37:00,True
16748,14,3637.33,2009-12-10 12:28:00,2011-11-22 10:17:00,True
16749,2,4387.08,2009-12-15 14:05:00,2010-04-27 13:06:00,True
16750,5,623.93,2011-04-21 16:53:00,2011-10-26 12:48:00,True
16751,1,1764.72,2011-11-09 10:48:00,2011-11-09 10:48:00,False
16752,1,415.0,2010-12-02 12:18:00,2010-12-02 12:18:00,False
16753,1,223.92000000000002,2011-10-12 13:14:00,2011-10-12 13:14:00,False
16754,29,67502.47,2010-03-08 11:32:00,2010-12-02 17:38:00,True
16755,7,2900.58,2009-12-09 14:25:00,2011-08-17 13:21:00,True
16756,7,1312.3700000000001,2010-03-09 15:56:00,2011-05-09 09:33:00,True
16757,2,270.48,2010-10-26 15:09:00,2011-01-25 11:59:00,True
16758,1,369.34000000000003,2011-10-05 14:47:00,2011-10-05 14:47:00,False
16759,3,789.79,2011-11-09 09:06:00,2011-12-02 12:42:00,True
16760,1,228.0,2010-10-05 15:55:00,2010-10-05 15:55:00,False
16761,1,316.62,2011-09-04 11:15:00,2011-09-04 11:15:00,False
16762,3,1501.38,2011-07-18 12:52:00,2011-11-20 11:43:00,True
16763,2,964.7,2009-12-01 15:26:00,2011-05-25 11:52:00,True
16764,13,2799.25,2011-07-19 17:17:00,2011-12-06 11:41:00,True
16765,2,454.75,2010-11-22 13:42:00,2011-02-18 15:41:00,True
16766,2,1145.6,2011-03-11 13:34:00,2011-03-11 15:22:00,True
16767,15,8073.8,2010-04-28 16:49:00,2011-11-09 09:42:00,True
16768,9,1708.12,2009-12-07 11:47:00,2011-10-23 10:38:00,True
16769,4,1141.75,2009-12-14 11:10:00,2011-03-24 13:41:00,True
16770,9,1932.13,2010-08-22 16:08:00,2011-10-13 12:21:00,True
16771,10,3967.6000000000004,2009-12-09 11:52:00,2011-11-06 13:28:00,True
16772,3,3723.55,2009-12-18 10:50:00,2010-10-12 13:19:00,True
16773,3,421.24,2009-12-06 15:01:00,2011-10-13 14:37:00,True
16774,8,1594.45,2010-02-16 16:53:00,2011-10-03 12:41:00,True
16775,16,3056.89,2010-09-23 17:34:00,2011-11-29 15:22:00,True
16776,2,619.8499999999999,2010-10-20 12:13:00,2011-10-10 13:04:00,True
16777,5,1307.76,2010-03-17 12:42:00,2011-09-20 13:41:00,True
16778,2,245.94,2011-03-10 15:21:00,2011-09-26 13:48:00,True
16779,53,33268.24,2009-12-03 13:03:00,2011-12-07 14:54:00,True
16780,3,605.55,2010-10-28 19:41:00,2011-08-31 16:09:00,True
16781,2,934.25,2010-02-08 13:56:00,2010-12-02 14:26:00,True
16782,38,10438.41,2009-12-09 11:58:00,2011-11-29 13:20:00,True
16783,1,391.95,2010-09-29 11:53:00,2010-09-29 11:53:00,False
16784,5,896.53,2010-03-28 12:55:00,2011-11-20 12:20:00,True
16785,1,533.78,2010-10-26 10:36:00,2010-10-26 10:36:00,False
16786,1,51.839999999999996,2010-11-11 08:25:00,2010-11-11 08:25:00,False
16787,4,1035.43,2010-01-10 11:12:00,2010-11-07 11:01:00,True
16788,5,1950.3,2010-02-07 12:40:00,2011-08-08 14:53:00,True
16789,1,80.8,2011-12-01 15:12:00,2011-12-01 15:12:00,False
16790,6,1545.6200000000001,2011-11-02 11:23:00,2011-12-06 11:53:00,True
16791,15,4038.69,2009-12-03 18:08:00,2011-11-10 19:12:00,True
16792,5,623.46,2010-01-04 13:47:00,2011-03-02 14:41:00,True
16793,1,243.84,2011-10-13 15:08:00,2011-10-13 15:08:00,False
16794,15,2090.91,2010-03-25 15:17:00,2011-12-08 17:54:00,True
16795,3,2492.3900000000003,2010-01-25 13:14:00,2010-12-09 14:08:00,True
16796,1,305.62,2011-09-11 14:01:00,2011-09-11 14:01:00,False
16797,5,1827.77,2009-12-02 13:33:00,2010-11-11 19:14:00,True
16798,3,848.71,2009-12-10 19:35:00,2010-06-03 19:01:00,True
16799,2,495.98,2010-09-12 12:46:00,2010-10-03 14:28:00,True
16800,1,1201.49,2011-11-28 14:06:00,2011-11-28 14:06:00,False
16801,4,1619.73,2011-03-11 13:56:00,2011-06-29 15:33:00,True
16802,2,582.61,2009-12-09 13:00:00,2010-01-29 13:44:00,True
16803,1,332.3,2011-10-05 14:28:00,2011-10-05 14:28:00,False
16804,3,536.99,2011-03-14 15:48:00,2011-11-16 16:43:00,True
16805,5,1097.24,2009-12-08 14:29:00,2011-06-19 11:23:00,True
16806,4,801.49,2011-04-14 19:59:00,2011-08-28 15:27:00,True
16807,6,2123.88,2010-03-26 14:38:00,2011-07-20 12:00:00,True
16808,2,288.42,2011-03-10 19:05:00,2011-09-01 19:34:00,True
16809,9,1727.43,2010-04-13 15:34:00,2011-11-16 15:45:00,True
16810,2,842.04,2010-10-15 15:32:00,2011-05-31 15:32:00,True
16811,2,547.0699999999999,2011-11-22 17:19:00,2011-12-05 11:39:00,True
16812,4,2392.0,2010-11-22 14:36:00,2010-12-14 12:35:00,True
16813,10,1692.98,2011-05-19 13:28:00,2011-12-01 14:03:00,True
16814,36,12499.71,2010-04-11 12:45:00,2011-11-25 13:27:00,True
16815,2,410.97,2010-06-21 12:05:00,2010-09-12 10:59:00,True
16816,4,417.06,2010-12-16 17:01:00,2011-08-28 14:16:00,True
16817,13,2804.9,2010-10-04 09:06:00,2011-12-07 11:03:00,True
16818,11,3349.57,2011-05-18 11:42:00,2011-11-29 10:41:00,True
16819,2,182.59,2010-08-31 17:31:00,2010-08-31 17:37:00,True
16820,1,497.61,2011-09-05 12:06:00,2011-09-05 12:06:00,False
16821,1,113.35,2010-11-23 10:04:00,2010-11-23 10:04:00,False
16822,1,181.39,2010-01-22 14:22:00,2010-01-22 14:22:00,False
16823,7,2260.09,2009-12-02 09:57:00,2011-04-26 15:00:00,True
16824,3,686.24,2010-11-11 12:21:00,2011-11-24 12:38:00,True
16825,5,1826.8899999999999,2010-06-23 13:14:00,2011-11-01 11:51:00,True
16826,1,341.7,2011-10-19 14:05:00,2011-10-19 14:05:00,False
16827,5,392.13,2010-04-29 19:07:00,2010-11-11 14:04:00,True
16828,2,128.5,2011-08-19 13:24:00,2011-09-07 15:10:00,True
16829,2,513.32,2010-11-16 18:11:00,2011-07-06 10:48:00,True
16830,4,1207.5,2009-12-13 12:11:00,2011-11-01 11:35:00,True
16831,1,91.8,2010-05-24 09:08:00,2010-05-24 09:08:00,False
16832,5,417.61,2010-09-07 12:35:00,2011-06-08 15:36:00,True
16833,6,2409.04,2010-03-26 15:31:00,2011-12-08 14:39:00,True
16834,2,898.96,2010-02-03 14:24:00,2011-04-26 09:37:00,True
16835,6,1538.41,2010-05-19 08:41:00,2011-08-03 13:50:00,True
16836,4,782.37,2010-05-14 12:52:00,2011-10-31 10:05:00,True
16837,11,3170.98,2011-04-08 08:48:00,2011-11-08 14:27:00,True
16838,4,1159.6100000000001,2010-02-14 15:27:00,2011-05-26 13:13:00,True
16839,44,22310.489999999998,2010-02-11 15:02:00,2011-12-01 09:03:00,True
16840,2,139.85,2010-02-03 12:42:00,2010-04-15 15:48:00,True
16841,12,4006.06,2010-01-12 11:32:00,2011-11-03 11:51:00,True
16842,3,1264.19,2011-02-10 14:51:00,2011-08-31 10:42:00,True
16843,35,19571.43,2009-12-10 11:40:00,2011-10-28 09:06:00,True
16844,2,614.34,2010-05-06 09:16:00,2010-05-26 10:29:00,True
16845,1,253.88,2010-03-31 13:09:00,2010-03-31 13:09:00,False
16846,3,842.4100000000001,2010-03-10 12:03:00,2011-10-20 13:55:00,True
16847,2,614.8900000000001,2010-03-31 13:32:00,2011-10-27 13:29:00,True
16848,4,1411.62,2010-10-03 11:01:00,2011-10-18 08:42:00,True
16849,1,124.57,2011-06-06 09:16:00,2011-06-06 09:16:00,False
16850,1,332.41,2011-01-10 11:09:00,2011-01-10 11:09:00,False
16851,3,342.45000000000005,2011-10-19 09:48:00,2011-12-05 13:32:00,True
16852,2,144.91,2011-06-16 15:49:00,2011-11-29 13:22:00,True
16854,2,1408.96,2010-03-09 14:32:00,2010-10-18 16:31:00,True
16855,2,328.4,2011-10-27 16:31:00,2011-11-16 12:03:00,True
16856,3,358.49,2010-09-23 13:11:00,2011-11-25 08:59:00,True
16857,1,352.8,2010-09-23 10:49:00,2010-09-23 10:49:00,False
16858,10,4668.28,2009-12-15 11:09:00,2010-12-06 09:52:00,True
16859,7,1932.4099999999999,2010-03-04 12:37:00,2011-07-18 12:19:00,True
16860,3,1610.6200000000001,2010-02-15 13:46:00,2010-09-13 10:05:00,True
16861,5,946.59,2010-07-19 11:44:00,2011-10-11 09:05:00,True
16862,4,662.33,2010-01-07 12:57:00,2010-06-10 13:05:00,True
16863,3,998.52,2010-10-26 10:03:00,2011-11-08 15:26:00,True
16864,2,409.25,2010-04-20 11:56:00,2010-10-01 16:16:00,True
16865,1,130.95,2010-11-03 11:34:00,2010-11-03 11:34:00,False
16866,3,207.73999999999998,2011-07-01 12:34:00,2011-07-22 10:06:00,True
16867,1,76.74000000000001,2010-01-19 09:11:00,2010-01-19 09:11:00,False
16868,3,393.39,2010-04-25 11:31:00,2010-11-10 13:17:00,True
16869,4,825.4200000000001,2011-06-17 13:01:00,2011-11-17 12:02:00,True
16870,1,450.15999999999997,2010-08-27 13:53:00,2010-08-27 13:53:00,False
16871,6,2812.34,2011-03-14 10:31:00,2011-11-17 19:27:00,True
16872,6,1213.13,2010-09-02 17:36:00,2011-09-23 16:05:00,True
16873,12,14617.39,2010-02-09 14:17:00,2011-12-05 12:05:00,True
16874,1,217.74,2010-11-25 13:08:00,2010-11-25 13:08:00,False
16875,11,4234.530000000001,2010-01-05 09:16:00,2011-10-03 13:39:00,True
16876,1,136.01,2010-11-01 11:59:00,2010-11-01 11:59:00,False
16877,6,853.72,2011-05-15 16:13:00,2011-11-27 13:47:00,True
16878,1,13.3,2011-09-16 17:39:00,2011-09-16 17:39:00,False
16880,8,1840.8600000000001,2010-08-03 13:54:00,2011-11-09 11:33:00,True
16881,1,432.0,2011-10-04 10:33:00,2011-10-04 10:33:00,False
16882,3,705.12,2011-01-26 17:43:00,2011-10-04 10:42:00,True
16883,19,2396.59,2009-12-04 12:07:00,2011-06-05 12:51:00,True
16884,4,1073.92,2010-05-18 12:00:00,2011-11-02 11:52:00,True
16885,4,710.74,2010-11-19 12:51:00,2011-11-24 13:40:00,True
16886,1,134.0,2010-09-09 15:08:00,2010-09-09 15:08:00,False
16887,3,660.72,2009-12-01 13:41:00,2011-11-04 14:07:00,True
16888,3,437.15,2010-01-07 13:07:00,2010-11-04 12:39:00,True
16889,6,2530.9,2010-05-23 10:46:00,2011-05-29 11:05:00,True
16890,3,285.40999999999997,2010-05-06 16:27:00,2010-08-20 11:23:00,True
16891,11,2056.82,2009-12-04 12:37:00,2011-12-08 11:15:00,True
16892,7,762.1,2009-12-08 14:20:00,2011-12-08 13:18:00,True
16893,2,401.77,2010-11-28 15:14:00,2010-12-08 12:06:00,True
16894,3,1324.0600000000002,2010-06-22 14:21:00,2010-07-25 15:43:00,True
16895,5,1121.42,2010-02-12 11:07:00,2011-10-06 12:15:00,True
16896,1,103.95,2010-06-02 15:40:00,2010-06-02 15:40:00,False
16897,2,289.78,2011-01-30 11:52:00,2011-02-13 15:02:00,True
16898,5,1016.37,2010-05-12 12:18:00,2011-11-13 15:44:00,True
16899,8,1721.02,2010-11-07 15:00:00,2011-12-02 12:03:00,True
16900,3,887.11,2011-10-07 13:17:00,2011-11-23 10:32:00,True
16901,1,204.26,2009-12-10 16:30:00,2009-12-10 16:30:00,False
16902,1,1706.88,2011-08-15 14:17:00,2011-08-15 14:17:00,False
16903,3,1062.28,2010-10-20 14:42:00,2011-11-10 15:32:00,True
16904,21,5132.37,2010-10-24 16:03:00,2011-12-05 13:10:00,True
16905,17,5034.15,2009-12-10 20:04:00,2011-12-04 14:01:00,True
16906,7,1448.8,2010-05-13 13:23:00,2011-09-19 11:49:00,True
16907,9,1707.9,2010-07-01 17:30:00,2011-11-10 18:04:00,True
16908,1,252.59,2009-12-17 13:35:00,2009-12-17 13:35:00,False
16909,1,379.14,2011-09-28 16:45:00,2011-09-28 16:45:00,False
16910,8,1510.06,2011-09-09 14:14:00,2011-12-05 12:51:00,True
16911,2,255.25000000000003,2010-02-16 16:12:00,2010-03-14 12:18:00,True
16912,15,4480.31,2009-12-09 12:32:00,2011-11-11 12:18:00,True
16913,3,423.90999999999997,2010-02-26 12:06:00,2011-02-22 12:56:00,True
16914,1,208.46,2011-11-03 15:27:00,2011-11-03 15:27:00,False
16915,11,1543.18,2010-05-19 13:32:00,2011-11-30 16:39:00,True
16916,4,1123.4,2010-10-20 12:56:00,2011-11-16 12:08:00,True
16917,2,1857.83,2010-03-17 15:24:00,2011-03-08 11:55:00,True
16918,16,3213.29,2009-12-03 12:27:00,2011-10-21 12:50:00,True
16919,24,5125.91,2010-08-19 15:28:00,2011-07-06 13:35:00,True
16920,1,355.45,2010-10-24 14:07:00,2010-10-24 14:07:00,False
16921,3,446.66999999999996,2010-04-18 15:34:00,2011-10-09 16:22:00,True
16922,1,611.08,2010-05-16 11:24:00,2010-05-16 11:24:00,False
16923,32,13378.36,2010-01-31 11:14:00,2011-11-27 13:00:00,True
16924,3,846.75,2011-09-16 12:54:00,2011-11-18 12:53:00,True
16925,1,125.65,2010-06-17 15:03:00,2010-06-17 15:03:00,False
16926,5,1421.35,2010-07-01 12:57:00,2010-12-03 13:42:00,True
16927,3,543.05,2010-12-13 11:57:00,2011-08-16 11:10:00,True
16928,29,4113.23,2010-02-03 12:30:00,2011-09-20 15:10:00,True
16929,7,1295.39,2011-07-07 12:39:00,2011-12-06 08:37:00,True
16930,3,380.55,2011-10-02 14:25:00,2011-11-13 16:13:00,True
16931,23,5233.62,2010-11-07 13:24:00,2011-12-04 13:15:00,True
16932,3,440.71000000000004,2010-05-17 14:15:00,2011-10-17 14:12:00,True
16933,9,3181.25,2009-12-09 15:03:00,2011-12-08 12:54:00,True
16934,6,2110.99,2010-03-28 12:43:00,2011-10-16 12:40:00,True
16935,3,535.1,2010-10-14 13:09:00,2010-11-23 09:16:00,True
16936,2,551.1700000000001,2010-11-19 11:54:00,2011-11-14 11:04:00,True
16937,1,202.1,2010-07-28 17:56:00,2010-07-28 17:56:00,False
16938,9,7043.18,2010-02-17 14:47:00,2011-12-01 10:20:00,True
16939,3,449.0,2010-02-28 13:33:00,2010-08-08 12:24:00,True
16940,8,6427.66,2009-12-08 13:08:00,2011-10-18 13:15:00,True
16941,1,33.0,2010-04-07 11:13:00,2010-04-07 11:13:00,False
16942,9,1920.5900000000001,2011-04-26 11:59:00,2011-11-27 12:40:00,True
16943,5,1299.49,2010-03-25 13:34:00,2011-05-12 11:57:00,True
16944,1,101.36,2010-04-09 11:03:00,2010-04-09 11:03:00,False
16945,33,8548.16,2009-12-09 11:33:00,2011-11-18 11:39:00,True
16946,5,1222.04,2010-03-02 10:49:00,2010-11-21 14:06:00,True
16947,5,955.21,2010-03-03 10:54:00,2011-04-18 09:38:00,True
16948,7,868.77,2010-02-21 13:48:00,2011-07-24 12:46:00,True
16949,6,1286.27,2011-01-27 12:11:00,2011-12-06 11:07:00,True
16950,10,3784.37,2010-01-24 11:26:00,2011-10-14 09:06:00,True
16951,3,1277.75,2011-02-08 14:58:00,2011-07-28 12:05:00,True
16952,5,798.78,2009-12-11 13:52:00,2011-08-22 13:03:00,True
16953,1,20.8,2011-11-09 15:54:00,2011-11-09 15:54:00,False
16954,20,6081.88,2010-01-18 14:49:00,2011-12-09 09:46:00,True
16955,6,1309.4099999999999,2010-01-31 11:38:00,2011-06-08 10:36:00,True
16956,1,308.74,2011-11-22 08:56:00,2011-11-22 08:56:00,False
16957,2,416.64,2011-03-03 09:25:00,2011-04-14 13:56:00,True
16958,1,809.44,2010-09-30 14:25:00,2010-09-30 14:25:00,False
16959,1,117.35000000000001,2011-09-13 15:03:00,2011-09-13 15:03:00,False
16960,8,2043.43,2010-03-02 13:36:00,2011-11-01 11:35:00,True
16961,3,794.56,2010-06-25 14:36:00,2011-08-15 13:46:00,True
16962,1,251.04,2010-10-26 11:36:00,2010-10-26 11:36:00,False
16963,1,110.55000000000001,2011-06-05 13:48:00,2011-06-05 13:48:00,False
16964,2,207.85,2009-12-06 12:51:00,2009-12-06 12:53:00,True
16965,1,201.19,2011-04-27 12:08:00,2011-04-27 12:08:00,False
16966,7,2154.97,2011-04-13 14:17:00,2011-12-01 13:40:00,True
16967,1,319.02,2011-06-03 14:24:00,2011-06-03 14:24:00,False
16968,2,439.43,2011-08-24 10:51:00,2011-12-05 15:02:00,True
16969,3,650.41,2011-06-01 12:10:00,2011-10-31 13:12:00,True
16970,1,71.4,2010-03-23 13:50:00,2010-03-23 13:50:00,False
16971,1,357.21,2011-11-01 15:06:00,2011-11-01 15:06:00,False
16972,2,786.25,2010-09-09 11:20:00,2010-11-22 10:59:00,True
16973,1,127.0,2010-11-18 13:56:00,2010-11-18 13:56:00,False
16974,2,365.5,2010-05-24 10:43:00,2010-07-05 10:18:00,True
16975,3,926.12,2010-07-22 11:38:00,2010-10-12 17:53:00,True
16976,1,251.51999999999998,2011-03-17 16:33:00,2011-03-17 16:33:00,False
16977,4,496.0,2010-03-18 11:06:00,2010-11-09 13:17:00,True
16978,3,768.88,2010-02-11 16:27:00,2011-09-23 12:50:00,True
16979,9,2859.74,2010-09-15 14:30:00,2011-12-06 12:21:00,True
16980,3,1473.33,2010-10-07 14:05:00,2011-03-29 16:36:00,True
16982,1,384.06,2011-10-10 12:28:00,2011-10-10 12:28:00,False
16983,11,3710.22,2010-09-19 12:38:00,2011-11-27 12:10:00,True
16984,9,10754.8,2010-03-07 15:34:00,2011-09-12 13:43:00,True
16985,23,10923.16,2009-12-10 13:34:00,2011-11-22 13:33:00,True
16986,11,4888.75,2010-02-04 14:46:00,2011-11-10 11:55:00,True
16987,11,2535.9,2009-12-02 14:34:00,2011-12-06 17:26:00,True
16988,2,382.67,2010-11-25 09:22:00,2011-12-04 16:02:00,True
16989,6,1133.25,2011-07-12 09:11:00,2011-12-02 16:39:00,True
16990,2,344.0,2010-10-13 11:42:00,2011-05-05 08:30:00,True
16991,1,1041.21,2010-10-14 14:08:00,2010-10-14 14:08:00,False
16992,13,5476.5,2010-02-11 12:36:00,2011-11-29 11:50:00,True
16993,2,1950.95,2010-05-12 13:55:00,2010-09-02 12:16:00,True
16996,9,2123.61,2010-10-18 12:24:00,2011-11-09 16:43:00,True
16997,3,702.0,2011-01-18 11:51:00,2011-02-24 17:28:00,True
16998,5,402.0,2010-09-21 14:39:00,2011-07-13 09:44:00,True
16999,2,484.82000000000005,2011-09-26 15:43:00,2011-11-16 13:53:00,True
17000,2,406.3,2010-10-27 14:16:00,2010-11-08 13:35:00,True
17001,19,6640.8,2010-03-25 12:41:00,2011-12-09 09:38:00,True
17002,7,2571.55,2010-03-08 15:46:00,2011-09-15 12:40:00,True
17003,4,830.16,2010-05-10 11:20:00,2010-11-02 13:15:00,True
17004,4,2425.16,2010-10-11 15:43:00,2011-10-24 14:25:00,True
17005,2,742.36,2010-04-30 10:55:00,2010-08-26 10:57:00,True
17006,8,1636.3200000000002,2010-03-05 13:33:00,2011-12-05 12:09:00,True
17007,7,1120.1,2010-09-28 13:51:00,2011-10-20 10:47:00,True
17008,1,81.36,2010-10-06 15:19:00,2010-10-06 15:19:00,False
17009,1,242.06,2010-06-06 16:01:00,2010-06-06 16:01:00,False
17010,1,195.36,2011-11-21 14:49:00,2011-11-21 14:49:00,False
17011,3,671.6999999999999,2010-02-26 09:47:00,2011-11-09 13:30:00,True
17012,1,384.16,2009-12-14 17:34:00,2009-12-14 17:34:00,False
17014,3,586.33,2011-10-04 11:36:00,2011-12-01 14:09:00,True
17015,3,1842.56,2011-06-07 13:19:00,2011-11-11 10:45:00,True
17016,1,552.4,2010-05-12 12:32:00,2010-05-12 12:32:00,False
17017,29,14110.61,2009-12-03 13:22:00,2011-12-07 09:32:00,True
17018,6,2287.7,2009-12-05 10:27:00,2011-10-30 11:42:00,True
17019,11,4012.2,2009-12-02 11:52:00,2011-11-28 13:06:00,True
17020,2,935.62,2010-03-03 12:27:00,2010-06-15 13:06:00,True
17021,6,1182.22,2010-04-29 20:05:00,2010-09-23 20:01:00,True
17022,2,260.0,2010-10-03 10:27:00,2011-11-08 17:09:00,True
17023,3,800.1800000000001,2010-01-11 15:09:00,2010-10-18 15:37:00,True
17024,3,95.85,2011-07-05 09:31:00,2011-10-25 13:47:00,True
17025,5,1510.64,2010-03-08 13:37:00,2011-10-10 09:06:00,True
17026,3,208.98,2010-10-18 15:22:00,2011-06-07 14:28:00,True
17027,9,1327.11,2009-12-10 12:10:00,2011-09-22 12:24:00,True
17028,3,1593.83,2009-12-18 14:28:00,2010-05-07 15:33:00,True
17029,7,2137.3,2010-02-14 10:19:00,2011-08-21 11:06:00,True
17030,1,146.87,2011-10-07 08:49:00,2011-10-07 08:49:00,False
17031,6,2773.85,2010-05-07 14:52:00,2011-11-28 10:23:00,True
17032,8,3004.6,2009-12-10 15:36:00,2010-06-10 12:16:00,True
17033,4,1332.79,2010-11-07 12:55:00,2011-09-14 14:34:00,True
17034,5,1283.92,2010-07-14 12:55:00,2011-11-23 15:14:00,True
17035,4,613.59,2009-12-03 10:37:00,2011-04-08 11:23:00,True
17036,1,176.9,2010-11-21 14:26:00,2010-11-21 14:26:00,False
17037,1,1267.32,2011-09-13 12:49:00,2011-09-13 12:49:00,False
17038,2,743.17,2010-10-20 16:04:00,2011-11-09 13:50:00,True
17039,1,1954.99,2010-04-14 12:56:00,2010-04-14 12:56:00,False
17040,2,463.25,2010-06-07 15:08:00,2011-07-25 10:19:00,True
17041,6,1686.28,2010-04-18 14:25:00,2011-11-13 11:21:00,True
17042,5,1044.38,2011-04-06 14:53:00,2011-12-07 12:26:00,True
17043,8,2616.55,2009-12-09 15:20:00,2011-11-07 15:33:00,True
17044,12,11962.300000000001,2009-12-07 12:25:00,2011-11-14 14:28:00,True
17045,5,827.6800000000001,2010-10-06 14:52:00,2011-08-18 17:09:00,True
17046,5,1906.0700000000002,2010-03-29 13:46:00,2011-07-05 14:24:00,True
17047,6,2289.23,2009-12-08 08:48:00,2011-09-15 13:27:00,True
17048,7,2071.6800000000003,2010-01-18 13:55:00,2011-08-14 11:49:00,True
17049,19,9947.48,2010-03-04 10:23:00,2011-12-07 10:48:00,True
17050,11,4691.79,2010-01-26 14:54:00,2011-09-04 13:48:00,True
17051,4,714.3900000000001,2010-03-21 14:55:00,2011-05-29 14:13:00,True
17052,1,413.75,2011-11-11 14:50:00,2011-11-11 14:50:00,False
17053,1,498.48,2011-08-01 10:23:00,2011-08-01 10:23:00,False
17054,5,1356.33,2011-04-08 13:14:00,2011-11-11 12:56:00,True
17055,1,239.55,2010-09-20 12:21:00,2010-09-20 12:21:00,False
17056,1,128.60000000000002,2009-12-01 12:55:00,2009-12-01 12:55:00,False
17057,1,294.74,2010-04-22 19:21:00,2010-04-22 19:21:00,False
17058,3,1179.89,2011-04-14 09:18:00,2011-09-19 10:13:00,True
17059,9,5602.53,2010-01-26 14:43:00,2011-11-10 12:27:00,True
17060,1,234.24,2011-03-18 13:27:00,2011-03-18 13:27:00,False
17061,11,5232.2300000000005,2011-04-21 13:29:00,2011-09-27 11:24:00,True
17062,6,1208.22,2010-09-26 11:57:00,2011-01-30 11:01:00,True
17063,13,3638.53,2009-12-01 12:36:00,2011-11-18 16:19:00,True
17064,3,859.3500000000001,2011-01-16 16:10:00,2011-10-12 10:18:00,True
17065,2,194.7,2010-03-12 11:40:00,2010-03-12 11:41:00,True
17066,1,228.34,2009-12-13 13:24:00,2009-12-13 13:24:00,False
17067,3,454.53999999999996,2009-12-08 12:03:00,2009-12-15 08:39:00,True
17068,47,9161.08,2010-03-28 14:26:00,2011-11-27 13:14:00,True
17069,14,5794.28,2009-12-03 12:27:00,2011-11-11 17:13:00,True
17070,2,445.32,2010-10-25 15:57:00,2011-08-17 17:01:00,True
17071,13,3801.2000000000003,2010-01-24 13:05:00,2011-11-11 16:31:00,True
17072,1,282.05,2010-03-24 16:33:00,2010-03-24 16:33:00,False
17073,4,1446.09,2011-08-22 14:37:00,2011-11-22 11:47:00,True
17074,1,203.05,2010-05-26 12:04:00,2010-05-26 12:04:00,False
17075,10,2241.73,2009-12-14 11:24:00,2011-11-22 11:58:00,True
17076,6,1242.75,2009-12-04 12:12:00,2011-11-03 17:53:00,True
17077,1,306.0,2010-05-10 16:36:00,2010-05-10 16:36:00,False
17078,2,378.2,2011-11-03 18:49:00,2011-11-03 19:17:00,True
17079,1,118.80000000000001,2011-09-22 15:34:00,2011-09-22 15:34:00,False
17080,7,957.53,2010-07-01 16:03:00,2011-11-17 12:59:00,True
17081,6,964.39,2010-02-22 13:19:00,2011-11-14 12:56:00,True
17082,6,4732.030000000001,2009-12-15 11:25:00,2011-11-06 15:17:00,True
17083,9,4049.79,2010-02-09 11:46:00,2011-08-22 15:43:00,True
17084,3,5202.969999999999,2010-11-08 14:20:00,2011-11-04 14:54:00,True
17085,28,7891.41,2009-12-06 12:16:00,2011-08-08 14:15:00,True
17086,6,2050.08,2011-10-07 11:22:00,2011-12-02 13:54:00,True
17087,1,221.53,2009-12-02 10:41:00,2009-12-02 10:41:00,False
17088,4,1991.01,2011-03-31 09:48:00,2011-11-11 14:23:00,True
17089,1,128.45,2010-11-18 15:33:00,2010-11-18 15:33:00,False
17090,13,3149.48,2010-07-19 16:02:00,2011-12-05 13:44:00,True
17091,19,7811.1,2009-12-16 15:45:00,2011-12-07 10:43:00,True
17092,11,5594.96,2010-02-02 16:42:00,2011-10-20 19:51:00,True
17093,1,235.88,2010-04-26 10:22:00,2010-04-26 10:22:00,False
17094,2,402.2,2010-10-12 10:48:00,2011-01-21 13:09:00,True
17095,7,2572.25,2009-12-15 12:32:00,2011-11-17 12:21:00,True
17096,11,3759.18,2010-06-02 14:48:00,2011-11-24 15:01:00,True
17097,9,1340.45,2010-10-05 14:09:00,2011-12-07 17:05:00,True
17098,3,591.07,2010-06-17 10:30:00,2010-11-23 12:13:00,True
17099,1,582.17,2010-06-24 16:25:00,2010-06-24 16:25:00,False
17100,2,971.74,2011-11-21 16:36:00,2011-11-21 16:36:00,True
17101,7,2507.05,2010-06-07 15:12:00,2011-11-29 13:57:00,True
17102,1,25.5,2011-03-23 10:08:00,2011-03-23 10:08:00,False
17103,1,424.3,2009-12-17 14:08:00,2009-12-17 14:08:00,False
17104,1,474.03,2010-10-12 12:21:00,2010-10-12 12:21:00,False
17105,2,665.78,2011-02-06 14:46:00,2011-07-03 15:53:00,True
17106,1,491.23,2010-11-15 14:11:00,2010-11-15 14:11:00,False
17107,10,16075.42,2010-01-31 15:47:00,2011-11-06 14:14:00,True
17108,1,174.95,2010-02-14 12:22:00,2010-02-14 12:22:00,False
17109,8,1295.46,2010-07-30 12:42:00,2011-11-10 16:59:00,True
17110,3,510.7,2010-04-08 13:32:00,2011-06-27 12:58:00,True
17111,2,476.58000000000004,2010-10-10 15:21:00,2011-10-23 15:59:00,True
17112,1,205.17,2010-07-25 11:14:00,2010-07-25 11:14:00,False
17113,6,2322.59,2010-01-11 10:14:00,2010-05-14 13:59:00,True
17114,8,808.62,2011-01-09 11:39:00,2011-12-04 12:17:00,True
17115,7,2761.49,2009-12-05 12:13:00,2011-12-01 14:30:00,True
17116,1,389.78,2010-03-01 16:29:00,2010-03-01 16:29:00,False
17117,1,116.19999999999999,2011-02-24 13:54:00,2011-02-24 13:54:00,False
17118,1,157.02,2011-01-26 12:19:00,2011-01-26 12:19:00,False
17119,2,606.91,2011-10-11 11:03:00,2011-12-06 14:40:00,True
17120,1,307.46,2011-04-20 15:21:00,2011-04-20 15:21:00,False
17121,1,314.74,2010-11-02 11:47:00,2010-11-02 11:47:00,False
17122,4,570.5,2010-07-28 09:34:00,2011-08-12 14:33:00,True
17123,3,977.17,2010-05-16 11:52:00,2011-07-01 10:47:00,True
17124,1,298.89,2011-06-07 14:02:00,2011-06-07 14:02:00,False
17125,1,259.35,2011-10-20 14:41:00,2011-10-20 14:41:00,False
17126,9,2070.44,2010-08-31 13:41:00,2011-07-10 13:52:00,True
17127,5,1155.0300000000002,2009-12-04 15:18:00,2010-10-07 09:54:00,True
17128,1,157.09,2011-01-09 12:02:00,2011-01-09 12:02:00,False
17129,1,31.85,2010-07-07 13:46:00,2010-07-07 13:46:00,False
17131,5,2463.17,2011-09-25 12:42:00,2011-12-04 12:52:00,True
17132,2,1272.8,2010-08-08 13:49:00,2010-09-13 16:31:00,True
17133,12,14622.33,2010-03-21 12:31:00,2011-11-24 12:27:00,True
17134,3,637.1,2010-09-23 18:32:00,2011-08-25 09:53:00,True
17135,10,1954.16,2010-05-09 16:03:00,2011-11-23 16:48:00,True
17136,1,231.68,2010-02-15 13:13:00,2010-02-15 13:13:00,False
17137,6,1133.6299999999999,2010-01-31 12:27:00,2010-10-19 14:51:00,True
17138,7,4417.27,2010-02-04 14:19:00,2011-03-09 11:54:00,True
17139,25,19584.46,2010-01-11 11:31:00,2011-11-24 10:12:00,True
17140,1,465.32,2011-04-06 13:33:00,2011-04-06 13:33:00,False
17141,4,754.33,2010-01-24 14:19:00,2010-10-17 14:54:00,True
17142,4,1283.75,2010-01-24 15:23:00,2011-04-14 18:22:00,True
17143,2,924.11,2010-07-12 13:26:00,2010-10-18 15:27:00,True
17144,2,984.5699999999999,2011-09-16 12:50:00,2011-12-08 17:57:00,True
17145,4,3120.91,2010-02-19 12:07:00,2010-07-15 09:02:00,True
17146,13,5860.240000000001,2010-02-02 09:39:00,2011-08-26 12:44:00,True
17147,9,3199.95,2010-01-11 09:38:00,2011-11-17 12:32:00,True
17148,1,124.88,2011-10-19 09:59:00,2011-10-19 09:59:00,False
17149,1,143.10000000000002,2010-09-14 14:56:00,2010-09-14 14:56:00,False
17150,6,1375.65,2009-12-06 10:51:00,2010-11-28 11:27:00,True
17151,1,231.90000000000003,2009-12-04 14:56:00,2009-12-04 14:56:00,False
17152,4,2016.5,2010-10-10 12:40:00,2011-05-29 12:19:00,True
17153,1,213.78,2011-11-15 13:42:00,2011-11-15 13:42:00,False
17154,1,329.34,2011-09-25 13:42:00,2011-09-25 13:42:00,False
17155,7,892.46,2009-12-03 11:34:00,2011-11-22 12:38:00,True
17156,1,591.87,2010-08-05 11:30:00,2010-08-05 11:30:00,False
17157,19,5151.9,2009-12-04 13:00:00,2011-12-02 09:10:00,True
17158,5,1980.0,2010-03-07 15:50:00,2011-11-07 15:15:00,True
17159,5,2099.59,2010-03-04 14:53:00,2011-11-18 10:52:00,True
17160,17,10209.16,2009-12-04 10:57:00,2011-11-08 14:05:00,True
17161,1,856.01,2010-09-21 16:44:00,2010-09-21 16:44:00,False
17162,10,1715.46,2011-02-07 12:27:00,2011-11-11 11:34:00,True
17163,4,699.78,2010-02-02 10:39:00,2011-11-18 08:57:00,True
17164,7,2467.35,2011-03-11 14:26:00,2011-11-07 09:14:00,True
17165,6,1794.3200000000002,2009-12-11 09:18:00,2011-02-28 16:39:00,True
17166,2,206.34,2011-05-20 08:18:00,2011-11-01 09:46:00,True
17167,3,867.11,2010-09-20 14:02:00,2010-11-25 10:05:00,True
17168,1,400.2,2010-07-29 12:33:00,2010-07-29 12:33:00,False
17169,3,1156.73,2010-05-10 13:00:00,2011-10-13 10:25:00,True
17170,2,178.68,2010-11-15 16:23:00,2010-11-30 15:55:00,True
17171,2,384.59000000000003,2010-02-16 12:02:00,2011-02-23 16:37:00,True
17172,3,956.5699999999999,2009-12-13 11:46:00,2011-09-22 09:36:00,True
17173,8,3766.6000000000004,2011-07-31 15:26:00,2011-12-04 14:40:00,True
17174,1,59.9,2011-05-06 11:47:00,2011-05-06 11:47:00,False
17175,4,1443.69,2011-02-16 14:56:00,2011-10-26 15:31:00,True
17176,3,902.3199999999999,2010-01-31 15:49:00,2011-05-22 12:41:00,True
17177,1,119.5,2010-07-22 14:53:00,2010-07-22 14:53:00,False
17178,1,436.71,2009-12-08 16:20:00,2009-12-08 16:20:00,False
17179,6,1507.26,2010-05-26 11:22:00,2011-06-14 16:48:00,True
17180,11,2256.98,2010-01-21 17:43:00,2011-10-14 15:46:00,True
17181,3,465.37,2010-04-23 11:21:00,2011-10-13 14:48:00,True
17182,2,321.3,2009-12-21 15:22:00,2010-10-13 10:09:00,True
17183,6,3347.3100000000004,2011-08-26 15:25:00,2011-12-02 10:07:00,True
17184,2,198.41000000000003,2009-12-09 14:17:00,2010-05-19 14:24:00,True
17185,3,229.46,2010-04-20 13:49:00,2010-04-27 12:15:00,True
17186,2,144.0,2011-10-10 12:52:00,2011-10-24 10:20:00,True
17187,2,467.71,2010-07-01 14:38:00,2011-04-27 12:39:00,True
17188,13,4592.93,2009-12-08 19:16:00,2011-11-28 13:53:00,True
17189,5,957.63,2009-12-02 11:45:00,2011-08-25 19:39:00,True
17190,7,1743.04,2010-03-05 13:21:00,2011-10-12 11:33:00,True
17191,15,4836.05,2009-12-01 16:34:00,2011-11-11 16:58:00,True
17192,1,77.83,2010-06-21 16:07:00,2010-06-21 16:07:00,False
17193,9,2310.04,2009-12-02 10:02:00,2011-11-04 12:47:00,True
17194,3,812.5,2010-06-27 13:16:00,2011-03-11 12:05:00,True
17195,1,562.98,2010-02-22 13:05:00,2010-02-22 13:05:00,False
17196,1,352.9,2010-10-08 11:31:00,2010-10-08 11:31:00,False
17197,1,1013.01,2011-11-10 10:32:00,2011-11-10 10:32:00,False
17198,3,1213.88,2010-12-03 14:54:00,2011-11-16 10:39:00,True
17199,1,145.12,2010-05-06 13:53:00,2010-05-06 13:53:00,False
17200,4,356.71,2010-02-25 13:23:00,2010-11-17 13:04:00,True
17201,4,1242.04,2010-02-10 12:26:00,2011-10-17 11:55:00,True
17202,1,160.65,2010-10-15 11:25:00,2010-10-15 11:25:00,False
17203,10,5575.88,2010-11-16 12:52:00,2011-11-04 12:27:00,True
17204,9,5504.6900000000005,2010-06-10 11:37:00,2011-06-17 14:46:00,True
17205,3,999.3499999999999,2010-05-24 15:36:00,2011-10-17 12:46:00,True
17206,1,204.24,2011-10-17 13:25:00,2011-10-17 13:25:00,False
17207,1,303.21999999999997,2010-02-25 19:08:00,2010-02-25 19:08:00,False
17208,1,115.35,2010-11-09 12:50:00,2010-11-09 12:50:00,False
17209,3,611.6,2009-12-03 11:10:00,2010-02-28 16:01:00,True
17210,1,253.37,2010-11-12 12:15:00,2010-11-12 12:15:00,False
17211,13,4046.65,2009-12-13 13:17:00,2011-11-13 12:03:00,True
17212,3,794.41,2010-08-10 09:22:00,2011-03-31 19:42:00,True
17213,13,5182.3,2009-12-15 10:28:00,2011-10-30 14:53:00,True
17214,6,1069.1200000000001,2010-12-15 15:14:00,2011-10-10 13:17:00,True
17215,1,186.15,2010-09-01 13:39:00,2010-09-01 13:39:00,False
17216,1,65.05,2010-06-03 13:03:00,2010-06-03 13:03:00,False
17217,2,218.0,2010-03-30 13:35:00,2011-04-19 17:19:00,True
17218,18,4192.68,2010-01-25 16:12:00,2011-12-05 13:52:00,True
17219,2,259.13,2010-10-19 11:29:00,2011-11-08 11:25:00,True
17220,21,4481.75,2010-01-20 11:57:00,2011-11-15 13:47:00,True
17221,5,978.52,2010-04-11 15:34:00,2011-12-02 13:35:00,True
17222,6,1605.01,2010-01-10 15:24:00,2011-10-05 13:58:00,True
17223,3,873.53,2010-11-29 17:19:00,2011-02-02 15:57:00,True
17224,1,100.86,2010-07-26 13:30:00,2010-07-26 13:30:00,False
17225,1,131.15,2010-05-07 11:38:00,2010-05-07 11:38:00,False
17226,3,900.12,2010-02-12 14:31:00,2011-02-04 11:52:00,True
17227,12,2022.03,2010-01-15 15:05:00,2011-11-21 10:51:00,True
17228,13,3177.24,2010-03-12 11:54:00,2011-11-24 10:24:00,True
17229,2,318.76,2011-07-20 12:38:00,2011-09-04 13:56:00,True
17230,18,9924.95,2009-12-08 13:41:00,2011-03-20 16:12:00,True
17231,25,7197.04,2009-12-07 16:38:00,2011-11-27 15:18:00,True
17232,2,421.52,2011-11-25 12:24:00,2011-12-07 12:21:00,True
17233,3,560.86,2009-12-15 12:03:00,2011-11-04 14:06:00,True
17234,1,149.89000000000001,2011-06-10 11:20:00,2011-06-10 11:20:00,False
17235,8,1904.8799999999999,2010-06-04 17:01:00,2011-11-14 15:51:00,True
17236,12,1929.26,2010-03-07 13:00:00,2011-11-27 12:00:00,True
17237,4,1002.08,2010-11-23 11:45:00,2011-11-28 15:02:00,True
17238,32,7783.1,2009-12-01 10:59:00,2011-12-07 11:35:00,True
17239,4,1189.45,2010-07-01 10:53:00,2011-01-31 09:41:00,True
17240,1,130.6,2010-04-22 15:44:00,2010-04-22 15:44:00,False
17241,12,2744.1400000000003,2010-02-15 14:47:00,2010-11-19 13:01:00,True
17242,5,2889.2799999999997,2010-01-24 10:27:00,2011-08-23 14:55:00,True
17243,69,20889.86,2009-12-01 15:36:00,2011-12-08 13:26:00,True
17244,5,1826.04,2009-12-06 11:27:00,2011-10-17 15:19:00,True
17245,2,371.63,2010-01-19 15:39:00,2011-05-19 10:43:00,True
17246,2,38.92,2009-12-01 17:45:00,2010-06-11 12:36:00,True
17247,1,282.19,2011-11-24 15:21:00,2011-11-24 15:21:00,False
17248,2,546.16,2010-08-15 11:55:00,2011-08-11 13:34:00,True
17249,1,68.03,2010-10-07 11:33:00,2010-10-07 11:33:00,False
17250,2,384.52,2011-03-23 16:45:00,2011-12-06 12:15:00,True
17251,3,812.4300000000001,2009-12-15 10:36:00,2010-12-12 11:06:00,True
17252,2,353.85999999999996,2011-06-06 16:41:00,2011-08-15 09:45:00,True
17253,1,178.26,2011-11-21 12:59:00,2011-11-21 12:59:00,False
17254,3,470.73,2010-11-03 14:00:00,2011-12-05 12:46:00,True
17255,4,799.13,2010-09-19 15:53:00,2011-10-30 12:18:00,True
17256,5,498.93,2010-04-18 13:40:00,2011-08-24 13:30:00,True
17257,2,192.73000000000002,2010-09-29 12:49:00,2010-09-29 12:51:00,True
17258,2,417.30000000000007,2010-02-12 15:51:00,2010-11-08 12:37:00,True
17259,6,1889.3400000000001,2010-02-22 13:38:00,2011-07-14 15:01:00,True
17260,1,120.95,2010-10-24 13:21:00,2010-10-24 13:21:00,False
17261,1,230.44,2010-07-18 11:49:00,2010-07-18 11:49:00,False
17262,11,2757.62,2009-12-15 11:26:00,2011-10-18 12:56:00,True
17263,1,63.440000000000005,2011-05-15 14:32:00,2011-05-15 14:32:00,False
17264,1,279.59,2010-10-11 12:52:00,2010-10-11 12:52:00,False
17265,2,562.9000000000001,2011-06-12 12:00:00,2011-07-24 10:49:00,True
17266,5,517.73,2010-03-09 10:42:00,2011-12-07 14:12:00,True
17267,2,317.62,2011-08-04 17:19:00,2011-08-04 17:22:00,True
17268,11,1733.8899999999999,2009-12-08 11:46:00,2011-08-24 10:06:00,True
17269,1,537.46,2010-11-19 11:12:00,2010-11-19 11:12:00,False
17270,2,604.4,2009-12-07 17:18:00,2010-08-27 14:09:00,True
17271,1,210.39,2009-12-03 13:49:00,2009-12-03 13:49:00,False
17272,4,2148.63,2011-03-22 12:05:00,2011-10-28 16:37:00,True
17273,1,141.12,2010-10-11 15:57:00,2010-10-11 15:57:00,False
17274,2,577.38,2010-11-09 12:06:00,2011-11-04 13:16:00,True
17275,1,114.52,2010-11-21 13:26:00,2010-11-21 13:26:00,False
17276,1,508.39,2010-11-02 16:20:00,2010-11-02 16:20:00,False
17277,2,1065.35,2011-01-21 12:37:00,2011-04-26 12:47:00,True
17278,2,271.24,2010-05-23 13:49:00,2011-04-12 13:10:00,True
17279,1,187.82999999999998,2011-10-13 11:58:00,2011-10-13 11:58:00,False
17280,1,118.85999999999999,2010-09-27 16:46:00,2010-09-27 16:46:00,False
17281,6,797.8499999999999,2010-02-04 13:00:00,2010-11-30 18:05:00,True
17282,5,2339.66,2010-06-09 12:07:00,2011-08-01 14:29:00,True
17283,1,188.46,2010-11-26 11:53:00,2010-11-26 11:53:00,False
17284,8,2793.16,2010-09-20 16:18:00,2011-10-10 14:38:00,True
17285,2,428.34000000000003,2010-02-14 14:10:00,2010-03-21 13:38:00,True
17286,3,395.48,2010-11-04 13:43:00,2011-11-18 12:47:00,True
17287,21,4111.96,2009-12-03 12:45:00,2011-11-13 13:27:00,True
17288,11,2499.98,2010-11-10 14:44:00,2011-11-30 16:09:00,True
17289,9,2079.39,2010-03-08 12:52:00,2011-11-08 12:01:00,True
17290,8,1501.44,2009-12-13 13:28:00,2011-12-06 12:38:00,True
17291,1,550.8000000000001,2011-02-04 13:04:00,2011-02-04 13:04:00,False
17292,2,271.75,2010-05-09 14:52:00,2010-08-24 17:14:00,True
17293,17,3774.23,2009-12-03 15:09:00,2011-12-01 14:37:00,True
17294,2,467.78999999999996,2010-02-08 14:21:00,2010-02-08 16:12:00,True
17295,3,556.95,2011-10-06 12:22:00,2011-11-11 10:49:00,True
17296,1,338.13,2009-12-09 14:01:00,2009-12-09 14:01:00,False
17297,1,131.78,2011-11-22 14:43:00,2011-11-22 14:43:00,False
17298,5,957.5600000000001,2010-03-08 08:56:00,2011-08-30 16:43:00,True
17299,6,1016.0799999999999,2010-08-15 16:00:00,2011-11-28 12:01:00,True
17300,2,393.64,2010-08-15 11:02:00,2010-11-14 10:56:00,True
17301,2,330.43,2010-03-25 13:16:00,2011-11-18 13:43:00,True
17302,5,1135.63,2011-02-07 10:14:00,2011-11-25 09:36:00,True
17303,1,250.04,2010-12-13 13:32:00,2010-12-13 13:32:00,False
17304,1,111.5,2010-06-23 16:23:00,2010-06-23 16:23:00,False
17305,1,2135.46,2010-03-01 12:47:00,2010-03-01 12:47:00,False
17306,21,9782.35,2010-11-01 11:38:00,2011-11-29 12:14:00,True
17307,11,3999.8900000000003,2010-01-19 16:38:00,2010-11-09 13:40:00,True
17308,2,4511.76,2010-09-13 09:35:00,2010-11-11 13:19:00,True
17309,3,330.59000000000003,2010-02-04 15:49:00,2011-09-05 15:20:00,True
17310,2,1025.1,2010-06-23 11:38:00,2010-11-17 16:00:00,True
17311,6,3566.56,2010-02-03 12:38:00,2011-09-22 14:11:00,True
17312,3,644.3,2011-07-03 13:12:00,2011-07-24 11:52:00,True
17313,1,2328.84,2011-11-08 15:45:00,2011-11-08 15:45:00,False
17314,17,4904.43,2009-12-03 11:25:00,2011-11-15 09:41:00,True
17315,43,9650.6,2010-09-27 12:45:00,2011-12-08 12:15:00,True
17316,1,124.45,2010-10-15 14:35:00,2010-10-15 14:35:00,False
17317,3,2600.34,2011-09-11 12:45:00,2011-10-24 17:19:00,True
17318,1,164.28,2009-12-14 13:11:00,2009-12-14 13:11:00,False
17319,1,29.1,2010-02-08 15:47:00,2010-02-08 15:47:00,False
17320,6,2895.77,2010-01-21 16:29:00,2011-08-31 13:31:00,True
17321,6,1741.18,2010-05-11 12:10:00,2011-12-01 13:41:00,True
17322,5,922.59,2009-12-03 11:46:00,2010-11-28 14:41:00,True
17323,12,1565.59,2010-01-10 11:58:00,2011-11-24 17:29:00,True
17324,12,2301.87,2009-12-18 15:29:00,2011-11-22 10:34:00,True
17325,3,609.5699999999999,2010-03-08 11:31:00,2011-03-04 13:09:00,True
17326,2,321.95,2010-06-28 14:05:00,2010-10-27 15:38:00,True
17327,2,152.35,2010-05-26 11:20:00,2010-10-26 09:54:00,True
17328,1,104.7,2010-02-04 17:11:00,2010-02-04 17:11:00,False
17329,5,1004.4300000000001,2009-12-03 16:09:00,2011-11-25 14:24:00,True
17330,4,423.79999999999995,2010-03-02 09:20:00,2011-11-17 08:56:00,True
17331,1,175.2,2011-08-08 11:55:00,2011-08-08 11:55:00,False
17332,5,838.27,2010-02-21 14:41:00,2010-06-29 16:10:00,True
17333,1,494.25,2011-09-15 10:11:00,2011-09-15 10:11:00,False
17334,3,635.15,2010-10-29 12:16:00,2011-02-10 14:59:00,True
17335,2,508.0,2010-01-24 11:15:00,2010-11-21 10:17:00,True
17336,1,81.12,2010-08-24 15:37:00,2010-08-24 15:37:00,False
17337,4,2027.8700000000001,2011-02-02 17:06:00,2011-07-11 14:55:00,True
17338,17,12142.57,2010-03-10 16:09:00,2011-11-22 14:23:00,True
17339,3,362.36,2010-07-18 13:08:00,2011-09-06 13:29:00,True
17340,18,22404.82,2010-02-14 14:54:00,2011-11-10 10:45:00,True
17341,5,1889.83,2010-06-17 18:17:00,2011-07-06 12:33:00,True
17342,4,1227.54,2010-02-08 09:16:00,2010-11-25 11:07:00,True
17343,6,1259.94,2009-12-03 18:30:00,2010-12-19 15:07:00,True
17344,2,468.11,2009-12-11 12:31:00,2011-10-24 12:56:00,True
17345,10,1604.68,2009-12-01 16:17:00,2011-11-24 15:02:00,True
17346,26,5323.0,2010-04-18 12:18:00,2011-12-06 12:18:00,True
17347,1,228.96,2011-09-14 13:12:00,2011-09-14 13:12:00,False
17348,9,2476.41,2010-03-10 12:13:00,2011-11-25 11:25:00,True
17349,5,852.25,2010-03-18 14:26:00,2011-06-13 14:29:00,True
17350,7,1906.0410000000002,2010-02-01 15:38:00,2011-12-01 15:47:00,True
17351,12,1988.23,2009-12-10 18:43:00,2011-11-03 18:45:00,True
17352,1,36.25,2010-01-12 16:13:00,2010-01-12 16:13:00,False
17353,4,3242.0,2010-03-25 12:52:00,2011-08-02 17:19:00,True
17354,4,3143.46,2010-10-07 13:22:00,2011-10-20 10:34:00,True
17355,1,285.11,2010-11-18 13:18:00,2010-11-18 13:18:00,False
17356,5,946.47,2010-01-20 12:14:00,2011-02-01 11:07:00,True
17357,2,388.14,2011-11-15 16:29:00,2011-11-15 16:30:00,True
17358,5,866.05,2010-02-24 16:42:00,2011-02-09 16:57:00,True
17359,2,284.46,2010-03-01 14:48:00,2011-11-28 14:37:00,True
17360,6,1231.3799999999999,2010-10-01 12:07:00,2011-11-22 13:11:00,True
17361,5,880.64,2010-02-01 14:30:00,2011-10-21 15:43:00,True
17362,7,1024.04,2010-01-06 10:53:00,2011-04-14 14:43:00,True
17363,3,940.86,2010-11-02 17:25:00,2010-11-09 17:11:00,True
17364,28,12070.42,2009-12-07 15:28:00,2011-12-09 09:00:00,True
17365,15,8224.98,2010-02-01 11:56:00,2011-11-27 12:13:00,True
17366,2,1096.24,2010-09-09 19:46:00,2010-10-03 16:04:00,True
17367,1,168.4,2011-04-15 14:21:00,2011-04-15 14:21:00,False
17368,14,2826.14,2009-12-15 17:45:00,2011-11-16 15:26:00,True
17369,1,979.1999999999999,2010-09-10 09:49:00,2010-09-10 09:49:00,False
17370,4,446.18,2011-06-23 11:50:00,2011-09-28 10:14:00,True
17371,6,662.55,2009-12-08 12:25:00,2011-11-22 13:30:00,True
17372,28,4377.56,2009-12-03 18:41:00,2011-10-30 11:37:00,True
17373,7,1167.5,2010-02-28 14:17:00,2011-10-30 15:28:00,True
17374,3,727.11,2010-11-09 17:14:00,2011-05-05 09:05:00,True
17375,4,660.55,2010-10-04 09:14:00,2011-05-24 15:45:00,True
17376,4,453.64,2010-07-05 11:11:00,2011-09-30 12:36:00,True
17377,78,18319.41,2009-12-02 12:39:00,2011-11-16 11:17:00,True
17378,1,10.95,2010-11-30 18:46:00,2010-11-30 18:46:00,False
17379,1,404.66,2011-11-28 13:56:00,2011-11-28 13:56:00,False
17380,3,645.0,2010-06-23 11:24:00,2010-10-01 16:42:00,True
17381,38,40002.37,2010-06-09 12:55:00,2011-12-01 11:59:00,True
17382,8,902.28,2010-05-19 11:33:00,2011-10-05 13:05:00,True
17383,2,309.99,2010-09-12 14:54:00,2011-12-05 17:36:00,True
17384,3,507.55,2010-08-29 16:01:00,2011-11-20 15:48:00,True
17385,1,261.11,2011-11-25 11:02:00,2011-11-25 11:02:00,False
17386,7,2812.7700000000004,2010-11-19 13:40:00,2011-12-02 11:28:00,True
17387,2,784.11,2011-11-06 11:25:00,2011-11-20 11:00:00,True
17388,11,2691.57,2009-12-10 11:45:00,2011-09-23 10:31:00,True
17389,61,57224.68,2009-12-04 12:06:00,2011-12-09 09:38:00,True
17390,1,149.3,2010-10-15 11:29:00,2010-10-15 11:29:00,False
17391,2,508.8,2011-06-28 12:21:00,2011-06-29 09:58:00,True
17392,3,626.56,2010-09-15 16:17:00,2011-02-06 12:48:00,True
17393,2,381.15000000000003,2010-08-08 15:53:00,2010-10-25 11:10:00,True
17394,1,203.86999999999998,2011-05-04 13:22:00,2011-05-04 13:22:00,False
17395,1,97.5,2010-07-19 15:34:00,2010-07-19 15:34:00,False
17396,14,8807.1,2010-09-24 13:04:00,2011-10-31 14:12:00,True
17397,3,1233.1799999999998,2010-10-19 13:20:00,2011-11-17 14:08:00,True
17398,3,653.38,2011-03-29 13:04:00,2011-08-17 09:48:00,True
17400,8,4677.05,2009-12-17 15:41:00,2011-08-05 15:38:00,True
17401,1,114.85,2010-06-16 16:54:00,2010-06-16 16:54:00,False
17402,23,5096.18,2009-12-16 17:40:00,2011-12-05 10:15:00,True
17403,2,400.57,2010-09-15 12:29:00,2011-11-03 15:18:00,True
17404,23,47781.119999999995,2010-01-07 11:31:00,2011-12-05 16:26:00,True
17405,3,1031.41,2011-07-12 14:17:00,2011-12-08 17:12:00,True
17406,13,4905.05,2009-12-06 13:45:00,2011-01-10 15:07:00,True
17407,1,552.9,2010-10-24 11:57:00,2010-10-24 11:57:00,False
17408,3,316.09000000000003,2010-07-13 14:02:00,2011-06-29 12:53:00,True
17409,10,7793.51,2009-12-11 12:17:00,2011-06-08 10:36:00,True
17410,5,1214.72,2011-05-08 15:21:00,2011-11-23 15:46:00,True
17411,5,1425.38,2009-12-03 12:02:00,2011-11-27 14:25:00,True
17412,16,4417.52,2009-12-02 13:51:00,2011-12-07 11:36:00,True
17413,2,560.14,2010-05-19 11:11:00,2010-10-31 12:33:00,True
17414,6,2249.52,2009-12-03 16:49:00,2011-10-27 12:13:00,True
17415,1,507.84,2011-09-21 12:50:00,2011-09-21 12:50:00,False
17416,22,17298.45,2009-12-14 16:29:00,2011-11-10 12:47:00,True
17417,1,164.18,2010-06-09 10:00:00,2010-06-09 10:00:00,False
17418,3,670.0600000000001,2010-11-17 13:42:00,2011-10-28 13:00:00,True
17419,18,6500.52,2010-01-25 13:19:00,2011-11-28 13:47:00,True
17420,6,1084.43,2010-11-03 13:09:00,2011-10-20 14:52:00,True
17421,3,1059.41,2009-12-04 15:43:00,2010-11-18 16:57:00,True
17422,11,3594.76,2010-06-23 10:19:00,2011-11-23 13:27:00,True
17423,3,1118.95,2010-11-11 12:26:00,2011-10-24 13:36:00,True
17425,2,759.1700000000001,2011-10-10 11:37:00,2011-11-20 15:30:00,True
17426,13,8077.77,2010-02-17 13:39:00,2011-12-01 18:07:00,True
17427,1,100.8,2011-09-29 11:29:00,2011-09-29 11:29:00,False
17428,45,31819.760000000002,2009-12-01 17:28:00,2011-12-09 09:45:00,True
17429,5,1357.46,2010-10-06 12:30:00,2011-08-03 13:22:00,True
17430,4,735.17,2010-08-17 11:52:00,2011-11-07 09:24:00,True
17431,1,403.3,2011-01-30 14:36:00,2011-01-30 14:36:00,False
17432,9,1751.3899999999999,2009-12-03 19:13:00,2011-11-21 17:33:00,True
17433,2,569.96,2010-11-19 13:37:00,2011-09-12 14:24:00,True
17434,7,2373.82,2011-09-15 13:54:00,2011-12-07 13:16:00,True
17435,1,331.35,2010-10-24 13:55:00,2010-10-24 13:55:00,False
17436,5,534.06,2009-12-07 12:31:00,2011-12-08 12:30:00,True
17437,1,373.17,2010-06-28 11:11:00,2010-06-28 11:11:00,False
17438,5,1422.77,2010-03-08 16:53:00,2011-03-31 10:26:00,True
17439,1,325.74,2010-02-22 12:48:00,2010-02-22 12:48:00,False
17440,4,323.58,2010-06-08 14:40:00,2011-07-06 11:54:00,True
17441,1,293.35,2009-12-07 13:32:00,2009-12-07 13:32:00,False
17442,15,4620.3,2010-02-15 15:54:00,2011-11-03 09:17:00,True
17443,1,534.24,2011-05-04 10:47:00,2011-05-04 10:47:00,False
17444,3,2940.04,2011-06-20 09:04:00,2011-07-15 12:05:00,True
17446,2,120.9,2011-02-02 14:40:00,2011-06-16 10:42:00,True
17447,2,541.53,2011-09-29 10:10:00,2011-10-30 14:18:00,True
17448,46,14556.97,2010-03-04 17:29:00,2010-07-30 14:07:00,True
17449,13,4951.15,2009-12-09 14:16:00,2011-12-07 16:56:00,True
17450,51,246973.09,2010-09-27 16:59:00,2011-12-01 13:29:00,True
17451,7,1721.4,2011-08-26 11:54:00,2011-12-08 15:02:00,True
17453,2,486.7199999999999,2011-10-06 17:02:00,2011-11-22 09:42:00,True
17454,10,1547.94,2010-01-15 15:40:00,2011-05-31 13:58:00,True
17455,1,131.7,2011-05-20 12:31:00,2011-05-20 12:31:00,False
17456,2,1225.42,2010-09-09 15:28:00,2010-12-09 15:23:00,True
17457,14,5984.8099999999995,2009-12-07 14:52:00,2011-08-05 12:48:00,True
17458,2,529.58,2010-11-23 11:43:00,2011-11-24 13:01:00,True
17459,2,657.3,2011-10-10 17:00:00,2011-10-27 13:25:00,True
17460,16,2228.27,2010-01-22 13:25:00,2011-09-06 15:04:00,True
17461,3,757.46,2011-11-10 12:01:00,2011-11-17 10:21:00,True
17462,2,675.6899999999999,2011-02-28 17:01:00,2011-10-10 13:56:00,True
17463,7,2557.91,2010-04-29 17:57:00,2011-11-23 13:40:00,True
17464,3,1000.94,2010-03-30 13:15:00,2011-07-04 13:19:00,True
17465,7,2542.79,2009-12-03 13:25:00,2010-10-10 11:56:00,True
17466,2,763.28,2011-09-22 09:16:00,2011-11-29 13:15:00,True
17467,1,102.6,2010-11-09 12:58:00,2010-11-09 12:58:00,False
17468,3,194.8,2010-11-29 17:25:00,2011-11-29 15:33:00,True
17469,17,5051.25,2009-12-16 15:06:00,2011-11-23 13:15:00,True
17470,11,2804.87,2010-07-19 16:16:00,2011-10-26 12:42:00,True
17471,1,321.65000000000003,2010-08-22 11:53:00,2010-08-22 11:53:00,False
17472,4,935.0999999999999,2010-03-21 13:27:00,2011-06-01 14:57:00,True
17473,2,607.0,2010-09-09 19:03:00,2010-10-27 11:45:00,True
17474,1,1047.0,2010-04-19 10:43:00,2010-04-19 10:43:00,False
17475,1,194.37,2011-09-21 14:55:00,2011-09-21 14:55:00,False
17476,2,489.86,2009-12-02 12:09:00,2010-11-09 10:21:00,True
17477,2,1144.3,2010-03-02 11:53:00,2010-04-06 10:06:00,True
17478,2,1272.8000000000002,2010-03-16 14:19:00,2010-10-27 15:01:00,True
17479,1,389.26000000000005,2010-03-17 09:26:00,2010-03-17 09:26:00,False
17480,2,902.03,2010-09-21 12:31:00,2011-09-23 11:39:00,True
17481,4,1255.59,2011-09-07 09:57:00,2011-12-06 12:28:00,True
17482,2,778.19,2010-05-10 14:10:00,2010-08-09 15:33:00,True
17483,4,591.73,2010-10-21 12:43:00,2011-10-05 13:10:00,True
17484,2,209.57,2010-03-25 16:17:00,2010-05-12 15:41:00,True
17486,1,396.87,2011-03-23 14:00:00,2011-03-23 14:00:00,False
17487,1,160.55,2009-12-11 15:06:00,2009-12-11 15:06:00,False
17488,1,336.5,2010-03-08 14:07:00,2010-03-08 14:07:00,False
17489,2,376.64,2011-05-11 11:34:00,2011-10-12 08:56:00,True
17490,9,2750.5,2010-05-19 12:40:00,2011-12-09 09:08:00,True
17491,17,5981.07,2010-04-28 11:57:00,2011-12-08 16:18:00,True
17492,3,1122.42,2010-07-09 13:27:00,2011-04-05 15:21:00,True
17493,1,100.91000000000001,2010-11-19 16:57:00,2010-11-19 16:57:00,False
17494,1,54.699999999999996,2010-07-26 10:06:00,2010-07-26 10:06:00,False
17495,3,806.72,2010-11-14 11:50:00,2011-12-02 12:08:00,True
17496,4,1412.89,2010-01-14 13:36:00,2010-12-16 08:39:00,True
17497,2,287.25,2010-04-08 08:01:00,2010-11-14 14:17:00,True
17498,1,272.22,2011-09-25 12:25:00,2011-09-25 12:25:00,False
17499,2,1341.3899999999999,2010-05-27 09:59:00,2011-02-23 09:14:00,True
17500,3,1138.0,2011-11-10 09:08:00,2011-11-22 14:25:00,True
17501,2,288.6,2011-05-03 09:46:00,2011-05-03 09:47:00,True
17502,4,689.1,2011-11-10 16:39:00,2011-11-30 13:13:00,True
17503,2,558.96,2011-11-01 11:12:00,2011-12-07 09:18:00,True
17504,18,9565.12,2010-02-08 09:22:00,2011-05-17 12:59:00,True
17505,5,2435.48,2010-04-13 16:33:00,2011-07-01 12:50:00,True
17506,1,302.2,2011-09-25 11:39:00,2011-09-25 11:39:00,False
17507,2,605.5799999999999,2011-02-03 18:08:00,2011-03-23 11:48:00,True
17508,8,4579.23,2009-12-07 11:46:00,2011-03-04 08:10:00,True
17509,8,6115.14,2011-10-07 13:14:00,2011-10-13 10:26:00,True
17510,2,514.56,2010-10-15 10:20:00,2011-11-15 10:00:00,True
17511,60,175603.55,2009-12-02 10:52:00,2011-12-07 10:12:00,True
17512,18,5467.82,2009-12-10 19:35:00,2011-11-11 12:11:00,True
17513,3,1158.8000000000002,2010-08-17 15:08:00,2011-09-28 16:42:00,True
17514,2,542.83,2010-02-08 14:00:00,2011-08-03 15:45:00,True
17515,9,1617.46,2010-06-07 13:29:00,2011-11-08 14:04:00,True
17516,6,957.55,2010-11-26 12:50:00,2011-11-24 16:51:00,True
17517,1,153.94,2011-02-04 11:48:00,2011-02-04 11:48:00,False
17518,2,329.42,2010-03-28 13:31:00,2010-10-10 12:40:00,True
17519,15,5109.47,2009-12-01 09:57:00,2011-11-22 16:43:00,True
17520,1,546.81,2011-10-17 12:04:00,2011-10-17 12:04:00,False
17521,5,1278.06,2010-10-01 11:49:00,2011-11-10 11:22:00,True
17522,5,1070.71,2011-05-05 16:31:00,2011-12-08 12:31:00,True
17523,4,652.74,2011-11-20 13:40:00,2011-11-28 13:20:00,True
17524,3,539.14,2010-09-27 16:20:00,2010-12-13 14:32:00,True
17525,3,1161.9,2010-10-07 09:12:00,2010-12-15 12:05:00,True
17526,12,4166.04,2009-12-17 16:18:00,2011-12-05 11:05:00,True
17527,4,939.37,2011-05-05 13:43:00,2011-10-17 12:32:00,True
17528,8,3628.5,2011-09-29 13:04:00,2011-12-08 13:27:00,True
17529,2,1240.25,2010-01-11 12:29:00,2010-04-08 17:51:00,True
17530,12,3141.5099999999998,2009-12-06 16:17:00,2011-12-08 18:42:00,True
17531,3,1266.82,2010-03-31 12:57:00,2011-06-02 19:17:00,True
17532,1,65.34,2010-11-19 08:13:00,2010-11-19 08:13:00,False
17533,1,34.8,2010-10-01 09:14:00,2010-10-01 09:14:00,False
17534,5,1668.83,2010-02-25 16:55:00,2011-10-17 12:47:00,True
17535,1,164.4,2011-03-04 15:20:00,2011-03-04 15:20:00,False
17536,3,364.83000000000004,2010-01-26 12:00:00,2011-06-15 13:23:00,True
17537,2,897.6200000000001,2011-02-09 13:37:00,2011-11-10 10:56:00,True
17538,1,98.42,2011-11-14 12:12:00,2011-11-14 12:12:00,False
17539,4,1226.5700000000002,2009-12-13 12:36:00,2010-04-01 12:07:00,True
17540,6,1590.6000000000001,2010-04-19 09:47:00,2011-11-15 11:56:00,True
17541,1,124.46,2010-07-18 11:36:00,2010-07-18 11:36:00,False
17542,3,341.70000000000005,2010-03-08 12:08:00,2011-03-15 11:45:00,True
17543,1,120.05,2010-06-08 12:41:00,2010-06-08 12:41:00,False
17544,3,960.69,2010-11-14 14:47:00,2010-11-14 15:08:00,True
17545,6,1448.54,2010-05-11 10:04:00,2011-10-27 14:04:00,True
17547,2,727.85,2010-02-12 14:34:00,2010-11-29 09:41:00,True
17548,4,731.26,2010-11-08 16:19:00,2011-04-20 12:01:00,True
17549,2,148.85999999999999,2011-10-19 10:05:00,2011-11-16 09:59:00,True
17550,9,2547.64,2010-02-07 15:07:00,2011-05-26 14:09:00,True
17551,1,306.84,2010-12-15 14:12:00,2010-12-15 14:12:00,False
17552,12,3085.29,2010-03-22 09:19:00,2011-10-10 17:00:00,True
17553,4,3757.6,2010-04-08 09:44:00,2011-08-02 10:00:00,True
17554,5,1952.45,2011-07-14 20:01:00,2011-12-08 14:15:00,True
17555,5,1057.74,2010-05-02 16:02:00,2011-11-20 12:22:00,True
17556,2,300.67,2010-11-25 17:00:00,2011-05-18 10:48:00,True
17557,4,575.46,2009-12-07 10:15:00,2011-11-25 12:57:00,True
17558,1,259.17,2010-11-11 14:36:00,2010-11-11 14:36:00,False
17559,1,167.62,2010-07-15 12:02:00,2010-07-15 12:02:00,False
17560,8,1895.8,2010-02-17 12:11:00,2011-09-06 09:18:00,True
17561,4,722.3399999999999,2009-12-06 13:29:00,2011-11-20 12:53:00,True
17562,7,1122.38,2011-06-19 13:06:00,2011-11-25 14:21:00,True
17563,2,392.38,2010-04-07 10:02:00,2010-05-10 14:54:00,True
17564,3,454.01,2011-09-20 14:00:00,2011-11-15 13:27:00,True
17565,1,131.83,2010-05-02 11:54:00,2010-05-02 11:54:00,False
17566,2,901.21,2011-11-14 13:42:00,2011-12-01 19:54:00,True
17567,9,5356.03,2010-09-24 10:48:00,2011-12-02 15:48:00,True
17568,1,382.79,2010-03-16 16:45:00,2010-03-16 16:45:00,False
17569,1,344.14,2011-01-11 14:15:00,2011-01-11 14:15:00,False
17570,1,100.0,2010-11-23 11:56:00,2010-11-23 11:56:00,False
17571,5,1703.75,2010-06-15 12:50:00,2011-10-20 15:57:00,True
17572,10,723.0100000000001,2009-12-15 10:00:00,2011-09-29 17:53:00,True
17573,3,380.6,2011-09-07 10:36:00,2011-11-10 13:01:00,True
17574,1,185.65,2011-04-11 09:47:00,2011-04-11 09:47:00,False
17575,1,171.7,2010-02-10 13:48:00,2010-02-10 13:48:00,False
17576,41,9056.81,2009-12-03 16:54:00,2011-12-01 17:56:00,True
17577,2,348.75,2010-02-09 10:10:00,2010-03-04 13:01:00,True
17578,7,1047.33,2010-06-28 11:55:00,2011-05-05 18:38:00,True
17579,4,753.28,2010-05-10 14:28:00,2011-12-05 12:28:00,True
17580,5,545.27,2010-10-13 14:28:00,2011-04-01 12:41:00,True
17581,43,18757.75,2009-12-03 12:34:00,2011-12-09 12:21:00,True
17582,5,1450.7,2010-03-26 12:23:00,2011-04-17 13:18:00,True
17583,1,135.95,2010-05-28 14:24:00,2010-05-28 14:24:00,False
17584,6,5309.42,2010-01-25 08:17:00,2011-12-02 17:12:00,True
17585,7,2093.3,2010-08-18 16:39:00,2011-08-22 13:30:00,True
17586,1,167.4,2010-03-30 13:12:00,2010-03-30 13:12:00,False
17587,1,181.66,2010-03-21 14:16:00,2010-03-21 14:16:00,False
17588,7,2939.55,2010-03-12 12:34:00,2011-08-31 13:37:00,True
17589,18,14049.869999999999,2010-03-07 13:48:00,2011-10-10 16:58:00,True
17590,3,1479.22,2011-10-30 14:05:00,2011-12-07 12:55:00,True
17591,8,2776.67,2010-01-17 16:09:00,2011-09-27 13:42:00,True
17592,1,148.3,2009-12-01 10:49:00,2009-12-01 10:49:00,False
17593,11,8095.8,2009-12-04 14:35:00,2011-12-06 10:30:00,True
17594,4,2497.88,2010-04-14 08:53:00,2011-09-15 16:34:00,True
17595,2,388.78999999999996,2011-11-02 16:19:00,2011-11-27 16:08:00,True
17596,13,4920.67,2009-12-15 13:21:00,2011-11-16 14:11:00,True
17597,5,3484.09,2010-05-05 15:33:00,2011-05-10 11:54:00,True
17598,1,409.98,2010-11-23 17:43:00,2010-11-23 17:43:00,False
17599,1,52.05,2010-08-19 12:50:00,2010-08-19 12:50:00,False
17600,1,161.67000000000002,2011-11-22 09:43:00,2011-11-22 09:43:00,False
17601,2,421.47999999999996,2010-11-24 14:29:00,2011-04-14 18:02:00,True
17602,14,7451.13,2010-03-30 17:25:00,2011-12-07 13:53:00,True
17603,4,1793.48,2009-12-10 09:44:00,2011-09-22 14:18:00,True
17604,6,945.9300000000001,2010-01-27 12:19:00,2011-05-06 13:43:00,True
17605,1,160.75,2010-04-28 14:45:00,2010-04-28 14:45:00,False
17606,1,87.30000000000001,2009-12-02 13:32:00,2009-12-02 13:32:00,False
17607,1,333.81,2010-11-28 13:11:00,2010-11-28 13:11:00,False
17608,4,498.53,2010-04-11 13:37:00,2011-11-06 13:06:00,True
17609,11,1894.34,2010-04-09 16:54:00,2011-10-30 12:28:00,True
17610,5,1529.49,2009-12-06 16:07:00,2010-06-17 16:34:00,True
17611,28,8371.98,2009-12-01 13:29:00,2011-12-02 13:29:00,True
17612,18,5394.86,2009-12-17 11:59:00,2011-10-17 14:59:00,True
17613,14,4559.150000000001,2011-02-07 11:20:00,2011-11-17 10:51:00,True
17614,1,390.07,2011-10-13 16:01:00,2011-10-13 16:01:00,False
17615,6,733.1999999999999,2010-08-11 12:54:00,2011-08-01 14:06:00,True
17616,4,1060.8,2010-09-14 10:43:00,2011-06-19 10:11:00,True
17617,1,395.33,2010-05-30 12:48:00,2010-05-30 12:48:00,False
17618,11,4073.24,2010-01-24 11:03:00,2011-12-04 11:50:00,True
17619,1,218.52,2011-01-31 14:18:00,2011-01-31 14:18:00,False
17620,1,81.44,2011-10-11 12:08:00,2011-10-11 12:08:00,False
17621,6,3175.12,2010-10-04 09:37:00,2011-11-18 17:11:00,True
17622,2,1130.21,2010-04-20 13:38:00,2010-04-21 12:36:00,True
17623,7,2383.67,2009-12-14 14:36:00,2011-11-07 11:32:00,True
17624,4,1568.63,2009-12-20 12:35:00,2011-11-25 10:52:00,True
17625,8,6067.8,2009-12-15 11:49:00,2011-11-21 13:36:00,True
17626,1,254.0,2010-04-16 12:15:00,2010-04-16 12:15:00,False
17627,1,296.36,2010-08-18 11:27:00,2010-08-18 11:27:00,False
17628,1,75.75,2011-09-19 15:21:00,2011-09-19 15:21:00,False
17629,10,2455.52,2010-10-14 13:35:00,2011-12-04 10:56:00,True
17630,2,503.6,2011-04-21 14:03:00,2011-06-23 11:58:00,True
17631,7,998.49,2009-12-09 14:15:00,2011-12-08 09:47:00,True
17633,7,2057.39,2010-11-15 14:55:00,2011-11-08 13:25:00,True
17634,9,2361.97,2011-01-06 12:45:00,2011-11-03 13:09:00,True
17635,3,1265.58,2010-04-28 10:51:00,2010-10-11 15:12:00,True
17636,1,285.56,2011-11-20 14:40:00,2011-11-20 14:40:00,False
17637,2,547.06,2011-08-16 13:25:00,2011-11-08 12:51:00,True
17638,2,842.4,2009-12-18 09:58:00,2010-03-02 14:32:00,True
17639,6,615.17,2010-08-13 11:59:00,2011-03-08 15:22:00,True
17640,6,3168.9399999999996,2010-03-23 09:15:00,2011-09-14 09:13:00,True
17642,5,1824.49,2009-12-05 16:01:00,2011-08-12 09:11:00,True
17643,2,541.25,2010-07-22 13:07:00,2010-12-01 14:38:00,True
17644,20,6028.6,2010-02-16 08:44:00,2011-12-08 13:43:00,True
17646,12,4149.79,2009-12-16 09:37:00,2011-05-04 13:17:00,True
17647,3,331.65999999999997,2010-02-08 14:39:00,2011-10-05 15:38:00,True
17648,5,2216.37,2010-11-19 16:41:00,2011-10-10 09:41:00,True
17649,3,1578.8899999999999,2010-08-24 13:01:00,2011-07-24 15:53:00,True
17650,1,166.08,2011-11-18 14:52:00,2011-11-18 14:52:00,False
17651,16,5703.52,2010-07-01 12:17:00,2011-11-28 10:29:00,True
17652,12,4867.72,2011-03-03 14:05:00,2011-11-14 12:55:00,True
17653,4,1207.5600000000002,2011-08-11 15:24:00,2011-11-03 12:46:00,True
17654,1,117.55,2011-03-07 13:17:00,2011-03-07 13:17:00,False
17655,9,3652.48,2010-10-19 10:20:00,2011-11-29 11:34:00,True
17656,5,1674.69,2011-08-03 10:45:00,2011-09-27 13:04:00,True
17657,1,126.0,2010-10-05 14:52:00,2010-10-05 14:52:00,False
17658,2,595.42,2011-05-12 15:23:00,2011-11-14 12:07:00,True
17659,14,3834.79,2010-11-18 14:20:00,2011-11-22 13:29:00,True
17660,2,359.47,2009-12-02 16:02:00,2011-07-21 13:37:00,True
17662,2,412.92,2009-12-17 09:54:00,2010-02-16 09:38:00,True
17663,17,5175.83,2010-03-04 11:42:00,2011-11-14 08:56:00,True
17664,4,1166.23,2010-03-29 17:17:00,2011-11-21 11:29:00,True
17665,1,563.1,2010-08-03 13:12:00,2010-08-03 13:12:00,False
17666,5,2047.8,2010-06-30 12:03:00,2011-12-06 09:06:00,True
17667,9,3950.7,2010-02-23 09:57:00,2011-10-04 14:32:00,True
17668,2,347.75,2011-11-01 14:45:00,2011-12-08 13:25:00,True
17669,10,6142.35,2010-04-01 18:48:00,2011-10-28 08:53:00,True
17670,1,205.7,2011-04-26 09:12:00,2011-04-26 09:12:00,False
17671,5,2403.34,2010-11-29 11:53:00,2011-11-24 12:21:00,True
17672,7,5778.63,2010-01-26 17:20:00,2011-10-20 14:18:00,True
17673,13,4233.58,2010-03-19 14:02:00,2011-12-08 12:50:00,True
17674,2,851.7,2010-12-06 10:20:00,2011-09-26 13:35:00,True
17675,70,38259.6,2009-12-10 16:10:00,2011-12-08 18:03:00,True
17676,10,2765.84,2010-03-30 10:49:00,2011-12-05 15:16:00,True
17677,54,36692.91,2009-12-16 11:23:00,2011-12-08 09:56:00,True
17678,2,599.76,2010-04-15 13:54:00,2011-03-21 11:52:00,True
17679,7,3577.61,2009-12-03 17:32:00,2011-10-18 07:43:00,True
17680,3,497.45000000000005,2010-07-16 16:07:00,2011-11-16 12:42:00,True
17681,5,731.2,2010-01-15 11:53:00,2010-04-21 17:22:00,True
17682,11,4456.78,2010-03-08 09:49:00,2011-11-29 15:59:00,True
17683,3,819.01,2010-06-03 17:15:00,2010-11-19 10:11:00,True
17684,1,239.41,2011-10-27 11:10:00,2011-10-27 11:10:00,False
17685,12,5943.17,2010-02-11 13:44:00,2011-11-23 11:36:00,True
17686,9,8296.81,2010-06-24 09:49:00,2011-12-02 15:39:00,True
17687,1,432.68,2010-10-15 12:30:00,2010-10-15 12:30:00,False
17688,1,304.2,2010-11-11 10:41:00,2010-11-11 10:41:00,False
17689,2,317.08000000000004,2010-08-22 13:54:00,2010-11-16 13:22:00,True
17690,20,7448.1,2010-02-03 14:26:00,2011-11-09 15:17:00,True
17691,4,780.05,2010-06-11 11:50:00,2010-12-16 17:20:00,True
17692,12,2975.7999999999997,2010-06-17 11:14:00,2011-08-04 14:01:00,True
17693,1,200.47,2011-07-25 15:48:00,2011-07-25 15:48:00,False
17694,3,1695.97,2010-05-26 08:27:00,2011-07-21 12:00:00,True
17695,5,1746.04,2010-01-28 09:27:00,2011-07-31 10:40:00,True
17696,27,7679.59,2009-12-10 17:09:00,2011-11-01 13:43:00,True
17697,1,338.95,2011-04-17 15:40:00,2011-04-17 15:40:00,False
17698,1,154.95,2011-03-24 11:34:00,2011-03-24 11:34:00,False
17699,2,442.0,2010-05-27 11:53:00,2010-08-20 09:39:00,True
17700,14,6679.97,2009-12-01 11:37:00,2011-11-23 11:51:00,True
17701,1,417.95,2011-04-01 12:25:00,2011-04-01 12:25:00,False
17702,6,3144.04,2010-11-04 12:09:00,2011-11-09 16:03:00,True
17703,4,1094.84,2010-10-17 16:16:00,2011-11-04 15:51:00,True
17704,2,885.19,2011-04-14 09:28:00,2011-06-24 09:40:00,True
17705,11,2083.9,2010-05-12 09:47:00,2011-12-06 13:45:00,True
17706,31,20749.98,2010-01-19 12:13:00,2011-12-05 13:34:00,True
17707,8,609.3000000000001,2009-12-07 12:19:00,2011-06-07 15:03:00,True
17708,4,887.9300000000001,2010-10-12 12:13:00,2011-06-05 10:12:00,True
17709,5,671.01,2010-04-15 14:48:00,2011-06-23 11:55:00,True
17710,1,293.5,2010-10-12 07:49:00,2010-10-12 07:49:00,False
17711,2,385.1,2011-02-23 11:32:00,2011-11-29 11:40:00,True
17712,1,522.91,2011-10-26 12:28:00,2011-10-26 12:28:00,False
17713,4,1198.0900000000001,2010-06-09 09:33:00,2010-11-22 16:50:00,True
17714,5,1410.18,2010-07-14 10:41:00,2011-01-23 10:32:00,True
17715,2,489.59999999999997,2010-04-26 12:17:00,2011-05-23 12:32:00,True
17716,24,15956.97,2009-12-02 17:18:00,2011-11-17 12:00:00,True
17717,1,376.92,2010-10-14 12:54:00,2010-10-14 12:54:00,False
17718,2,439.17999999999995,2010-03-05 08:01:00,2011-04-21 13:39:00,True
17719,15,5396.04,2011-03-29 11:29:00,2011-11-02 10:36:00,True
17720,10,2768.91,2010-05-10 09:58:00,2011-11-13 15:04:00,True
17721,1,307.21000000000004,2010-02-18 15:18:00,2010-02-18 15:18:00,False
17722,5,4430.360000000001,2010-11-29 09:44:00,2011-09-04 15:22:00,True
17723,7,3378.4000000000005,2010-11-29 10:35:00,2011-08-04 18:37:00,True
17724,3,1033.0,2011-07-24 13:26:00,2011-09-29 15:26:00,True
17725,11,3439.08,2011-03-17 19:47:00,2011-11-23 16:34:00,True
17726,7,1092.0600000000002,2010-01-26 14:58:00,2010-11-09 13:37:00,True
17727,1,1060.25,2011-11-24 17:06:00,2011-11-24 17:06:00,False
17728,5,4238.76,2010-09-12 14:58:00,2011-12-06 08:52:00,True
17729,1,438.65000000000003,2010-04-22 15:03:00,2010-04-22 15:03:00,False
17730,20,7773.8,2010-04-29 11:48:00,2011-12-06 15:43:00,True
17731,6,1708.99,2010-02-09 12:37:00,2011-09-21 15:02:00,True
17732,8,2470.3900000000003,2010-08-09 08:41:00,2010-12-02 09:29:00,True
17733,2,692.19,2011-03-23 09:54:00,2011-11-01 08:16:00,True
17734,6,1442.3200000000002,2010-03-07 13:55:00,2011-10-17 12:33:00,True
17735,26,17244.93,2010-07-30 13:25:00,2011-12-07 16:47:00,True
17736,3,377.44,2011-08-18 14:33:00,2011-11-30 15:36:00,True
17737,2,168.24,2011-10-12 14:42:00,2011-11-30 15:16:00,True
17738,13,4183.5599999999995,2010-03-19 10:07:00,2011-11-20 15:05:00,True
17739,18,7730.59,2009-12-07 10:48:00,2011-11-28 09:12:00,True
17740,6,426.9,2010-01-11 13:11:00,2010-11-15 16:33:00,True
17741,2,101.10000000000001,2010-05-28 12:11:00,2010-10-29 11:59:00,True
17742,11,2098.48,2009-12-01 13:16:00,2011-08-18 15:28:00,True
17743,1,229.2,2010-09-17 14:54:00,2010-09-17 14:54:00,False
17744,7,2649.14,2010-11-24 09:34:00,2011-12-06 12:11:00,True
17745,2,600.34,2010-06-02 09:03:00,2010-08-19 12:30:00,True
17746,4,904.1800000000001,2010-04-08 12:54:00,2011-04-13 14:31:00,True
17747,1,71.4,2011-08-19 08:13:00,2011-08-19 08:13:00,False
17748,1,358.15,2010-06-30 13:49:00,2010-06-30 13:49:00,False
17749,3,1026.18,2010-06-11 14:56:00,2011-06-14 15:45:00,True
17750,9,1797.57,2011-06-28 15:44:00,2011-12-04 14:09:00,True
17751,1,157.85999999999999,2010-10-14 13:57:00,2010-10-14 13:57:00,False
17752,1,80.64,2010-12-15 16:19:00,2010-12-15 16:19:00,False
17753,4,390.55999999999995,2010-01-06 14:20:00,2010-09-01 15:49:00,True
17754,13,4577.53,2009-12-11 15:52:00,2011-12-09 11:20:00,True
17756,3,733.7,2010-11-10 12:54:00,2010-11-29 12:20:00,True
17757,56,9422.45,2010-01-13 15:56:00,2011-12-08 15:31:00,True
17758,12,5012.53,2010-05-20 13:18:00,2011-11-20 14:45:00,True
17759,5,1276.9099999999999,2010-05-05 11:40:00,2011-11-22 16:02:00,True
17760,6,918.93,2010-02-28 12:15:00,2011-11-18 10:56:00,True
17761,1,712.78,2011-11-07 10:23:00,2011-11-07 10:23:00,False
17762,1,129.75,2010-09-09 17:40:00,2010-09-09 17:40:00,False
17763,4,86.15,2010-02-18 14:32:00,2011-03-21 14:25:00,True
17764,5,1623.64,2009-12-03 14:28:00,2011-10-20 11:03:00,True
17765,4,530.8,2010-09-17 12:45:00,2011-07-04 12:41:00,True
17766,2,299.61,2010-11-23 14:17:00,2010-11-23 14:29:00,True
17767,2,413.04999999999995,2010-10-25 16:22:00,2011-11-24 14:42:00,True
17768,7,3509.51,2009-12-02 12:26:00,2011-12-01 13:22:00,True
17769,17,7103.08,2010-01-19 11:33:00,2011-11-27 11:18:00,True
17770,5,1143.27,2011-03-02 13:35:00,2011-05-25 12:34:00,True
17771,4,387.40999999999997,2010-04-29 13:21:00,2011-10-14 11:43:00,True
17772,3,384.77,2010-11-12 11:31:00,2011-11-29 11:05:00,True
17773,2,585.27,2010-01-18 14:32:00,2010-07-13 14:07:00,True
17774,9,3328.05,2010-02-08 16:06:00,2011-09-04 12:49:00,True
17775,1,56.4,2011-03-30 10:50:00,2011-03-30 10:50:00,False
17776,2,338.56,2009-12-16 14:59:00,2010-11-18 12:14:00,True
17777,3,665.86,2011-08-31 14:35:00,2011-11-15 12:02:00,True
17778,1,197.70000000000002,2010-02-16 12:44:00,2010-02-16 12:44:00,False
17779,3,658.5699999999999,2011-07-19 12:19:00,2011-11-18 14:15:00,True
17780,3,352.90999999999997,2010-01-24 11:21:00,2010-02-10 13:43:00,True
17781,2,188.01999999999998,2011-03-31 19:54:00,2011-07-03 16:00:00,True
17782,2,679.02,2010-11-22 10:03:00,2010-11-22 11:15:00,True
17783,3,379.90999999999997,2010-07-15 12:50:00,2011-09-28 16:07:00,True
17784,1,112.86,2010-06-07 16:08:00,2010-06-07 16:08:00,False
17785,3,403.38,2010-05-23 13:01:00,2011-10-17 13:43:00,True
17786,2,278.74,2011-01-26 14:35:00,2011-09-15 12:51:00,True
17787,4,2601.47,2010-12-03 13:43:00,2011-07-10 11:24:00,True
17788,2,1117.9,2011-08-02 10:38:00,2011-09-27 10:09:00,True
17789,2,397.15,2010-02-16 13:16:00,2011-03-03 13:14:00,True
17790,20,2783.61,2010-06-13 13:30:00,2011-11-13 11:30:00,True
17791,1,106.1,2011-11-10 12:09:00,2011-11-10 12:09:00,False
17792,2,370.05,2010-08-18 13:08:00,2010-08-29 14:30:00,True
17793,1,323.04,2011-11-14 14:24:00,2011-11-14 14:24:00,False
17794,2,147.3,2010-01-20 12:17:00,2010-01-22 10:18:00,True
17795,2,350.39,2011-03-20 12:02:00,2011-06-13 12:36:00,True
17796,7,1361.99,2010-10-14 13:37:00,2011-10-30 15:38:00,True
17797,8,1985.8700000000001,2009-12-15 14:30:00,2011-11-17 13:21:00,True
17798,1,183.09,2010-05-07 11:42:00,2010-05-07 11:42:00,False
17799,20,6341.889999999999,2009-12-13 16:03:00,2011-11-17 15:16:00,True
17800,9,1199.01,2011-01-09 13:50:00,2011-11-02 12:57:00,True
17801,3,798.3299999999999,2010-01-17 11:31:00,2010-09-14 14:32:00,True
17802,10,5053.12,2009-12-13 13:39:00,2011-09-18 14:56:00,True
17803,1,184.66,2010-11-12 13:53:00,2010-11-12 13:53:00,False
17804,3,385.23,2009-12-01 12:22:00,2010-11-28 14:01:00,True
17805,2,927.03,2010-04-08 14:36:00,2011-09-27 11:49:00,True
17806,1,546.04,2011-11-28 14:12:00,2011-11-28 14:12:00,False
17807,3,437.87,2010-01-04 14:00:00,2010-11-09 16:21:00,True
17808,4,262.64,2010-05-07 16:26:00,2010-06-09 10:44:00,True
17809,20,11337.39,2009-12-02 14:52:00,2011-11-23 12:59:00,True
17810,2,374.81,2010-01-25 10:26:00,2010-02-09 10:47:00,True
17811,47,9609.8,2010-09-20 11:24:00,2011-12-05 13:46:00,True
17812,7,1165.8899999999999,2010-06-27 13:34:00,2011-11-27 11:47:00,True
17813,5,1770.88,2011-09-29 15:57:00,2011-11-25 16:13:00,True
17814,2,1617.3200000000002,2010-10-13 14:03:00,2010-11-29 14:21:00,True
17815,1,591.96,2010-11-11 14:39:00,2010-11-11 14:39:00,False
17816,6,112.32000000000001,2009-12-15 15:27:00,2011-11-03 11:34:00,True
17817,6,807.85,2010-10-13 15:07:00,2011-12-05 14:39:00,True
17818,1,130.18,2009-12-02 11:34:00,2009-12-02 11:34:00,False
17819,12,6612.52,2009-12-13 15:24:00,2011-09-29 10:52:00,True
17820,1,183.56,2010-11-30 17:43:00,2010-11-30 17:43:00,False
17821,1,334.62,2010-10-29 13:20:00,2010-10-29 13:20:00,False
17822,5,2188.5,2010-05-28 12:15:00,2010-10-15 13:47:00,True
17823,2,494.25,2010-10-14 16:14:00,2010-10-14 16:24:00,True
17824,1,298.4,2011-10-19 14:14:00,2011-10-19 14:14:00,False
17825,4,731.96,2009-12-14 12:09:00,2010-04-20 12:01:00,True
17826,1,134.59,2010-11-30 13:23:00,2010-11-30 13:23:00,False
17827,6,2388.0499999999997,2010-03-28 12:20:00,2011-12-04 15:00:00,True
17828,4,1820.09,2011-06-08 08:31:00,2011-11-17 08:41:00,True
17829,5,4756.74,2010-02-22 15:39:00,2011-02-14 12:46:00,True
17830,3,398.7,2011-02-24 10:15:00,2011-12-08 12:28:00,True
17831,1,35.400000000000006,2011-11-06 15:09:00,2011-11-06 15:09:00,False
17832,1,155.37,2011-10-21 11:43:00,2011-10-21 11:43:00,False
17833,1,342.36,2009-12-16 13:40:00,2009-12-16 13:40:00,False
17834,2,730.47,2010-09-20 15:32:00,2010-10-21 12:09:00,True
17835,3,350.64,2011-11-16 16:30:00,2011-12-07 11:48:00,True
17836,1,110.21000000000001,2011-10-23 16:13:00,2011-10-23 16:13:00,False
17837,8,1593.38,2011-06-29 16:44:00,2011-10-28 16:13:00,True
17838,13,6722.900000000001,2010-03-19 09:53:00,2011-11-13 11:20:00,True
17839,1,338.8,2011-10-28 17:27:00,2011-10-28 17:27:00,False
17840,1,185.72,2010-09-22 12:24:00,2010-09-22 12:24:00,False
17841,211,70884.07,2009-12-02 15:41:00,2011-12-08 12:07:00,True
17842,1,430.69,2010-04-16 14:23:00,2010-04-16 14:23:00,False
17843,2,326.23,2010-10-24 10:56:00,2011-02-09 15:33:00,True
17844,1,51.559999999999995,2011-08-25 11:27:00,2011-08-25 11:27:00,False
17845,4,598.19,2010-05-12 13:04:00,2010-06-02 15:20:00,True
17846,1,2033.1,2011-09-15 15:20:00,2011-09-15 15:20:00,False
17847,2,129.69,2010-03-04 12:57:00,2010-07-12 10:00:00,True
17848,30,3650.9,2009-12-06 13:19:00,2011-09-19 16:49:00,True
17849,8,1063.76,2010-03-14 15:17:00,2011-05-05 13:46:00,True
17850,155,56600.08,2009-12-05 12:28:00,2010-12-02 15:27:00,True
17851,6,1563.3400000000001,2009-12-03 17:46:00,2010-10-13 15:13:00,True
17852,5,663.21,2009-12-08 12:51:00,2011-11-28 12:36:00,True
17853,3,1608.19,2009-12-03 15:09:00,2010-10-28 15:29:00,True
17854,6,1071.45,2009-12-08 11:13:00,2011-06-07 16:21:00,True
17855,1,417.94,2010-12-02 09:44:00,2010-12-02 09:44:00,False
17856,4,1418.03,2011-03-03 11:40:00,2011-12-08 09:40:00,True
17857,24,28682.239999999998,2010-03-08 12:09:00,2011-12-05 13:13:00,True
17858,30,12797.65,2009-12-06 15:41:00,2011-12-04 11:56:00,True
17859,1,148.21,2011-02-08 10:32:00,2011-02-08 10:32:00,False
17860,4,1015.54,2009-12-11 16:48:00,2010-12-06 12:41:00,True
17861,18,5127.69,2009-12-10 11:27:00,2011-12-06 16:21:00,True
17862,4,1279.0900000000001,2010-05-25 17:22:00,2011-01-20 12:23:00,True
17863,12,5745.2,2010-02-25 12:01:00,2011-10-11 13:45:00,True
17864,5,924.32,2010-10-08 11:49:00,2011-11-27 11:15:00,True
17865,46,26374.39,2009-12-01 10:49:00,2011-11-09 12:08:00,True
17866,3,1134.95,2009-12-14 16:01:00,2011-07-20 11:07:00,True
17867,15,1621.28,2009-12-02 13:39:00,2011-11-09 14:15:00,True
17868,1,234.65,2010-11-18 18:55:00,2010-11-18 18:55:00,False
17869,7,1036.1599999999999,2010-06-10 13:47:00,2011-08-24 16:16:00,True
17870,13,3108.1499999999996,2010-11-23 11:39:00,2011-12-07 15:07:00,True
17871,5,1118.99,2010-01-15 14:48:00,2011-05-19 11:32:00,True
17872,1,235.87,2010-11-23 12:02:00,2010-11-23 12:02:00,False
17873,18,6515.88,2009-12-16 15:11:00,2011-09-20 16:41:00,True
17874,6,683.46,2011-03-29 11:25:00,2011-06-07 12:54:00,True
17875,1,167.1,2010-01-20 15:30:00,2010-01-20 15:30:00,False
17876,3,3424.02,2010-02-02 13:00:00,2010-11-05 10:52:00,True
17877,1,237.61,2011-06-22 13:00:00,2011-06-22 13:00:00,False
17878,3,1412.33,2010-11-09 13:50:00,2011-10-27 11:24:00,True
17879,1,178.51999999999998,2011-06-19 12:36:00,2011-06-19 12:36:00,False
17880,3,824.9200000000001,2009-12-09 16:13:00,2010-12-10 10:21:00,True
17881,1,133.35000000000002,2011-02-08 17:16:00,2011-02-08 17:16:00,False
17882,2,313.46,2010-11-25 14:35:00,2010-11-25 14:40:00,True
17883,7,995.85,2010-02-25 20:07:00,2011-12-06 17:49:00,True
17884,20,3072.89,2009-12-04 16:23:00,2011-12-06 11:33:00,True
17885,1,190.19,2011-11-27 14:40:00,2011-11-27 14:40:00,False
17886,6,1608.38,2010-04-29 11:10:00,2011-11-08 10:09:00,True
17887,1,111.35,2011-08-02 17:29:00,2011-08-02 17:29:00,False
17888,25,1820.44,2009-12-21 16:34:00,2011-11-18 13:45:00,True
17889,7,774.87,2010-03-31 10:54:00,2011-05-11 16:26:00,True
17890,2,602.0899999999999,2010-12-13 15:12:00,2011-01-21 11:19:00,True
17891,1,203.85999999999999,2011-06-30 20:08:00,2011-06-30 20:08:00,False
17892,3,244.1,2011-07-07 12:56:00,2011-10-14 16:49:00,True
17893,1,112.25,2011-04-28 13:50:00,2011-04-28 13:50:00,False
17894,18,2453.38,2010-08-27 14:13:00,2011-09-29 09:23:00,True
17895,1,98.0,2011-10-26 17:00:00,2011-10-26 17:00:00,False
17896,1,256.32,2011-11-16 13:59:00,2011-11-16 13:59:00,False
17897,9,2585.0,2010-05-12 16:03:00,2011-06-20 11:23:00,True
17898,4,299.18,2010-05-21 17:22:00,2011-09-15 14:56:00,True
17899,1,155.8,2011-07-03 14:58:00,2011-07-03 14:58:00,False
17900,2,112.19999999999999,2011-06-02 14:28:00,2011-06-02 14:38:00,True
17901,3,260.08,2010-07-06 10:54:00,2011-11-10 17:29:00,True
17902,1,216.39999999999998,2010-06-11 12:25:00,2010-06-11 12:25:00,False
17903,1,381.09000000000003,2010-11-10 15:39:00,2010-11-10 15:39:00,False
17904,1,191.67,2011-11-18 12:57:00,2011-11-18 12:57:00,False
17905,13,2383.52,2010-01-28 17:54:00,2011-09-29 17:33:00,True
17906,1,72.9,2011-04-06 17:25:00,2011-04-06 17:25:00,False
17907,1,291.76,2010-03-09 12:33:00,2010-03-09 12:33:00,False
17908,5,1411.54,2009-12-14 12:24:00,2010-12-01 11:45:00,True
17909,1,132.55,2009-12-02 13:10:00,2009-12-02 13:10:00,False
17910,1,261.7,2009-12-13 16:04:00,2009-12-13 16:04:00,False
17911,1,366.23,2011-11-30 14:52:00,2011-11-30 14:52:00,False
17912,6,375.5,2010-11-29 13:53:00,2011-02-02 14:25:00,True
17913,14,3479.64,2009-12-03 13:02:00,2011-10-12 10:45:00,True
17914,1,336.43,2011-12-06 11:58:00,2011-12-06 11:58:00,False
17915,1,242.13,2010-06-06 13:22:00,2010-06-06 13:22:00,False
17916,2,43.870000000000005,2009-12-06 14:10:00,2010-03-21 12:26:00,True
17917,3,341.28,2010-12-12 12:08:00,2011-10-25 13:20:00,True
17918,3,396.39,2010-07-22 14:20:00,2010-07-27 11:51:00,True
17919,2,1840.32,2010-09-27 10:40:00,2011-09-12 13:41:00,True
17920,54,24516.46,2009-12-06 10:37:00,2011-12-05 14:29:00,True
17921,10,2423.5,2010-07-15 20:05:00,2011-10-06 18:56:00,True
17922,1,170.4,2010-06-14 16:32:00,2010-06-14 16:32:00,False
17923,3,497.0,2010-06-13 13:58:00,2011-03-02 15:15:00,True
17924,8,3536.7000000000003,2010-10-21 12:17:00,2011-11-28 09:11:00,True
17925,1,488.16,2010-12-02 10:10:00,2010-12-02 10:10:00,False
17926,5,1035.49,2010-05-09 14:07:00,2011-07-29 14:39:00,True
17927,1,294.0,2009-12-18 11:03:00,2009-12-18 11:03:00,False
17928,3,341.24,2010-05-17 15:30:00,2011-10-25 13:52:00,True
17929,12,3082.1,2009-12-09 11:40:00,2011-11-28 16:01:00,True
17930,13,4275.22,2010-03-04 10:41:00,2011-11-04 10:23:00,True
17931,14,3437.29,2010-02-16 15:47:00,2011-07-28 18:33:00,True
17932,3,1331.57,2011-05-12 13:58:00,2011-11-10 19:49:00,True
17933,1,114.69,2010-03-17 15:11:00,2010-03-17 15:11:00,False
17934,3,1049.15,2010-10-29 12:23:00,2011-10-19 11:16:00,True
17935,7,686.14,2009-12-04 14:33:00,2011-07-24 13:18:00,True
17936,1,389.84,2011-12-04 13:32:00,2011-12-04 13:32:00,False
17937,7,4301.22,2010-12-12 14:43:00,2011-12-01 11:45:00,True
17938,1,144.29,2010-10-15 14:27:00,2010-10-15 14:27:00,False
17939,1,99.14,2011-07-03 12:27:00,2011-07-03 12:27:00,False
17940,16,30393.190000000002,2009-12-03 12:31:00,2011-10-21 13:27:00,True
17941,4,1433.28,2010-01-06 15:37:00,2011-08-01 08:30:00,True
17942,1,77.50000000000001,2011-12-02 10:45:00,2011-12-02 10:45:00,False
17944,1,75.41,2010-10-12 16:25:00,2010-10-12 16:25:00,False
17945,3,360.35,2010-01-12 11:33:00,2010-01-12 11:40:00,True
17946,2,149.57999999999998,2011-03-25 14:34:00,2011-04-20 17:00:00,True
17947,1,176.68,2011-11-02 13:05:00,2011-11-02 13:05:00,False
17948,1,358.56000000000006,2011-07-15 12:58:00,2011-07-15 12:58:00,False
17949,118,118628.08,2009-12-02 11:07:00,2011-12-08 18:46:00,True
17950,7,1432.81,2010-01-04 17:39:00,2011-09-28 15:18:00,True
17951,4,1636.08,2010-10-31 15:15:00,2011-10-31 12:30:00,True
17952,4,819.61,2010-06-16 11:54:00,2010-11-26 13:54:00,True
17953,1,160.82,2010-06-17 15:08:00,2010-06-17 15:08:00,False
17954,19,3966.05,2009-12-09 13:22:00,2011-12-04 14:15:00,True
17955,6,949.9,2010-02-12 16:27:00,2011-05-25 12:00:00,True
17956,1,12.75,2011-04-04 13:47:00,2011-04-04 13:47:00,False
17957,1,111.68,2011-10-04 14:58:00,2011-10-04 14:58:00,False
17958,2,973.8799999999999,2009-12-11 15:37:00,2011-08-15 12:19:00,True
17959,1,140.75,2010-04-26 14:12:00,2010-04-26 14:12:00,False
17960,3,135.08,2010-03-08 12:22:00,2011-06-21 14:15:00,True
17961,100,2995.54,2009-12-01 14:48:00,2011-11-18 16:55:00,True
17962,4,687.42,2010-01-13 15:24:00,2011-07-20 14:16:00,True
17963,4,651.51,2010-01-19 17:25:00,2010-08-25 15:58:00,True
17964,2,733.46,2010-12-02 13:32:00,2011-11-08 10:44:00,True
17965,29,7240.98,2009-12-14 13:19:00,2011-11-02 09:31:00,True
17966,10,1974.42,2010-01-18 13:24:00,2011-11-02 10:26:00,True
17967,2,357.28999999999996,2010-10-19 13:19:00,2010-12-03 11:19:00,True
17968,4,888.04,2010-07-15 15:01:00,2010-12-01 12:23:00,True
17969,20,2369.94,2009-12-06 13:53:00,2011-06-26 13:00:00,True
17970,1,582.59,2011-05-12 20:03:00,2011-05-12 20:03:00,False
17971,1,161.94,2010-06-09 14:04:00,2010-06-09 14:04:00,False
17972,1,136.04,2011-04-12 12:16:00,2011-04-12 12:16:00,False
17973,1,337.04,2011-10-19 10:34:00,2011-10-19 10:34:00,False
17974,6,1858.06,2010-10-28 20:03:00,2011-11-15 11:37:00,True
17975,24,7028.83,2010-08-06 11:24:00,2011-11-24 13:27:00,True
17976,1,706.38,2010-12-02 13:49:00,2010-12-02 13:49:00,False
17977,2,1565.63,2010-11-04 14:26:00,2011-11-10 13:28:00,True
17978,4,1461.7599999999998,2009-12-08 13:27:00,2010-12-09 14:05:00,True
17979,4,757.71,2011-03-25 11:34:00,2011-11-04 12:05:00,True
17980,4,1033.42,2010-11-11 14:42:00,2011-06-27 12:01:00,True
17981,1,239.12,2010-10-25 10:40:00,2010-10-25 10:40:00,False
17982,1,138.18,2010-01-28 09:38:00,2010-01-28 09:38:00,False
17983,1,171.71,2010-11-09 13:23:00,2010-11-09 13:23:00,False
17984,5,1191.27,2009-12-01 11:51:00,2011-07-17 15:59:00,True
17985,1,634.95,2011-11-17 14:24:00,2011-11-17 14:24:00,False
17986,1,20.8,2011-10-14 14:22:00,2011-10-14 14:22:00,False
17987,5,1003.64,2010-06-07 11:23:00,2011-06-07 14:22:00,True
17988,14,489.53999999999996,2009-12-07 13:35:00,2011-11-28 11:00:00,True
17989,1,228.82999999999998,2010-11-25 13:49:00,2010-11-25 13:49:00,False
17990,6,1527.6100000000001,2009-12-07 15:19:00,2011-04-17 11:44:00,True
17991,3,320.55,2010-04-27 12:46:00,2011-04-28 15:58:00,True
17992,1,254.13,2010-11-15 13:04:00,2010-11-15 13:04:00,False
17993,1,235.19,2010-04-01 14:23:00,2010-04-01 14:23:00,False
17994,11,2313.3199999999997,2010-03-29 10:37:00,2011-08-10 11:41:00,True
17995,3,495.48,2010-11-17 17:01:00,2011-03-03 12:30:00,True
17996,3,482.33000000000004,2010-06-11 11:48:00,2010-11-25 11:00:00,True
17997,8,1970.6699999999998,2011-06-28 17:28:00,2011-09-26 16:13:00,True
17998,3,639.24,2009-12-01 13:07:00,2010-11-24 15:31:00,True
17999,3,730.9,2010-11-26 13:16:00,2011-11-02 15:56:00,True
18000,1,124.25,2010-05-24 17:34:00,2010-05-24 17:34:00,False
18001,6,953.8399999999999,2009-12-02 15:38:00,2011-11-27 16:02:00,True
18002,4,249.92,2009-12-08 11:07:00,2010-11-29 10:57:00,True
18003,1,358.61,2010-11-28 15:09:00,2010-11-28 15:09:00,False
18004,1,169.47,2010-12-12 13:47:00,2010-12-12 13:47:00,False
18005,2,249.72,2011-10-23 14:40:00,2011-12-06 11:51:00,True
18006,4,997.8599999999999,2009-12-17 12:27:00,2011-11-16 16:52:00,True
18007,1,220.32,2010-11-12 11:08:00,2010-11-12 11:08:00,False
18008,23,19787.13,2010-01-06 12:35:00,2011-09-30 15:17:00,True
18009,8,2155.83,2010-02-25 11:49:00,2011-04-18 13:36:00,True
18010,1,174.8,2011-03-28 12:27:00,2011-03-28 12:27:00,False
18011,2,527.03,2010-05-21 13:28:00,2010-12-01 17:35:00,True
18012,1,115.3,2009-12-16 13:16:00,2009-12-16 13:16:00,False
18013,2,187.29000000000002,2011-07-07 14:08:00,2011-07-07 14:11:00,True
18014,1,166.42,2011-11-11 15:28:00,2011-11-11 15:28:00,False
18015,1,120.03,2011-12-05 14:49:00,2011-12-05 14:49:00,False
18016,7,1960.46,2010-01-27 16:00:00,2011-11-07 13:25:00,True
18017,4,688.0,2010-10-04 15:11:00,2011-09-19 16:15:00,True
18018,4,297.99,2010-10-15 11:05:00,2011-08-23 17:37:00,True
18019,1,38.45,2011-10-19 12:10:00,2011-10-19 12:10:00,False
18020,1,190.48000000000002,2010-06-14 12:31:00,2010-06-14 12:31:00,False
18021,2,227.06,2010-07-15 18:47:00,2010-07-18 10:52:00,True
18022,5,1651.79,2010-06-11 13:59:00,2011-11-04 12:45:00,True
18024,2,389.78,2011-07-10 12:28:00,2011-07-10 12:40:00,True
18025,6,1177.72,2010-03-30 17:33:00,2010-11-25 12:37:00,True
18026,2,2074.07,2010-07-22 16:21:00,2010-07-27 10:37:00,True
18027,1,115.31,2011-09-02 10:38:00,2011-09-02 10:38:00,False
18028,1,192.05,2010-05-05 13:28:00,2010-05-05 13:28:00,False
18029,1,433.77,2010-03-07 15:30:00,2010-03-07 15:30:00,False
18030,2,230.64999999999998,2011-10-28 13:55:00,2011-12-05 16:37:00,True
18031,1,462.09999999999997,2010-11-26 11:00:00,2010-11-26 11:00:00,False
18032,1,73.5,2011-01-09 15:32:00,2011-01-09 15:32:00,False
18033,1,97.97,2011-10-05 17:28:00,2011-10-05 17:28:00,False
18034,3,793.7,2010-11-29 12:36:00,2011-11-18 12:22:00,True
18035,5,1276.74,2010-11-19 13:42:00,2011-11-04 12:39:00,True
18036,11,1563.6399999999999,2009-12-18 12:04:00,2011-11-07 14:40:00,True
18037,15,167.42,2009-12-01 13:48:00,2011-07-08 13:39:00,True
18038,1,149.41,2010-06-01 15:59:00,2010-06-01 15:59:00,False
18039,4,579.17,2010-03-09 11:19:00,2010-11-30 13:07:00,True
18040,2,357.2,2011-04-08 08:27:00,2011-11-20 14:20:00,True
18041,38,8752.38,2010-01-14 10:04:00,2011-11-28 11:39:00,True
18042,2,281.15,2010-06-16 10:53:00,2011-10-17 11:49:00,True
18043,3,875.9699999999999,2010-12-08 12:35:00,2011-11-15 12:48:00,True
18044,18,3505.61,2010-05-28 15:31:00,2011-12-05 14:26:00,True
18045,1,189.4,2011-10-25 13:07:00,2011-10-25 13:07:00,False
18046,1,189.63,2010-02-28 11:36:00,2010-02-28 11:36:00,False
18047,2,342.69,2010-11-23 12:57:00,2010-11-23 13:11:00,True
18048,3,401.73,2010-08-03 13:03:00,2011-05-20 14:58:00,True
18049,2,556.52,2010-04-28 13:24:00,2010-09-28 14:26:00,True
18050,2,412.06000000000006,2010-11-11 15:51:00,2010-12-15 14:25:00,True
18051,7,2282.2799999999997,2009-12-09 12:17:00,2010-03-15 13:58:00,True
18052,1,10877.18,2010-05-24 11:11:00,2010-05-24 11:11:00,False
18053,3,571.0699999999999,2010-06-30 12:36:00,2011-09-30 09:05:00,True
18054,1,176.5,2010-11-12 08:18:00,2010-11-12 08:18:00,False
18055,14,11195.57,2010-10-22 13:27:00,2011-12-02 14:25:00,True
18056,2,554.5999999999999,2010-03-31 12:29:00,2011-02-24 14:27:00,True
18057,3,1203.56,2010-01-18 12:42:00,2010-11-11 16:55:00,True
18058,3,774.06,2010-02-10 09:38:00,2011-11-30 08:38:00,True
18059,3,306.46,2011-10-03 09:30:00,2011-11-16 16:49:00,True
18060,2,1185.46,2010-05-24 08:34:00,2010-10-27 16:41:00,True
18061,28,6488.97,2009-12-04 11:36:00,2011-11-18 11:20:00,True
18062,6,1632.67,2010-04-21 08:55:00,2011-06-19 14:47:00,True
18063,2,186.60000000000002,2010-03-16 13:05:00,2010-11-14 10:46:00,True
18064,11,4495.03,2010-02-01 15:01:00,2011-07-29 16:39:00,True
18065,29,5866.63,2009-12-09 16:00:00,2011-12-04 10:30:00,True
18066,3,1440.4,2010-10-20 11:42:00,2011-09-25 15:30:00,True
18067,1,396.33,2011-10-30 15:58:00,2011-10-30 15:58:00,False
18068,1,101.69999999999999,2011-02-23 14:50:00,2011-02-23 14:50:00,False
18069,11,4540.56,2010-02-28 16:14:00,2011-11-13 16:03:00,True
18070,1,314.1,2010-02-08 13:28:00,2010-02-08 13:28:00,False
18071,6,1428.63,2009-12-05 10:31:00,2011-03-27 11:59:00,True
18072,1,247.44,2011-06-07 10:44:00,2011-06-07 10:44:00,False
18073,12,3877.5200000000004,2011-05-26 19:38:00,2011-08-17 14:02:00,True
18074,2,1509.04,2010-07-22 10:31:00,2010-12-01 09:53:00,True
18075,20,5783.29,2010-07-29 11:47:00,2011-11-16 15:21:00,True
18076,1,151.49,2010-11-24 14:02:00,2010-11-24 14:02:00,False
18077,18,4338.56,2009-12-07 11:40:00,2011-12-01 13:32:00,True
18078,4,844.6,2010-03-21 15:50:00,2011-05-06 14:32:00,True
18079,5,4242.75,2010-08-05 12:19:00,2011-10-25 15:27:00,True
18080,2,1231.5,2011-04-11 10:10:00,2011-11-21 08:02:00,True
18081,3,343.45000000000005,2011-07-29 11:56:00,2011-11-03 16:30:00,True
18082,1,703.37,2011-11-14 12:45:00,2011-11-14 12:45:00,False
18083,1,470.72999999999996,2010-11-07 11:44:00,2010-11-07 11:44:00,False
18084,3,812.9300000000001,2010-11-16 08:09:00,2011-11-23 13:57:00,True
18085,4,1645.75,2010-03-21 11:57:00,2011-01-13 15:17:00,True
18086,1,101.34,2011-03-10 13:34:00,2011-03-10 13:34:00,False
18087,17,14761.52,2009-12-01 09:43:00,2011-09-02 15:12:00,True
18088,1,167.67000000000002,2011-10-09 13:41:00,2011-10-09 13:41:00,False
18089,1,428.45,2010-09-19 11:57:00,2010-09-19 11:57:00,False
18090,1,349.4,2010-10-14 12:32:00,2010-10-14 12:32:00,False
18091,1,360.85,2010-04-25 13:18:00,2010-04-25 13:18:00,False
18092,18,16179.44,2009-12-04 12:37:00,2011-12-07 13:14:00,True
18093,8,4452.71,2010-03-31 10:27:00,2011-09-07 15:43:00,True
18094,13,6391.5199999999995,2010-01-07 11:16:00,2011-09-19 09:28:00,True
18095,5,2303.09,2010-04-19 14:09:00,2011-01-31 12:50:00,True
18096,6,1805.28,2010-07-14 14:30:00,2011-11-28 12:44:00,True
18097,11,4663.32,2009-12-17 11:06:00,2011-12-02 11:16:00,True
18098,1,550.84,2010-11-08 16:31:00,2010-11-08 16:31:00,False
18099,1,168.31,2011-08-04 15:52:00,2011-08-04 15:52:00,False
18100,1,451.56,2010-06-07 14:19:00,2010-06-07 14:19:00,False
18101,5,629.16,2010-02-03 13:52:00,2011-11-28 13:37:00,True
18102,145,608821.65,2009-12-01 09:24:00,2011-12-09 11:50:00,True
18103,1,105.8,2010-06-08 13:36:00,2010-06-08 13:36:00,False
18104,1,754.64,2011-11-02 14:07:00,2011-11-02 14:07:00,False
18105,1,113.48000000000002,2011-11-02 12:04:00,2011-11-02 12:04:00,False
18106,6,1461.46,2010-01-15 11:36:00,2011-01-14 12:23:00,True
18107,1,167.13,2010-09-23 13:03:00,2010-09-23 13:03:00,False
18108,3,848.81,2009-12-02 12:47:00,2011-03-30 13:56:00,True
18109,38,9893.96,2010-07-01 12:13:00,2011-12-08 11:36:00,True
18110,2,435.43,2010-10-24 14:21:00,2011-11-20 12:34:00,True
18111,1,405.85,2010-04-29 12:58:00,2010-04-29 12:58:00,False
18112,4,775.96,2010-06-06 12:40:00,2011-11-27 14:43:00,True
18113,1,152.64000000000001,2010-12-06 12:31:00,2010-12-06 12:31:00,False
18114,1,220.1,2011-02-22 13:20:00,2011-02-22 13:20:00,False
18115,1,9.700000000000001,2010-01-11 11:57:00,2010-01-11 11:57:00,False
18116,13,2154.3,2010-10-24 15:29:00,2011-10-03 11:00:00,True
18117,1,320.72,2011-11-14 12:47:00,2011-11-14 12:47:00,False
18118,29,6733.22,2010-11-23 13:36:00,2011-11-29 11:32:00,True
18119,1,362.24,2010-12-07 11:59:00,2010-12-07 11:59:00,False
18120,1,111.15,2011-05-09 13:45:00,2011-05-09 13:45:00,False
18121,2,673.1,2011-07-08 12:14:00,2011-07-13 12:53:00,True
18122,6,1826.21,2011-07-12 11:37:00,2011-12-01 13:08:00,True
18123,3,684.5899999999999,2010-07-14 12:47:00,2011-11-15 14:23:00,True
18124,1,111.53,2010-08-24 17:21:00,2010-08-24 17:21:00,False
18125,4,1142.99,2011-01-27 15:02:00,2011-11-10 12:29:00,True
18126,1,206.82999999999998,2011-10-10 12:19:00,2011-10-10 12:19:00,False
18127,4,561.53,2010-11-01 13:56:00,2011-11-20 14:05:00,True
18128,1,420.04,2010-06-20 13:19:00,2010-06-20 13:19:00,False
18129,1,112.55000000000001,2011-04-10 14:16:00,2011-04-10 14:16:00,False
18130,3,1059.3899999999999,2011-10-13 15:58:00,2011-11-24 14:40:00,True
18131,1,222.95999999999998,2010-03-18 08:48:00,2010-03-18 08:48:00,False
18132,1,226.9,2010-07-23 16:54:00,2010-07-23 16:54:00,False
18133,1,931.4999999999999,2011-05-11 14:14:00,2011-05-11 14:14:00,False
18134,2,445.0,2010-01-14 11:59:00,2010-04-20 14:02:00,True
18135,10,1249.6200000000001,2010-03-15 13:55:00,2011-11-10 19:32:00,True
18136,5,1631.3600000000001,2010-09-14 15:50:00,2011-10-07 15:40:00,True
18137,2,145.99,2010-06-06 13:45:00,2010-06-06 14:18:00,True
18138,1,152.65,2011-02-17 14:51:00,2011-02-17 14:51:00,False
18139,6,8438.34,2011-11-21 14:06:00,2011-11-22 10:44:00,True
18140,1,536.41,2010-08-23 11:58:00,2010-08-23 11:58:00,False
18141,2,882.47,2010-04-29 15:32:00,2010-11-03 11:44:00,True
18142,2,1019.52,2011-05-08 12:31:00,2011-07-05 13:19:00,True
18143,2,1000.1600000000001,2011-07-21 10:44:00,2011-08-15 12:07:00,True
18144,19,5058.0,2009-12-16 15:57:00,2011-12-02 12:46:00,True
18145,11,5617.79,2009-12-08 12:30:00,2011-11-27 11:22:00,True
18146,2,160.35000000000002,2011-05-03 16:35:00,2011-07-22 12:08:00,True
18147,2,179.33999999999997,2011-08-23 12:22:00,2011-10-25 11:46:00,True
18148,1,114.10000000000001,2010-03-03 11:40:00,2010-03-03 11:40:00,False
18149,7,1624.71,2010-03-14 12:41:00,2011-10-20 12:04:00,True
18150,3,566.58,2011-05-22 10:47:00,2011-11-07 16:49:00,True
18151,6,1879.44,2010-03-04 10:47:00,2011-07-28 11:35:00,True
18152,1,426.69,2010-03-03 15:26:00,2010-03-03 15:26:00,False
18153,1,246.22,2010-02-18 15:50:00,2010-02-18 15:50:00,False
18154,5,932.5999999999999,2010-08-06 09:18:00,2011-12-06 16:41:00,True
18155,3,371.62,2011-02-21 10:36:00,2011-09-25 13:32:00,True
18156,2,941.1700000000001,2010-12-05 12:29:00,2011-11-27 12:24:00,True
18157,1,215.35,2010-05-17 14:09:00,2010-05-17 14:09:00,False
18158,2,453.4,2011-09-12 09:03:00,2011-11-30 16:19:00,True
18159,1,530.15,2011-02-11 14:26:00,2011-02-11 14:26:00,False
18160,3,1003.88,2010-11-18 16:33:00,2011-10-13 15:50:00,True
18161,6,1803.1,2010-11-25 15:55:00,2011-11-24 16:40:00,True
18162,1,379.16,2009-12-07 13:24:00,2009-12-07 13:24:00,False
18163,1,728.84,2010-05-04 14:51:00,2010-05-04 14:51:00,False
18164,1,399.65000000000003,2011-11-02 12:56:00,2011-11-02 12:56:00,False
18165,1,302.46000000000004,2011-06-15 13:23:00,2011-06-15 13:23:00,False
18166,1,175.5,2010-03-26 12:26:00,2010-03-26 12:26:00,False
18167,3,1384.8600000000001,2011-08-26 11:40:00,2011-11-16 15:56:00,True
18168,16,3770.27,2009-12-03 17:29:00,2011-06-16 19:21:00,True
18169,1,202.65,2011-10-10 12:18:00,2011-10-10 12:18:00,False
18170,9,2878.0,2010-01-08 14:10:00,2011-11-06 14:35:00,True
18171,9,2437.31,2010-01-05 10:46:00,2011-10-12 09:13:00,True
18172,52,17479.84,2009-12-11 09:58:00,2011-11-25 11:12:00,True
18173,5,2696.36,2010-04-06 10:43:00,2011-09-14 11:26:00,True
18174,2,162.5,2010-04-15 12:17:00,2011-12-02 16:56:00,True
18175,1,176.1,2010-02-02 10:25:00,2010-02-02 10:25:00,False
18176,1,476.35,2010-12-16 15:45:00,2010-12-16 15:45:00,False
18177,9,2216.87,2009-12-15 18:57:00,2011-11-08 14:44:00,True
18178,11,6103.740000000001,2010-02-18 14:25:00,2011-08-03 09:30:00,True
18179,8,2547.55,2010-02-14 15:51:00,2011-11-30 16:23:00,True
18180,6,1843.75,2011-07-20 08:59:00,2011-12-05 08:39:00,True
18181,5,1205.94,2009-12-04 15:30:00,2011-11-15 15:08:00,True
18182,1,291.13,2010-09-02 14:25:00,2010-09-02 14:25:00,False
18183,2,632.07,2011-03-10 10:08:00,2011-04-26 15:26:00,True
18184,1,49.8,2011-11-24 15:28:00,2011-11-24 15:28:00,False
18185,1,304.25,2011-04-04 13:42:00,2011-04-04 13:42:00,False
18186,1,329.58,2009-12-17 10:22:00,2009-12-17 10:22:00,False
18187,1,724.89,2010-03-18 09:49:00,2010-03-18 09:49:00,False
18188,6,3280.59,2010-03-26 11:37:00,2011-11-24 16:46:00,True
18189,3,1403.73,2010-03-24 09:57:00,2011-09-23 12:40:00,True
18190,5,745.62,2009-12-22 12:05:00,2011-05-31 14:48:00,True
18191,2,529.4,2010-08-19 17:42:00,2011-03-23 12:08:00,True
18192,1,957.97,2011-09-29 09:53:00,2011-09-29 09:53:00,False
18193,3,1207.35,2010-09-23 13:33:00,2011-06-27 13:58:00,True
18194,6,4162.04,2010-01-28 15:30:00,2011-09-18 13:29:00,True
18195,1,101.16,2010-11-17 15:03:00,2010-11-17 15:03:00,False
18196,4,1464.31,2010-03-17 14:55:00,2011-09-05 16:22:00,True
18197,1,230.1,2010-05-13 10:46:00,2010-05-13 10:46:00,False
18198,17,5425.56,2011-01-07 13:39:00,2011-12-05 14:49:00,True
18199,1,344.75,2010-01-25 11:32:00,2010-01-25 11:32:00,False
18200,1,163.8,2011-08-25 18:45:00,2011-08-25 18:45:00,False
18201,1,447.53000000000003,2009-12-17 08:55:00,2009-12-17 08:55:00,False
18202,3,1396.99,2011-02-01 13:36:00,2011-05-24 12:12:00,True
18203,4,504.42,2009-12-08 13:19:00,2011-07-05 13:07:00,True
18204,3,1993.6999999999998,2011-05-31 15:26:00,2011-09-29 16:44:00,True
18205,2,517.36,2011-09-26 12:02:00,2011-11-03 13:22:00,True
18206,1,314.65999999999997,2010-06-04 13:47:00,2010-06-04 13:47:00,False
18207,1,544.47,2010-07-28 14:26:00,2010-07-28 14:26:00,False
18208,1,360.08,2010-05-23 11:54:00,2010-05-23 11:54:00,False
18209,1,139.10000000000002,2011-11-11 12:07:00,2011-11-11 12:07:00,False
18210,7,2768.83,2010-11-22 09:39:00,2011-12-08 11:02:00,True
18211,5,600.07,2011-03-06 12:09:00,2011-11-14 08:10:00,True
18212,2,546.72,2010-01-31 14:42:00,2011-01-17 16:14:00,True
18213,1,232.48000000000002,2011-04-17 10:21:00,2011-04-17 10:21:00,False
18214,4,1780.34,2010-06-03 19:47:00,2010-06-27 11:21:00,True
18215,5,2247.4900000000002,2010-03-26 13:03:00,2011-09-11 16:05:00,True
18216,1,481.75,2011-11-08 16:55:00,2011-11-08 16:55:00,False
18217,4,945.0400000000001,2010-07-01 15:39:00,2011-11-10 13:18:00,True
18218,4,1142.0,2010-02-17 15:11:00,2011-05-12 12:53:00,True
18219,17,3562.8900000000003,2009-12-07 13:17:00,2011-12-07 11:43:00,True
18220,6,1921.76,2009-12-15 11:42:00,2011-04-27 09:03:00,True
18221,6,1424.94,2010-11-14 15:46:00,2011-11-17 14:40:00,True
18222,1,443.0,2011-09-08 10:45:00,2011-09-08 10:45:00,False
18223,26,14000.85,2009-12-04 12:20:00,2011-12-05 09:11:00,True
18224,1,158.95000000000002,2011-03-21 10:30:00,2011-03-21 10:30:00,False
18225,26,13054.26,2009-12-04 16:52:00,2011-12-06 13:27:00,True
18226,26,11878.88,2010-03-05 10:05:00,2011-10-26 13:36:00,True
18227,2,388.75,2010-08-12 16:45:00,2011-05-06 12:23:00,True
18228,2,779.9,2011-09-21 10:48:00,2011-10-14 09:21:00,True
18229,28,10803.71,2009-12-03 14:42:00,2011-11-28 09:48:00,True
18230,9,4291.06,2010-07-02 10:01:00,2011-11-30 13:22:00,True
18231,28,6880.97,2010-01-10 12:13:00,2011-05-31 14:18:00,True
18232,4,592.97,2011-05-26 16:30:00,2011-09-19 11:49:00,True
18233,1,440.0,2011-01-18 08:44:00,2011-01-18 08:44:00,False
18234,1,179.6,2010-06-06 11:22:00,2010-06-06 11:22:00,False
18235,3,1796.48,2011-05-06 13:35:00,2011-09-29 08:27:00,True
18236,12,1795.3500000000001,2010-04-15 13:39:00,2011-11-10 08:06:00,True
18237,5,987.0999999999999,2011-07-28 13:05:00,2011-12-07 12:49:00,True
18238,1,270.92,2010-07-12 12:51:00,2010-07-12 12:51:00,False
18239,6,2150.36,2010-10-13 10:11:00,2011-05-05 12:38:00,True
18240,1,422.58,2011-10-24 13:06:00,2011-10-24 13:06:00,False
18241,21,2986.9900000000002,2010-04-01 11:55:00,2011-11-30 12:10:00,True
18242,8,3605.21,2010-01-11 08:49:00,2011-09-28 13:43:00,True
18243,1,515.78,2010-10-21 14:29:00,2010-10-21 14:29:00,False
18244,2,568.64,2010-07-25 10:30:00,2010-10-05 11:15:00,True
18245,20,6324.9800000000005,2010-03-08 15:26:00,2011-12-02 14:48:00,True
18246,3,758.8199999999999,2010-04-09 10:19:00,2011-11-16 11:49:00,True
18247,3,839.73,2010-03-18 15:52:00,2010-10-21 09:49:00,True
18248,2,804.02,2011-06-06 13:18:00,2011-08-09 10:19:00,True
18249,1,95.34,2011-11-22 15:07:00,2011-11-22 15:07:00,False
18250,1,349.27,2011-02-02 13:16:00,2011-02-02 13:16:00,False
18251,9,26278.86,2009-12-22 12:01:00,2011-09-13 15:03:00,True
18252,7,1542.09,2009-12-18 16:13:00,2011-10-20 12:43:00,True
18253,1,317.88,2010-03-07 12:38:00,2010-03-07 12:38:00,False
18254,1,267.9,2010-05-07 14:37:00,2010-05-07 14:37:00,False
18255,2,303.15,2010-09-09 16:31:00,2011-09-11 13:16:00,True
18256,1,110.7,2010-11-17 08:53:00,2010-11-17 08:53:00,False
18257,12,4600.15,2010-02-18 16:20:00,2011-10-31 14:48:00,True
18258,6,2059.67,2010-05-16 11:35:00,2010-09-01 14:20:00,True
18259,7,4318.200000000001,2009-12-08 08:38:00,2011-11-15 12:34:00,True
18260,23,9962.11,2009-12-15 13:50:00,2011-06-20 12:37:00,True
18261,2,324.24,2011-09-05 09:34:00,2011-10-27 15:36:00,True
18262,3,577.54,2010-04-16 09:05:00,2011-07-22 16:04:00,True
18263,3,1213.1599999999999,2011-04-01 11:48:00,2011-11-14 09:00:00,True
18264,1,603.25,2010-07-29 10:02:00,2010-07-29 10:02:00,False
18265,2,801.51,2011-07-04 15:26:00,2011-09-28 14:10:00,True
18266,1,251.1,2010-10-01 15:33:00,2010-10-01 15:33:00,False
18267,1,269.37,2010-02-05 08:43:00,2010-02-05 08:43:00,False
18268,6,1490.23,2009-12-11 10:27:00,2011-07-28 19:13:00,True
18269,1,337.2,2010-12-08 13:53:00,2010-12-08 13:53:00,False
18270,3,444.55,2010-10-03 10:49:00,2011-11-01 13:57:00,True
18271,2,680.85,2009-12-08 11:27:00,2010-04-09 09:26:00,True
18272,9,4385.98,2010-03-04 12:53:00,2011-12-07 12:43:00,True
18273,4,357.0,2010-04-28 12:24:00,2011-12-07 13:16:00,True
18274,1,175.92,2011-11-09 17:03:00,2011-11-09 17:03:00,False
18275,2,741.85,2009-12-08 16:23:00,2010-05-10 15:46:00,True
18276,6,1656.52,2009-12-10 17:14:00,2011-10-27 10:54:00,True
18277,5,1180.05,2010-08-02 10:26:00,2011-10-12 15:22:00,True
18278,2,414.20000000000005,2010-10-31 12:13:00,2011-09-27 11:58:00,True
18279,1,231.33999999999997,2010-07-08 14:48:00,2010-07-08 14:48:00,False
18280,2,488.15000000000003,2010-11-10 15:51:00,2011-03-07 09:52:00,True
18281,2,201.14,2010-05-11 10:49:00,2011-06-12 10:53:00,True
18282,2,178.05,2011-08-05 13:35:00,2011-12-02 11:43:00,True
18283,22,2736.65,2010-02-19 17:16:00,2011-12-06 12:02:00,True
18284,1,461.68,2010-10-04 11:33:00,2010-10-04 11:33:00,False
18285,1,427.0,2010-02-17 10:24:00,2010-02-17 10:24:00,False
18286,2,1296.43,2009-12-16 10:45:00,2010-08-20 11:57:00,True
18287,7,4182.99,2010-05-17 11:55:00,2011-10-28 09:29:00,True
